,freqs,delta
0,75000000000.0,1.619920612082724
1,75025000000.0,1.6199197008398272
2,75050000000.0,1.6199178781797674
3,75075000000.0,1.6199151443757707
4,75100000000.0,1.6199114991953412
5,75125000000.0,1.619906942702992
6,75150000000.0,1.6199014749267728
7,75175000000.0,1.6198950958871778
8,75200000000.0,1.6198878053980874
9,75225000000.0,1.6198796036605148
10,75250000000.0,1.6198704904329493
11,75275000000.0,1.6198604659251914
12,75300000000.0,1.6198495301008264
13,75325000000.0,1.6198376826840064
14,75350000000.0,1.6198249239142184
15,75375000000.0,1.6198112536776956
16,75400000000.0,1.6197966719761352
17,75425000000.0,1.619781178790417
18,75450000000.0,1.6197647739375427
19,75475000000.0,1.619747457631415
20,75500000000.0,1.6197292296445653
21,75525000000.0,1.6197100901225026
22,75550000000.0,1.619690038827368
23,75575000000.0,1.6196690759202164
24,75600000000.0,1.6196472011629883
25,75625000000.0,1.6196244147490249
26,75650000000.0,1.6196007164355137
27,75675000000.0,1.6195761063246061
28,75700000000.0,1.6195505842793234
29,75725000000.0,1.6195241502653432
30,75750000000.0,1.6194968041687239
31,75775000000.0,1.6194685460440426
32,75800000000.0,1.6194393758694878
33,75825000000.0,1.6194092936021454
34,75850000000.0,1.6193782990352057
35,75875000000.0,1.6193463922721423
36,75900000000.0,1.619313573115767
37,75925000000.0,1.6192798416121814
38,75950000000.0,1.6192451976792404
39,75975000000.0,1.619209641183236
40,76000000000.0,1.6191731722637521
41,76025000000.0,1.6191357905402983
42,76050000000.0,1.6190974962460998
43,76075000000.0,1.6190582891794536
44,76100000000.0,1.6190181691964691
45,76125000000.0,1.61897713634917
46,76150000000.0,1.6189351905420015
47,76175000000.0,1.618892331638363
48,76200000000.0,1.6188485595989592
49,76225000000.0,1.6188038744198192
50,76250000000.0,1.6187582759446915
51,76275000000.0,1.6187117639987996
52,76300000000.0,1.6186643387518034
53,76325000000.0,1.6186159998801473
54,76350000000.0,1.618566747356384
55,76375000000.0,1.6185165811602478
56,76400000000.0,1.6184655012524563
57,76425000000.0,1.6184135074066466
58,76450000000.0,1.61836059955319
59,76475000000.0,1.6183067776119124
60,76500000000.0,1.6182520416095394
61,76525000000.0,1.6181963913166082
62,76550000000.0,1.6181398266680187
63,76575000000.0,1.6180823475643011
64,76600000000.0,1.6180239538212549
65,76625000000.0,1.6179646455370478
66,76650000000.0,1.6179044224563364
67,76675000000.0,1.6178432844804451
68,76700000000.0,1.6177812315401752
69,76725000000.0,1.617718263622022
70,76750000000.0,1.6176543803941925
71,76775000000.0,1.6175895819247805
72,76800000000.0,1.6175238681271027
73,76825000000.0,1.6174572386782227
74,76850000000.0,1.617389693631484
75,76875000000.0,1.6173212328510658
76,76900000000.0,1.6172518562362141
77,76925000000.0,1.6171815636039069
78,76950000000.0,1.6171103548287613
79,76975000000.0,1.6170382298882684
80,77000000000.0,1.6169651885308172
81,77025000000.0,1.6168912307788494
82,77050000000.0,1.6168163563766065
83,77075000000.0,1.6167405652608393
84,77100000000.0,1.616663857266597
85,77125000000.0,1.6165862323037585
86,77150000000.0,1.6165076902833666
87,77175000000.0,1.6164282308977698
88,77200000000.0,1.6163478541560363
89,77225000000.0,1.616266559935064
90,77250000000.0,1.6161843480414428
91,77275000000.0,1.61610121840817
92,77300000000.0,1.6160171708201705
93,77325000000.0,1.6159322051122373
94,77350000000.0,1.6158463212229541
95,77375000000.0,1.6157595190151763
96,77400000000.0,1.6156717982983322
97,77425000000.0,1.615583158903807
98,77450000000.0,1.615493600714706
99,77475000000.0,1.6154031236821824
100,77500000000.0,1.6153117274707116
101,77525000000.0,1.6152194120420156
102,77550000000.0,1.6151261772321819
103,77575000000.0,1.6150320228646147
104,77600000000.0,1.6149369488959662
105,77625000000.0,1.6148409550445266
106,77650000000.0,1.6147440411945915
107,77675000000.0,1.6146462071299852
108,77700000000.0,1.6145474527954686
109,77725000000.0,1.6144477779880728
110,77750000000.0,1.6143471824817104
111,77775000000.0,1.6142456662791236
112,77800000000.0,1.6141432290287687
113,77825000000.0,1.6140398707799624
114,77850000000.0,1.6139355910836817
115,77875000000.0,1.613830390069261
116,77900000000.0,1.6137242673968553
117,77925000000.0,1.6136172229384724
118,77950000000.0,1.6135092564905984
119,77975000000.0,1.6134003679720306
120,78000000000.0,1.6132905571266045
121,78025000000.0,1.6131798238345507
122,78050000000.0,1.613068167898839
123,78075000000.0,1.612955589158996
124,78100000000.0,1.6128420873691276
125,78125000000.0,1.6127276624497033
126,78150000000.0,1.6126123142453423
127,78175000000.0,1.6124960424596724
128,78200000000.0,1.6123788470970923
129,78225000000.0,1.6122607276599994
130,78250000000.0,1.6121416843035883
131,78275000000.0,1.6120217166953772
132,78300000000.0,1.6119008246869388
133,78325000000.0,1.61177900809961
134,78350000000.0,1.6116562666300478
135,78375000000.0,1.6115326002437533
136,78400000000.0,1.611408008680372
137,78425000000.0,1.6112824917809665
138,78450000000.0,1.6111560494039336
139,78475000000.0,1.611028681326612
140,78500000000.0,1.6109003873193264
141,78525000000.0,1.6107711671868352
142,78550000000.0,1.6106410208454942
143,78575000000.0,1.6105099479509577
144,78600000000.0,1.6103779484517526
145,78625000000.0,1.6102450220995754
146,78650000000.0,1.6101111687118568
147,78675000000.0,1.609976387962897
148,78700000000.0,1.6098406799180898
149,78725000000.0,1.6097040441644594
150,78750000000.0,1.6095664806795553
151,78775000000.0,1.6094279891417274
152,78800000000.0,1.6092885693226695
153,78825000000.0,1.6091482211498869
154,78850000000.0,1.6090069443394888
155,78875000000.0,1.6088647387033468
156,78900000000.0,1.6087216040853847
157,78925000000.0,1.6085775401834774
158,78950000000.0,1.6084325469954683
159,78975000000.0,1.6082866242105958
160,79000000000.0,1.6081397715480028
161,79025000000.0,1.6079919888004794
162,79050000000.0,1.6078432759380457
163,79075000000.0,1.6076936326945674
164,79100000000.0,1.6075430587467485
165,79125000000.0,1.6073915540592696
166,79150000000.0,1.6072391183064358
167,79175000000.0,1.6070857513229535
168,79200000000.0,1.6069314529350218
169,79225000000.0,1.6067762228865847
170,79250000000.0,1.6066200609757215
171,79275000000.0,1.6064629670580601
172,79300000000.0,1.606304940926451
173,79325000000.0,1.6061459822432658
174,79350000000.0,1.6059860909576014
175,79375000000.0,1.6058252667635946
176,79400000000.0,1.6056635095397
177,79425000000.0,1.6055008189434858
178,79450000000.0,1.6053371949602389
179,79475000000.0,1.6051726372882733
180,79500000000.0,1.6050071456187216
181,79525000000.0,1.6048407198905734
182,79550000000.0,1.604673359778014
183,79575000000.0,1.6045050651916974
184,79600000000.0,1.6043358358664044
185,79625000000.0,1.604165671632944
186,79650000000.0,1.603994572191283
187,79675000000.0,1.6038225373301556
188,79700000000.0,1.6036495670448885
189,79725000000.0,1.6034756609349667
190,79750000000.0,1.603300818771279
191,79775000000.0,1.6031250404137178
192,79800000000.0,1.602948325728763
193,79825000000.0,1.6027706744322923
194,79850000000.0,1.6025920862833638
195,79875000000.0,1.6024125611029802
196,79900000000.0,1.6022320987151595
197,79925000000.0,1.6020506988420962
198,79950000000.0,1.6018683613700657
199,79975000000.0,1.6016850860233638
200,80000000000.0,1.6015008725690534
201,80025000000.0,1.6013157209157962
202,80050000000.0,1.6011296307444753
203,80075000000.0,1.6009426018546495
204,80100000000.0,1.6007546340968628
205,80125000000.0,1.6005657273560916
206,80150000000.0,1.6003758811337174
207,80175000000.0,1.600185095516472
208,80200000000.0,1.5999933700648379
209,80225000000.0,1.5998007047878016
210,80250000000.0,1.599607099363092
211,80275000000.0,1.599412553663234
212,80300000000.0,1.5992170673531194
213,80325000000.0,1.5990206403079448
214,80350000000.0,1.5988232723485523
215,80375000000.0,1.5986249633107874
216,80400000000.0,1.5984257128161932
217,80425000000.0,1.5982255208197318
218,80450000000.0,1.598024387087792
219,80475000000.0,1.5978223114550831
220,80500000000.0,1.5976192936101055
221,80525000000.0,1.5974153334177363
222,80550000000.0,1.5972104307049455
223,80575000000.0,1.5970045853208967
224,80600000000.0,1.5967977968770624
225,80625000000.0,1.5965900653452099
226,80650000000.0,1.5963813904990671
227,80675000000.0,1.5961717721609099
228,80700000000.0,1.5959612099925118
229,80725000000.0,1.5957497039987578
230,80750000000.0,1.5955372538993717
231,80775000000.0,1.5953238595066042
232,80800000000.0,1.5951095205240138
233,80825000000.0,1.5948942369772394
234,80850000000.0,1.5946780085057681
235,80875000000.0,1.594460835010834
236,80900000000.0,1.594242716235661
237,80925000000.0,1.5940236520053233
238,80950000000.0,1.5938036421622923
239,80975000000.0,1.5935826865221097
240,81000000000.0,1.5933607849360059
241,81025000000.0,1.593137937129782
242,81050000000.0,1.5929141429123748
243,81075000000.0,1.592689402268831
244,81100000000.0,1.5924637149059349
245,81125000000.0,1.5922370805990531
246,81150000000.0,1.5920094992290363
247,81175000000.0,1.5917809706002575
248,81200000000.0,1.5915514945917677
249,81225000000.0,1.591321070925299
250,81250000000.0,1.5910896995300672
251,81275000000.0,1.590857380194429
252,81300000000.0,1.5906241127407257
253,81325000000.0,1.590389896959396
254,81350000000.0,1.5901547328382393
255,81375000000.0,1.58991861996591
256,81400000000.0,1.5896815584099913
257,81425000000.0,1.5894435478605917
258,81450000000.0,1.5892045882033108
259,81475000000.0,1.5889646793425791
260,81500000000.0,1.5887238210555763
261,81525000000.0,1.5884820131057464
262,81550000000.0,1.5882392554926803
263,81575000000.0,1.5879955479633476
264,81600000000.0,1.5877508903475162
265,81625000000.0,1.5875052825801321
266,81650000000.0,1.587258724474168
267,81675000000.0,1.5870112158256
268,81700000000.0,1.5867627565258347
269,81725000000.0,1.586513346459332
270,81750000000.0,1.5862629854766015
271,81775000000.0,1.586011673377152
272,81800000000.0,1.5857594101270633
273,81825000000.0,1.585506195454904
274,81850000000.0,1.5852520293421515
275,81875000000.0,1.5849969115761875
276,81900000000.0,1.5847408420577418
277,81925000000.0,1.584483820648386
278,81950000000.0,1.5842258472438981
279,81975000000.0,1.5839669217705283
280,82000000000.0,1.5837070439244156
281,82025000000.0,1.5834462137471612
282,82050000000.0,1.5831844310063041
283,82075000000.0,1.5829216956480607
284,82100000000.0,1.582658007603629
285,82125000000.0,1.5823933666619732
286,82150000000.0,1.5821277726982252
287,82175000000.0,1.5818612257492877
288,82200000000.0,1.5815937255964005
289,82225000000.0,1.5813252720772693
290,82250000000.0,1.581055865128067
291,82275000000.0,1.5807855047486914
292,82300000000.0,1.5805141908409697
293,82325000000.0,1.5802419231263096
294,82350000000.0,1.5799687016212405
295,82375000000.0,1.5796945262575464
296,82400000000.0,1.5794193968836514
297,82425000000.0,1.5791433134531525
298,82450000000.0,1.578866275930529
299,82475000000.0,1.5785882841708392
300,82500000000.0,1.5783093380073956
301,82525000000.0,1.5780294375827877
302,82550000000.0,1.5777485826016027
303,82575000000.0,1.5774667731744239
304,82600000000.0,1.5771840091153169
305,82625000000.0,1.576900290373626
306,82650000000.0,1.5766156168722563
307,82675000000.0,1.5763299885732969
308,82700000000.0,1.5760434054143797
309,82725000000.0,1.5757558673426084
310,82750000000.0,1.575467374317793
311,82775000000.0,1.5751779262750063
312,82800000000.0,1.5748875231944666
313,82825000000.0,1.574596164999223
314,82850000000.0,1.5743038515667478
315,82875000000.0,1.5740105830540037
316,82900000000.0,1.5737163591964936
317,82925000000.0,1.5734211801978528
318,82950000000.0,1.573125045856317
319,82975000000.0,1.5728279562158718
320,83000000000.0,1.5725299112059594
321,83025000000.0,1.5722309108162493
322,83050000000.0,1.571930955013145
323,83075000000.0,1.5716300439198034
324,83100000000.0,1.5713281773452001
325,83125000000.0,1.5710253553939308
326,83150000000.0,1.5707215780337394
327,83175000000.0,1.5704168451351896
328,83200000000.0,1.570111156903308
329,83225000000.0,1.5698045132847913
330,83250000000.0,1.5694969141649073
331,83275000000.0,1.569188359747182
332,83300000000.0,1.568878849917948
333,83325000000.0,1.5685683846470182
334,83350000000.0,1.5682569641463495
335,83375000000.0,1.567944588241657
336,83400000000.0,1.5676312570686284
337,83425000000.0,1.5673169706648042
338,83450000000.0,1.5670017290391611
339,83475000000.0,1.5666855321725832
340,83500000000.0,1.5663683802577373
341,83525000000.0,1.566050273149998
342,83550000000.0,1.5657312111119004
343,83575000000.0,1.565411194060107
344,83600000000.0,1.5650902220989653
345,83625000000.0,1.5647682952110518
346,83650000000.0,1.5644454135730734
347,83675000000.0,1.564121577133921
348,83700000000.0,1.563796786127429
349,83725000000.0,1.563471040465724
350,83750000000.0,1.5631443403976286
351,83775000000.0,1.562816685857699
352,83800000000.0,1.5624880769973852
353,83825000000.0,1.5621585139013832
354,83850000000.0,1.5618279967407045
355,83875000000.0,1.5614965254827926
356,83900000000.0,1.5611641003315928
357,83925000000.0,1.5608307213696593
358,83950000000.0,1.5604963887391263
359,83975000000.0,1.5601611024513928
360,84000000000.0,1.559824862711188
361,84025000000.0,1.5594876698248006
362,84050000000.0,1.559149523517755
363,84075000000.0,1.5588104242480805
364,84100000000.0,1.558470372081277
365,84125000000.0,1.5581293670698926
366,84150000000.0,1.5577874095408641
367,84175000000.0,1.5574444994740977
368,84200000000.0,1.55710063706431
369,84225000000.0,1.5567558225658737
370,84250000000.0,1.5564100560245728
371,84275000000.0,1.556063337723303
372,84300000000.0,1.5557156677726993
373,84325000000.0,1.5553670463705207
374,84350000000.0,1.555017473680568
375,84375000000.0,1.5546669499568568
376,84400000000.0,1.554315475311358
377,84425000000.0,1.5539630500085393
378,84450000000.0,1.5536096742457548
379,84475000000.0,1.5532553481929674
380,84500000000.0,1.5529000721477402
381,84525000000.0,1.55254384617245
382,84550000000.0,1.5521866706905918
383,84575000000.0,1.5518285457989118
384,84600000000.0,1.5514694717863597
385,84625000000.0,1.5511094488643986
386,84650000000.0,1.5507484772881883
387,84675000000.0,1.5503865572890205
388,84700000000.0,1.5500236891572952
389,84725000000.0,1.5496598731938098
390,84750000000.0,1.5492951095998022
391,84775000000.0,1.5489293986073058
392,84800000000.0,1.5485627406002855
393,84825000000.0,1.5481951357561716
394,84850000000.0,1.54782658445744
395,84875000000.0,1.5474570869466728
396,84900000000.0,1.547086643550906
397,84925000000.0,1.5467152544650469
398,84950000000.0,1.5463429201267536
399,84975000000.0,1.5459696407961463
400,85000000000.0,1.5455954168789747
401,85025000000.0,1.5452202485743587
402,85050000000.0,1.5448441362153926
403,85075000000.0,1.5444670802866054
404,85100000000.0,1.5440890810147003
405,85125000000.0,1.543710138704565
406,85150000000.0,1.5433302538465306
407,85175000000.0,1.5429494267048913
408,85200000000.0,1.542567657610908
409,85225000000.0,1.5421849470993914
410,85250000000.0,1.5418012954459481
411,85275000000.0,1.541416702986379
412,85300000000.0,1.541031170158871
413,85325000000.0,1.5406446973258057
414,85350000000.0,1.5402572849894434
415,85375000000.0,1.5398689334301199
416,85400000000.0,1.5394796431866817
417,85425000000.0,1.539089414603269
418,85450000000.0,1.5386982480916367
419,85475000000.0,1.5383061441087977
420,85500000000.0,1.537913103051662
421,85525000000.0,1.5375191254838838
422,85550000000.0,1.53712421177619
423,85575000000.0,1.5367283623388688
424,85600000000.0,1.5363315777526414
425,85625000000.0,1.5359338584291504
426,85650000000.0,1.5355352047868391
427,85675000000.0,1.535135617322954
428,85700000000.0,1.534735096651809
429,85725000000.0,1.5343336431937593
430,85750000000.0,1.533931257384474
431,85775000000.0,1.5335279397717452
432,85800000000.0,1.5331236909743358
433,85825000000.0,1.532718511388537
434,85850000000.0,1.5323124015339407
435,85875000000.0,1.5319053620755232
436,85900000000.0,1.5314973934095628
437,85925000000.0,1.5310884962031424
438,85950000000.0,1.5306786709691962
439,85975000000.0,1.5302679182728458
440,86000000000.0,1.529856238564681
441,86025000000.0,1.5294436327128236
442,86050000000.0,1.5290301010083411
443,86075000000.0,1.5286156441849745
444,86100000000.0,1.5282002628225453
445,86125000000.0,1.5277839574696173
446,86150000000.0,1.5273667288927848
447,86175000000.0,1.5269485775267995
448,86200000000.0,1.5265295040844713
449,86225000000.0,1.5261095091944887
450,86250000000.0,1.5256885935122015
451,86275000000.0,1.52526675763705
452,86300000000.0,1.5248440022721241
453,86325000000.0,1.5244203280500137
454,86350000000.0,1.5239957356417215
455,86375000000.0,1.5235702257331205
456,86400000000.0,1.523143799095515
457,86425000000.0,1.5227164562222133
458,86450000000.0,1.5222881979580598
459,86475000000.0,1.5218590250824193
460,86500000000.0,1.5214289380761516
461,86525000000.0,1.5209979378268004
462,86550000000.0,1.5205660250402862
463,86575000000.0,1.5201332004362071
464,86600000000.0,1.5196994648451267
465,86625000000.0,1.5192648188503561
466,86650000000.0,1.5188292633093152
467,86675000000.0,1.518392798997375
468,86700000000.0,1.5179554266199502
469,86725000000.0,1.51751714714963
470,86750000000.0,1.5170779611421576
471,86775000000.0,1.516637869546713
472,86800000000.0,1.516196873116109
473,86825000000.0,1.5157549726889565
474,86850000000.0,1.5153121690732316
475,86875000000.0,1.5148684630962417
476,86900000000.0,1.514423855562301
477,86925000000.0,1.5139783474462267
478,86950000000.0,1.513531939454643
479,86975000000.0,1.513084632526081
480,87000000000.0,1.5126364274751187
481,87025000000.0,1.5121873252899642
482,87050000000.0,1.5117373268141174
483,87075000000.0,1.5112864328276967
484,87100000000.0,1.510834644438528
485,87125000000.0,1.5103819624073003
486,87150000000.0,1.509928387672011
487,87175000000.0,1.5094739212424684
488,87200000000.0,1.509018564016789
489,87225000000.0,1.5085623169046143
490,87250000000.0,1.5081051808553636
491,87275000000.0,1.5076471569289667
492,87300000000.0,1.5071882460360702
493,87325000000.0,1.5067284490782225
494,87350000000.0,1.506267767165033
495,87375000000.0,1.5058062012413636
496,87400000000.0,1.505343752328102
497,87425000000.0,1.5048804214761928
498,87450000000.0,1.5044162095990412
499,87475000000.0,1.5039511178417517
500,87500000000.0,1.5034851471971318
501,87525000000.0,1.5030182987053273
502,87550000000.0,1.502550573390934
503,87575000000.0,1.502081972541752
504,87600000000.0,1.5016124968700746
505,87625000000.0,1.5011421476919424
506,87650000000.0,1.5006709261028606
507,87675000000.0,1.5001988332368648
508,87700000000.0,1.4997258700169922
509,87725000000.0,1.4992520377344423
510,87750000000.0,1.4987773374804032
511,87775000000.0,1.4983017703018284
512,87800000000.0,1.497825337554435
513,87825000000.0,1.4973480401692845
514,87850000000.0,1.4968698794884747
515,87875000000.0,1.4963908565151502
516,87900000000.0,1.4959109725802096
517,87925000000.0,1.4954302288431236
518,87950000000.0,1.494948626461353
519,87975000000.0,1.4944661666960555
520,88000000000.0,1.493982850757521
521,88025000000.0,1.4934986798238656
522,88050000000.0,1.4930136552776543
523,88075000000.0,1.4925277781526325
524,88100000000.0,1.4920410498659178
525,88125000000.0,1.4915534717159764
526,88150000000.0,1.4910650448620995
527,88175000000.0,1.4905757706543041
528,88200000000.0,1.490085650357204
529,88225000000.0,1.489594685315805
530,88250000000.0,1.4891028768454533
531,88275000000.0,1.4886102262388212
532,88300000000.0,1.488116734867799
533,88325000000.0,1.487622404062615
534,88350000000.0,1.4871272351529743
535,88375000000.0,1.4866312295123458
536,88400000000.0,1.4861343885607383
537,88425000000.0,1.48563671366689
538,88450000000.0,1.4851382061198743
539,88475000000.0,1.4846388674772257
540,88500000000.0,1.4841386991554926
541,88525000000.0,1.483637702340932
542,88550000000.0,1.4831358786881117
543,88575000000.0,1.4826332296516636
544,88600000000.0,1.4821297565335005
545,88625000000.0,1.4816254609283608
546,88650000000.0,1.4811203442022947
547,88675000000.0,1.48061440798992
548,88700000000.0,1.480107653624235
549,88725000000.0,1.4796000826540967
550,88750000000.0,1.479091696685521
551,88775000000.0,1.478582497075634
552,88800000000.0,1.4780724854762695
553,88825000000.0,1.4775616634418056
554,88850000000.0,1.4770500324169487
555,88875000000.0,1.4765375940610166
556,88900000000.0,1.4760243498604362
557,88925000000.0,1.4755103015273996
558,88950000000.0,1.4749954505591822
559,88975000000.0,1.4744797985671911
560,89000000000.0,1.473963347155038
561,89025000000.0,1.4734460979777624
562,89050000000.0,1.4729280527179114
563,89075000000.0,1.472409212898878
564,89100000000.0,1.471889580245165
565,89125000000.0,1.4713691564724354
566,89150000000.0,1.4708479431371162
567,89175000000.0,1.470325941974784
568,89200000000.0,1.4698031547797377
569,89225000000.0,1.4692795830288372
570,89250000000.0,1.4687552286892966
571,89275000000.0,1.4682300933768875
572,89300000000.0,1.4677041788229326
573,89325000000.0,1.4671774867866771
574,89350000000.0,1.4666500190285805
575,89375000000.0,1.4661217771823118
576,89400000000.0,1.4655927632992334
577,89425000000.0,1.4650629790375422
578,89450000000.0,1.4645324261794934
579,89475000000.0,1.4640011064518077
580,89500000000.0,1.4634690218684694
581,89525000000.0,1.4629361741705778
582,89550000000.0,1.4624025651116772
583,89575000000.0,1.4618681967213984
584,89600000000.0,1.4613330706726306
585,89625000000.0,1.4607971889801912
586,89650000000.0,1.4602605534487152
587,89675000000.0,1.4597231660899368
588,89700000000.0,1.4591850286497863
589,89725000000.0,1.4586461432211475
590,89750000000.0,1.4581065115057406
591,89775000000.0,1.4575661357569354
592,89800000000.0,1.4570250176637496
593,89825000000.0,1.4564831592684748
594,89850000000.0,1.4559405624634718
595,89875000000.0,1.4553972293664854
596,89900000000.0,1.4548531618760405
597,89925000000.0,1.454308362086764
598,89950000000.0,1.4537628319027438
599,89975000000.0,1.4532165734951679
600,90000000000.0,1.452669588731639
601,90025000000.0,1.4521218796528088
602,90050000000.0,1.4515734486067549
603,90075000000.0,1.4510242973330483
604,90100000000.0,1.4504744279974273
605,90125000000.0,1.4499238427414198
606,90150000000.0,1.449372543620813
607,90175000000.0,1.4488205328277335
608,90200000000.0,1.4482678123757797
609,90225000000.0,1.4477143845515663
610,90250000000.0,1.4471602513865802
611,90275000000.0,1.4466054149913063
612,90300000000.0,1.4460498775859545
613,90325000000.0,1.445493641397613
614,90350000000.0,1.4449367085218547
615,90375000000.0,1.4443790811926516
616,90400000000.0,1.4438207617616114
617,90425000000.0,1.4432617522127136
618,90450000000.0,1.442702054929827
619,90475000000.0,1.4421416720921925
620,90500000000.0,1.4415806059412613
621,90525000000.0,1.441018858896793
622,90550000000.0,1.4404564330134955
623,90575000000.0,1.4398933307120574
624,90600000000.0,1.4393295542192988
625,90625000000.0,1.4387651059332551
626,90650000000.0,1.4381999880672631
627,90675000000.0,1.4376342031066538
628,90700000000.0,1.4370677531971487
629,90725000000.0,1.4365006408287744
630,90750000000.0,1.4359328683422365
631,90775000000.0,1.4353644381010895
632,90800000000.0,1.4347953525589596
633,90825000000.0,1.4342256139378131
634,90850000000.0,1.4336552247636363
635,90875000000.0,1.4330841874705922
636,90900000000.0,1.432512504450738
637,90925000000.0,1.4319401782062269
638,90950000000.0,1.431367211014832
639,90975000000.0,1.4307936055415866
640,91000000000.0,1.4302193641331444
641,91025000000.0,1.429644489441141
642,91050000000.0,1.4290689837295238
643,91075000000.0,1.4284928496942881
644,91100000000.0,1.4279160897580394
645,91125000000.0,1.4273387064101866
646,91150000000.0,1.4267607023979032
647,91175000000.0,1.4261820800620275
648,91200000000.0,1.425602841965468
649,91225000000.0,1.4250229908327923
650,91250000000.0,1.4244425291021827
651,91275000000.0,1.4238614595552967
652,91300000000.0,1.4232797845540976
653,91325000000.0,1.4226975068881977
654,91350000000.0,1.4221146291169535
655,91375000000.0,1.421531153891905
656,91400000000.0,1.4209470838381058
657,91425000000.0,1.4203624217531081
658,91450000000.0,1.4197771701899322
659,91475000000.0,1.4191913318248028
660,91500000000.0,1.4186049092763402
661,91525000000.0,1.4180179054832769
662,91550000000.0,1.4174303230056584
663,91575000000.0,1.4168421645303115
664,91600000000.0,1.416253432879667
665,91625000000.0,1.4156641308480866
666,91650000000.0,1.4150742611052969
667,91675000000.0,1.4144838263673232
668,91700000000.0,1.4138928295487716
669,91725000000.0,1.4133012734485753
670,91750000000.0,1.4127091606896562
671,91775000000.0,1.4121164943637206
672,91800000000.0,1.4115232770114694
673,91825000000.0,1.4109295116170883
674,91850000000.0,1.4103352010764643
675,91875000000.0,1.4097403480829822
676,91900000000.0,1.4091449556444093
677,91925000000.0,1.408549026538265
678,91950000000.0,1.4079525637555097
679,91975000000.0,1.4073555702473877
680,92000000000.0,1.406758048763232
681,92025000000.0,1.406160002227373
682,92050000000.0,1.405561433800348
683,92075000000.0,1.4049623461428835
684,92100000000.0,1.4043627424132021
685,92125000000.0,1.4037626253555164
686,92150000000.0,1.403161998227797
687,92175000000.0,1.4025608638724876
688,92200000000.0,1.401959225299167
689,92225000000.0,1.4013570854042456
690,92250000000.0,1.4007544474087898
691,92275000000.0,1.4001513142409436
692,92300000000.0,1.399547688932188
693,92325000000.0,1.3989435745367698
694,92350000000.0,1.3983389741123964
695,92375000000.0,1.3977338907054961
696,92400000000.0,1.3971283275091602
697,92425000000.0,1.3965222874954522
698,92450000000.0,1.3959157738930619
699,92475000000.0,1.3953087897593712
700,92500000000.0,1.3947013381562787
701,92525000000.0,1.3940934222233012
702,92550000000.0,1.3934850451215992
703,92575000000.0,1.3928762100619678
704,92600000000.0,1.3922669201581892
705,92625000000.0,1.391657178577428
706,92650000000.0,1.3910469886544663
707,92675000000.0,1.39043635341138
708,92700000000.0,1.3898252761244003
709,92725000000.0,1.3892137599340195
710,92750000000.0,1.3886018081949727
711,92775000000.0,1.3879894240239474
712,92800000000.0,1.3873766106991228
713,92825000000.0,1.3867633715941052
714,92850000000.0,1.3861497098147937
715,92875000000.0,1.3855356287907974
716,92900000000.0,1.3849211316524135
717,92925000000.0,1.384306221793742
718,92950000000.0,1.383690902561413
719,92975000000.0,1.383075177259144
720,93000000000.0,1.3824590491010935
721,93025000000.0,1.3818425215077281
722,93050000000.0,1.3812255977806507
723,93075000000.0,1.3806082814477156
724,93100000000.0,1.3799905755816637
725,93125000000.0,1.379372483855519
726,93150000000.0,1.3787540095780042
727,93175000000.0,1.3781351560654123
728,93200000000.0,1.377515926672695
729,93225000000.0,1.3768963250164206
730,93250000000.0,1.3762763543890197
731,93275000000.0,1.375656018219618
732,93300000000.0,1.3750353200909227
733,93325000000.0,1.3744142633525298
734,93350000000.0,1.3737928513852757
735,93375000000.0,1.3731710877857075
736,93400000000.0,1.3725489760919174
737,93425000000.0,1.3719265195488193
738,93450000000.0,1.3713037220399593
739,93475000000.0,1.3706805867295342
740,93500000000.0,1.3700571173722946
741,93525000000.0,1.3694333174285127
742,93550000000.0,1.3688091902743738
743,93575000000.0,1.3681847397453173
744,93600000000.0,1.3675599692951075
745,93625000000.0,1.366934882425104
746,93650000000.0,1.3663094828184577
747,93675000000.0,1.3656837739223455
748,93700000000.0,1.365057759449761
749,93725000000.0,1.3644314430300575
750,93750000000.0,1.3638048281953137
751,93775000000.0,1.3631779185234223
752,93800000000.0,1.3625507178993763
753,93825000000.0,1.3619232296427628
754,93850000000.0,1.3612954577124783
755,93875000000.0,1.3606674054689019
756,93900000000.0,1.3600390767994868
757,93925000000.0,1.35941047532472
758,93950000000.0,1.3587816047444372
759,93975000000.0,1.3581524687191264
760,94000000000.0,1.3575230709655222
761,94025000000.0,1.3568934152224086
762,94050000000.0,1.356263505238397
763,94075000000.0,1.3556333446317281
764,94100000000.0,1.35500293718467
765,94125000000.0,1.3543722868026946
766,94150000000.0,1.3537413971119738
767,94175000000.0,1.3531102718271517
768,94200000000.0,1.3524789147534768
769,94225000000.0,1.351847329760747
770,94250000000.0,1.3512155206300958
771,94275000000.0,1.3505834911026329
772,94300000000.0,1.3499512449892261
773,94325000000.0,1.3493187859712292
774,94350000000.0,1.3486861182321086
775,94375000000.0,1.348053245317017
776,94400000000.0,1.3474201711703648
777,94425000000.0,1.3467868995914694
778,94450000000.0,1.3461534345287212
779,94475000000.0,1.3455197796946812
780,94500000000.0,1.3448859391275334
781,94525000000.0,1.3442519165536195
782,94550000000.0,1.3436177160191667
783,94575000000.0,1.342983341375103
784,94600000000.0,1.3423487965106329
785,94625000000.0,1.3417140851811176
786,94650000000.0,1.3410792115201315
787,94675000000.0,1.3404441793791788
788,94700000000.0,1.3398089927911758
789,94725000000.0,1.3391736556456113
790,94750000000.0,1.3385381716761746
791,94775000000.0,1.3379025451726214
792,94800000000.0,1.337266779947728
793,94825000000.0,1.3366308799593707
794,94850000000.0,1.33599484930521
795,94875000000.0,1.3353586918303335
796,94900000000.0,1.3347224115253984
797,94925000000.0,1.3340860125173206
798,94950000000.0,1.333449498735007
799,94975000000.0,1.3328128742090781
800,95000000000.0,1.3321761430412866
801,95025000000.0,1.331539309150434
802,95050000000.0,1.3309023765880772
803,95075000000.0,1.3302653495269314
804,95100000000.0,1.3296282317699357
805,95125000000.0,1.3289910275833743
806,95150000000.0,1.3283537411676607
807,95175000000.0,1.3277163762119513
808,95200000000.0,1.3270789370519038
809,95225000000.0,1.3264414277711325
810,95250000000.0,1.325803852360237
811,95275000000.0,1.3251662149808978
812,95300000000.0,1.3245285197683903
813,95325000000.0,1.323890770807603
814,95350000000.0,1.3232529721546817
815,95375000000.0,1.322615127952836
816,95400000000.0,1.321977242470703
817,95425000000.0,1.3213393197402923
818,95450000000.0,1.3207013638727252
819,95475000000.0,1.3200633792611984
820,95500000000.0,1.3194253695831688
821,95525000000.0,1.3187873393941105
822,95550000000.0,1.3181492928423386
823,95575000000.0,1.317511233878398
824,95600000000.0,1.3168731668730032
825,95625000000.0,1.3162350960562255
826,95650000000.0,1.3155970255782699
827,95675000000.0,1.31495895936259
828,95700000000.0,1.31432090191905
829,95725000000.0,1.3136828573188584
830,95750000000.0,1.3130448300817852
831,95775000000.0,1.3124068240108655
832,95800000000.0,1.3117688435318515
833,95825000000.0,1.311130892905294
834,95850000000.0,1.3104929763152258
835,95875000000.0,1.3098550980132153
836,95900000000.0,1.3092172622599862
837,95925000000.0,1.308579473187703
838,95950000000.0,1.3079417352649427
839,95975000000.0,1.3073040526818542
840,96000000000.0,1.3066664297089083
841,96025000000.0,1.3060288705648098
842,96050000000.0,1.3053913795538117
843,96075000000.0,1.3047539611026642
844,96100000000.0,1.3041166191735618
845,96125000000.0,1.3034793583326232
846,96150000000.0,1.302842182796273
847,96175000000.0,1.30220509697778
848,96200000000.0,1.301568105102673
849,96225000000.0,1.3009312112604026
850,96250000000.0,1.3002944202357178
851,96275000000.0,1.2996577359848618
852,96300000000.0,1.299021163083232
853,96325000000.0,1.298384705470438
854,96350000000.0,1.2977483678924029
855,96375000000.0,1.2971121545627295
856,96400000000.0,1.2964760697277786
857,96425000000.0,1.2958401178660073
858,96450000000.0,1.2952043032717364
859,96475000000.0,1.2945686302961628
860,96500000000.0,1.2939331033629784
861,96525000000.0,1.293297726772876
862,96550000000.0,1.2926625048389606
863,96575000000.0,1.2920274420937887
864,96600000000.0,1.2913925427928972
865,96625000000.0,1.2907578112551177
866,96650000000.0,1.2901232521154467
867,96675000000.0,1.2894888696300542
868,96700000000.0,1.2888546680294022
869,96725000000.0,1.2882206518167671
870,96750000000.0,1.2875868256492895
871,96775000000.0,1.2869531935222054
872,96800000000.0,1.2863197601130183
873,96825000000.0,1.285686529731287
874,96850000000.0,1.2850535067528375
875,96875000000.0,1.2844206956336623
876,96900000000.0,1.2837881009731782
877,96925000000.0,1.2831557267987554
878,96950000000.0,1.2825235778576904
879,96975000000.0,1.2818916584482525
880,97000000000.0,1.2812599729452403
881,97025000000.0,1.280628526078786
882,97050000000.0,1.279997321897483
883,97075000000.0,1.2793663650467526
884,97100000000.0,1.2787356600306652
885,97125000000.0,1.2781052110462674
886,97150000000.0,1.2774750227290268
887,97175000000.0,1.276845099539362
888,97200000000.0,1.2762154457884398
889,97225000000.0,1.2755860661800547
890,97250000000.0,1.2749569649990309
891,97275000000.0,1.2743281466450458
892,97300000000.0,1.2736996157160445
893,97325000000.0,1.2730713765136343
894,97350000000.0,1.2724434336341743
895,97375000000.0,1.271815791564509
896,97400000000.0,1.271188454710412
897,97425000000.0,1.2705614275503019
898,97450000000.0,1.269934714640451
899,97475000000.0,1.2693083202426907
900,97500000000.0,1.2686822489567982
901,97525000000.0,1.2680565054577233
902,97550000000.0,1.267431093854476
903,97575000000.0,1.2668060189386428
904,97600000000.0,1.2661812849691565
905,97625000000.0,1.2655568966278008
906,97650000000.0,1.2649328582192378
907,97675000000.0,1.26430917439075
908,97700000000.0,1.2636858494380356
909,97725000000.0,1.2630628880031098
910,97750000000.0,1.2624402945974826
911,97775000000.0,1.261818073746608
912,97800000000.0,1.2611962296660986
913,97825000000.0,1.2605747670396854
914,97850000000.0,1.2599536905586404
915,97875000000.0,1.259333004381513
916,97900000000.0,1.258712713153258
917,97925000000.0,1.258092821451004
918,97950000000.0,1.2574733335400836
919,97975000000.0,1.256854254138503
920,98000000000.0,1.256235587795812
921,98025000000.0,1.255617338755985
922,98050000000.0,1.254999511658197
923,98075000000.0,1.2543821110580509
924,98100000000.0,1.2537651412104336
925,98125000000.0,1.253148606902823
926,98150000000.0,1.2525325125489177
927,98175000000.0,1.251916862696265
928,98200000000.0,1.2513016616975032
929,98225000000.0,1.2506869140759478
930,98250000000.0,1.2500726245488065
931,98275000000.0,1.2494587975772713
932,98300000000.0,1.248845437207763
933,98325000000.0,1.2482325485149346
934,98350000000.0,1.2476201358200965
935,98375000000.0,1.2470082035273355
936,98400000000.0,1.2463967561527458
937,98425000000.0,1.2457857981829155
938,98450000000.0,1.2451753342055103
939,98475000000.0,1.2445653686096008
940,98500000000.0,1.2439559061804943
941,98525000000.0,1.2433469510279485
942,98550000000.0,1.2427385079473807
943,98575000000.0,1.2421305811709547
944,98600000000.0,1.241523175317186
945,98625000000.0,1.240916295032198
946,98650000000.0,1.2403099446124068
947,98675000000.0,1.2397041285331052
948,98700000000.0,1.239098851462558
949,98725000000.0,1.2384941178622324
950,98750000000.0,1.2378899319760144
951,98775000000.0,1.237286298670637
952,98800000000.0,1.236683222002088
953,98825000000.0,1.2360807067074073
954,98850000000.0,1.235478757480172
955,98875000000.0,1.2348773783462947
956,98900000000.0,1.2342765740320567
957,98925000000.0,1.233676349106611
958,98950000000.0,1.2330767078927274
959,98975000000.0,1.232477654942281
960,99000000000.0,1.2318791946460805
961,99025000000.0,1.2312813316926703
962,99050000000.0,1.2306840700985955
963,99075000000.0,1.2300874149019272
964,99100000000.0,1.2294913700772503
965,99125000000.0,1.2288959404067021
966,99150000000.0,1.2283011301890043
967,99175000000.0,1.227706944026662
968,99200000000.0,1.2271133863798669
969,99225000000.0,1.2265204614346568
970,99250000000.0,1.2259281738188066
971,99275000000.0,1.2253365283765505
972,99300000000.0,1.224745528674361
973,99325000000.0,1.2241551800198134
974,99350000000.0,1.223565486286238
975,99375000000.0,1.2229764522869087
976,99400000000.0,1.2223880822123823
977,99425000000.0,1.2218003805974806
978,99450000000.0,1.221213351839671
979,99475000000.0,1.220627000304465
980,99500000000.0,1.220041330854245
981,99525000000.0,1.2194563472717466
982,99550000000.0,1.2188720543701965
983,99575000000.0,1.218288456491682
984,99600000000.0,1.2177055580150438
985,99625000000.0,1.2171233635538816
986,99650000000.0,1.2165418770432996
987,99675000000.0,1.215961103373556
988,99700000000.0,1.2153810467485933
989,99725000000.0,1.2148017112790266
990,99750000000.0,1.2142231021383247
991,99775000000.0,1.2136452229512142
992,99800000000.0,1.213068078531725
993,99825000000.0,1.2124916730552953
994,99850000000.0,1.2119160110083793
995,99875000000.0,1.2113410965893823
996,99900000000.0,1.2107669344782217
997,99925000000.0,1.2101935289786638
998,99950000000.0,1.2096208842393077
999,99975000000.0,1.2090490047913494
1000,100000000000.0,1.208477894912381
1001,100025000000.0,1.207907558997764
1002,100050000000.0,1.2073380012893358
1003,100075000000.0,1.206769226507182
1004,100100000000.0,1.2062012385735499
1005,100125000000.0,1.2056340420087448
1006,100150000000.0,1.2050676411937018
1007,100175000000.0,1.2045020403860949
1008,100200000000.0,1.203937243618098
1009,100225000000.0,1.2033732557506291
1010,100250000000.0,1.2028100808413864
1011,100275000000.0,1.2022477230005928
1012,100300000000.0,1.201686187039167
1013,100325000000.0,1.201125476829693
1014,100350000000.0,1.2005655969235989
1015,100375000000.0,1.2000065512294558
1016,100400000000.0,1.1994483445930757
1017,100425000000.0,1.1988909809224368
1018,100450000000.0,1.1983344644330647
1019,100475000000.0,1.197778799752159
1020,100500000000.0,1.1972239906768238
1021,100525000000.0,1.1966700420099572
1022,100550000000.0,1.196116957641604
1023,100575000000.0,1.1955647419770528
1024,100600000000.0,1.195013398979093
1025,100625000000.0,1.194462933426919
1026,100650000000.0,1.1939133490780465
1027,100675000000.0,1.1933646501911326
1028,100700000000.0,1.1928168413755589
1029,100725000000.0,1.1922699265235832
1030,100750000000.0,1.1917239099165664
1031,100775000000.0,1.191178795883553
1032,100800000000.0,1.1906345883439224
1033,100825000000.0,1.1900912921283142
1034,100850000000.0,1.1895489105689667
1035,100875000000.0,1.1890074482472763
1036,100900000000.0,1.1884669094652163
1037,100925000000.0,1.1879272982910618
1038,100950000000.0,1.1873886192303706
1039,100975000000.0,1.1868508756678595
1040,101000000000.0,1.186314072203444
1041,101025000000.0,1.1857782133739654
1042,101050000000.0,1.1852433026410718
1043,101075000000.0,1.1847093444712846
1044,101100000000.0,1.1841763432194157
1045,101125000000.0,1.1836443025349979
1046,101150000000.0,1.1831132268550733
1047,101175000000.0,1.1825831203719865
1048,101200000000.0,1.182053986813296
1049,101225000000.0,1.1815258303972884
1050,101250000000.0,1.1809986557433416
1051,101275000000.0,1.180472466304728
1052,101300000000.0,1.179947266349491
1053,101325000000.0,1.1794230600662026
1054,101350000000.0,1.178899851375631
1055,101375000000.0,1.178377644268807
1056,101400000000.0,1.1778564430863514
1057,101425000000.0,1.177336251717538
1058,101450000000.0,1.1768170742316375
1059,101475000000.0,1.1762989146663518
1060,101500000000.0,1.175781777074417
1061,101525000000.0,1.1752656652147198
1062,101550000000.0,1.174750583477557
1063,101575000000.0,1.1742365358202003
1064,101600000000.0,1.1737235256818104
1065,101625000000.0,1.1732115582036882
1066,101650000000.0,1.1727006361105121
1067,101675000000.0,1.1721907641546492
1068,101700000000.0,1.1716819461222585
1069,101725000000.0,1.171174185793281
1070,101750000000.0,1.1706674874730394
1071,101775000000.0,1.1701618547864299
1072,101800000000.0,1.1696572918445525
1073,101825000000.0,1.1691538025901407
1074,101850000000.0,1.1686513907843865
1075,101875000000.0,1.1681500604209558
1076,101900000000.0,1.1676498155296509
1077,101925000000.0,1.1671506600238175
1078,101950000000.0,1.1666525975703204
1079,101975000000.0,1.166155632281747
1080,102000000000.0,1.165659767851036
1081,102025000000.0,1.1651650084024339
1082,102050000000.0,1.1646713575201337
1083,102075000000.0,1.1641788191948894
1084,102100000000.0,1.1636873972724107
1085,102125000000.0,1.1631970954841302
1086,102150000000.0,1.162707917991253
1087,102175000000.0,1.162219868302659
1088,102200000000.0,1.161732950243169
1089,102225000000.0,1.1612471679657692
1090,102250000000.0,1.160762524649519
1091,102275000000.0,1.16027902436726
1092,102300000000.0,1.159796671505282
1093,102325000000.0,1.1593154691659966
1094,102350000000.0,1.1588354209558027
1095,102375000000.0,1.158356530938791
1096,102400000000.0,1.157878803009022
1097,102425000000.0,1.1574022405728295
1098,102450000000.0,1.1569268478676995
1099,102475000000.0,1.1564526280279745
1100,102500000000.0,1.1559795849751089
1101,102525000000.0,1.1555077226707544
1102,102550000000.0,1.1550370446800138
1103,102575000000.0,1.1545675543874743
1104,102600000000.0,1.1540992557990262
1105,102625000000.0,1.1536321525352908
1106,102650000000.0,1.153166248082132
1107,102675000000.0,1.152701546545881
1108,102700000000.0,1.1522380508282026
1109,102725000000.0,1.1517757653876732
1110,102750000000.0,1.1513146932665506
1111,102775000000.0,1.1508548381511758
1112,102800000000.0,1.1503962039402875
1113,102825000000.0,1.1499387940216432
1114,102850000000.0,1.1494826121330737
1115,102875000000.0,1.1490276617018391
1116,102900000000.0,1.1485739461950977
1117,102925000000.0,1.1481214692205701
1118,102950000000.0,1.1476702346915997
1119,102975000000.0,1.1472202458136593
1120,103000000000.0,1.1467715061199595
1121,103025000000.0,1.1463240192327464
1122,103050000000.0,1.1458777888843952
1123,103075000000.0,1.1454328183036016
1124,103100000000.0,1.1449891107307428
1125,103125000000.0,1.1445466704262748
1126,103150000000.0,1.1441054998382938
1127,103175000000.0,1.143665603088959
1128,103200000000.0,1.143226983613761
1129,103225000000.0,1.1427896452001929
1130,103250000000.0,1.1423535905771198
1131,103275000000.0,1.1419188231245339
1132,103300000000.0,1.1414853469339454
1133,103325000000.0,1.1410531649304516
1134,103350000000.0,1.1406222807079964
1135,103375000000.0,1.1401926978335608
1136,103400000000.0,1.1397644193233538
1137,103425000000.0,1.1393374489551726
1138,103450000000.0,1.1389117891811524
1139,103475000000.0,1.1384874442713042
1140,103500000000.0,1.1380644176057142
1141,103525000000.0,1.1376427120278327
1142,103550000000.0,1.1372223307627136
1143,103575000000.0,1.1368032773729222
1144,103600000000.0,1.136385555688917
1145,103625000000.0,1.1359691679806088
1146,103650000000.0,1.135554118022213
1147,103675000000.0,1.1351404092673634
1148,103700000000.0,1.1347280449311157
1149,103725000000.0,1.1343170278011683
1150,103750000000.0,1.133907361404416
1151,103775000000.0,1.1334990493220993
1152,103800000000.0,1.133092094084954
1153,103825000000.0,1.1326864994241823
1154,103850000000.0,1.1322822684072338
1155,103875000000.0,1.1318794038092086
1156,103900000000.0,1.1314779095998506
1157,103925000000.0,1.1310777883487704
1158,103950000000.0,1.1306790430875768
1159,103975000000.0,1.130281677593229
1160,104000000000.0,1.1298856948385239
1161,104025000000.0,1.1294910974829502
1162,104050000000.0,1.1290978885037621
1163,104075000000.0,1.1287060719324276
1164,104100000000.0,1.1283156502211762
1165,104125000000.0,1.1279266264281202
1166,104150000000.0,1.1275390039250852
1167,104175000000.0,1.1271527854388423
1168,104200000000.0,1.126767974170213
1169,104225000000.0,1.1263845730785398
1170,104250000000.0,1.1260025852634439
1171,104275000000.0,1.125622013826519
1172,104300000000.0,1.1252428612765788
1173,104325000000.0,1.1248651316135243
1174,104350000000.0,1.124488826722455
1175,104375000000.0,1.1241139503032826
1176,104400000000.0,1.123740505081358
1177,104425000000.0,1.1233684936802752
1178,104450000000.0,1.122997919815543
1179,104475000000.0,1.1226287852253698
1180,104500000000.0,1.1222610937301092
1181,104525000000.0,1.1218948482136921
1182,104550000000.0,1.1215300513417208
1183,104575000000.0,1.1211667059247223
1184,104600000000.0,1.1208048152568335
1185,104625000000.0,1.1204443811893525
1186,104650000000.0,1.1200854076633835
1187,104675000000.0,1.119727897231815
1188,104700000000.0,1.1193718519658014
1189,104725000000.0,1.1190172758101655
1190,104750000000.0,1.1186641707465848
1191,104775000000.0,1.118312539881985
1192,104800000000.0,1.1179623861197154
1193,104825000000.0,1.1176137120439713
1194,104850000000.0,1.117266520142714
1195,104875000000.0,1.1169208135835953
1196,104900000000.0,1.116576594794026
1197,104925000000.0,1.1162338667102965
1198,104950000000.0,1.115892631973286
1199,104975000000.0,1.115552893279718
1200,105000000000.0,1.1152146531477176
1201,105025000000.0,1.114877914528806
1202,105050000000.0,1.1145426800692944
1203,105075000000.0,1.1142089519713747
1204,105100000000.0,1.1138767330724908
1205,105125000000.0,1.1135460268587538
1206,105150000000.0,1.1132168342781232
1207,105175000000.0,1.1128891593704835
1208,105200000000.0,1.1125630041689718
1209,105225000000.0,1.1122383709565598
1210,105250000000.0,1.111915262875179
1211,105275000000.0,1.1115936822142412
1212,105300000000.0,1.1112736312900133
1213,105325000000.0,1.110955113022041
1214,105350000000.0,1.110638129731121
1215,105375000000.0,1.110322683642
1216,105400000000.0,1.110008778165712
1217,105425000000.0,1.109696414573802
1218,105450000000.0,1.1093855960484944
1219,105475000000.0,1.1090763249781663
1220,105500000000.0,1.1087686034751671
1221,105525000000.0,1.1084624345925231
1222,105550000000.0,1.108157820088365
1223,105575000000.0,1.1078547627768116
1224,105600000000.0,1.1075532647614847
1225,105625000000.0,1.1072533287935866
1226,105650000000.0,1.1069549570737303
1227,105675000000.0,1.1066581516006273
1228,105700000000.0,1.1063629153492152
1229,105725000000.0,1.1060692500968623
1230,105750000000.0,1.10577715873447
1231,105775000000.0,1.1054866428884074
1232,105800000000.0,1.1051977052320032
1233,105825000000.0,1.104910348196056
1234,105850000000.0,1.1046245736266422
1235,105875000000.0,1.1043403839492343
1236,105900000000.0,1.1040577819006572
1237,105925000000.0,1.1037767686813784
1238,105950000000.0,1.1034973474526062
1239,105975000000.0,1.1032195200782289
1240,106000000000.0,1.1029432886954482
1241,106025000000.0,1.1026686557740037
1242,106050000000.0,1.1023956231051169
1243,106075000000.0,1.102124192941801
1244,106100000000.0,1.1018543676724912
1245,106125000000.0,1.1015861487888214
1246,106150000000.0,1.101319539202847
1247,106175000000.0,1.1010545403358538
1248,106200000000.0,1.100791154850959
1249,106225000000.0,1.1005293845024622
1250,106250000000.0,1.1002692315654472
1251,106275000000.0,1.1000106977512993
1252,106300000000.0,1.0997537855071573
1253,106325000000.0,1.0994984965654584
1254,106350000000.0,1.0992448329743474
1255,106375000000.0,1.098992796885465
1256,106400000000.0,1.0987423901615716
1257,106425000000.0,1.0984936147177609
1258,106450000000.0,1.0982464728019936
1259,106475000000.0,1.0980009660816372
1260,106500000000.0,1.0977570966854562
1261,106525000000.0,1.0975148663084302
1262,106550000000.0,1.0972742770948478
1263,106575000000.0,1.0970353311397718
1264,106600000000.0,1.0967980296211444
1265,106625000000.0,1.0965623747695596
1266,106650000000.0,1.0963283685539658
1267,106675000000.0,1.0960960131528041
1268,106700000000.0,1.0958653097108695
1269,106725000000.0,1.0956362602693621
1270,106750000000.0,1.0954088670240183
1271,106775000000.0,1.0951831311819897
1272,106800000000.0,1.0949590547674546
1273,106825000000.0,1.0947366398018787
1274,106850000000.0,1.0945158878870416
1275,106875000000.0,1.0942968007146299
1276,106900000000.0,1.0940793798281991
1277,106925000000.0,1.0938636272406372
1278,106950000000.0,1.0936495444135066
1279,106975000000.0,1.093437133235841
1280,107000000000.0,1.0932263950517875
1281,107025000000.0,1.0930173321374057
1282,107050000000.0,1.0928099459484903
1283,107075000000.0,1.0926042374688305
1284,107100000000.0,1.0924002088672036
1285,107125000000.0,1.092197861903147
1286,107150000000.0,1.0919971979120453
1287,107175000000.0,1.0917982183589312
1288,107200000000.0,1.0916009252548056
1289,107225000000.0,1.0914053197544493
1290,107250000000.0,1.0912114034808935
1291,107275000000.0,1.0910191781578853
1292,107300000000.0,1.0908286450380746
1293,107325000000.0,1.0906398059230449
1294,107350000000.0,1.0904526618993917
1295,107375000000.0,1.0902672147610495
1296,107400000000.0,1.0900834658233465
1297,107425000000.0,1.0899014167650352
1298,107450000000.0,1.0897210685319771
1299,107475000000.0,1.0895424229548767
1300,107500000000.0,1.0893654816665588
1301,107525000000.0,1.0891902455592233
1302,107550000000.0,1.0890167162586262
1303,107575000000.0,1.0888448947304814
1304,107600000000.0,1.0886747828962275
1305,107625000000.0,1.0885063821586103
1306,107650000000.0,1.0883396931720848
1307,107675000000.0,1.0881747178105574
1308,107700000000.0,1.0880114569661279
1309,107725000000.0,1.08784991271096
1310,107750000000.0,1.0876900853163578
1311,107775000000.0,1.0875319766687064
1312,107800000000.0,1.087375587776258
1313,107825000000.0,1.0872209200911955
1314,107850000000.0,1.0870679743553129
1315,107875000000.0,1.0869167527056884
1316,107900000000.0,1.0867672551592356
1317,107925000000.0,1.0866194838154393
1318,107950000000.0,1.0864734391629003
1319,107975000000.0,1.0863291228776064
1320,108000000000.0,1.0861865361529512
1321,108025000000.0,1.086045679551827
1322,108050000000.0,1.0859065541093702
1323,108075000000.0,1.0857691619367948
1324,108100000000.0,1.0856335039295384
1325,108125000000.0,1.0854995796494236
1326,108150000000.0,1.0853673917858948
1327,108175000000.0,1.0852369408269276
1328,108200000000.0,1.0851082276805186
1329,108225000000.0,1.0849812533455228
1330,108250000000.0,1.0848560192682823
1331,108275000000.0,1.0847325256590759
1332,108300000000.0,1.0846107746880758
1333,108325000000.0,1.0844907659218626
1334,108350000000.0,1.0843725010550858
1335,108375000000.0,1.0842559812712527
1336,108400000000.0,1.084141207050134
1337,108425000000.0,1.0840281791618172
1338,108450000000.0,1.0839168984218666
1339,108475000000.0,1.0838073667811818
1340,108500000000.0,1.0836995840813868
1341,108525000000.0,1.0835935514193675
1342,108550000000.0,1.0834892692834628
1343,108575000000.0,1.083386739173798
1344,108600000000.0,1.0832859614891603
1345,108625000000.0,1.0831869371797151
1346,108650000000.0,1.0830896671376902
1347,108675000000.0,1.082994151751277
1348,108700000000.0,1.0829003919055442
1349,108725000000.0,1.0828083884524773
1350,108750000000.0,1.0827181420498333
1351,108775000000.0,1.0826296533278794
1352,108800000000.0,1.0825429232261479
1353,108825000000.0,1.082457952099318
1354,108850000000.0,1.082374741217831
1355,108875000000.0,1.082293290568628
1356,108900000000.0,1.0822136009757717
1357,108925000000.0,1.0821356734566991
1358,108950000000.0,1.0820595080927564
1359,108975000000.0,1.0819851056900451
1360,109000000000.0,1.0819124664547721
1361,109025000000.0,1.081841592017054
1362,109050000000.0,1.0817724820735997
1363,109075000000.0,1.0817051371603335
1364,109100000000.0,1.0816395583276681
1365,109125000000.0,1.0815757455028143
1366,109150000000.0,1.0815136995289703
1367,109175000000.0,1.0814534208065019
1368,109200000000.0,1.0813949099137634
1369,109225000000.0,1.0813381670817859
1370,109250000000.0,1.0812831934580893
1371,109275000000.0,1.08122998829244
1372,109300000000.0,1.0811785525258946
1373,109325000000.0,1.0811288874224454
1374,109350000000.0,1.0810809921533047
1375,109375000000.0,1.0810348677065627
1376,109400000000.0,1.0809905141657923
1377,109425000000.0,1.080947931889756
1378,109450000000.0,1.0809071217298611
1379,109475000000.0,1.0808680835730737
1380,109500000000.0,1.0808308173362304
1381,109525000000.0,1.0807953238601602
1382,109550000000.0,1.0807616037266201
1383,109575000000.0,1.0807296567587013
1384,109600000000.0,1.0806994829269416
1385,109625000000.0,1.0806710828272026
1386,109650000000.0,1.080644456839244
1387,109675000000.0,1.0806196050756778
1388,109700000000.0,1.0805965273554228
1389,109725000000.0,1.0805752244215698
1390,109750000000.0,1.0805556957254534
1391,109775000000.0,1.0805379420637815
1392,109800000000.0,1.080521963342526
1393,109825000000.0,1.080507759750351
1394,109850000000.0,1.080495331524353
1395,109875000000.0,1.0804846783581232
1396,109900000000.0,1.0804758004719637
1397,109925000000.0,1.0804686986089052
1398,109950000000.0,1.0804633715588174
1399,109975000000.0,1.080459820572004
1400,110000000000.0,1.0804580448874757
