,x,delta
0,0.1,0.1884955592153876
1,0.10590590590590591,0.19962792957945955
2,0.11181181181181182,0.2107602999435315
3,0.11771771771771772,0.2218926703076034
4,0.12362362362362363,0.23302504067167534
5,0.12952952952952954,0.24415741103574728
6,0.13543543543543546,0.2552897813998193
7,0.14134134134134135,0.26642215176389117
8,0.14724724724724725,0.2775545221279631
9,0.15315315315315317,0.28868689249203505
10,0.15905905905905907,0.299819262856107
11,0.164964964964965,0.310951633220179
12,0.17087087087087088,0.3220840035842509
13,0.17677677677677678,0.3332163739483228
14,0.18268268268268267,0.3443487443123947
15,0.1885885885885886,0.3554811146764667
16,0.19449449449449452,0.36661348504053864
17,0.2004004004004004,0.3777458554046106
18,0.2063063063063063,0.38887822576868253
19,0.2122122122122122,0.4000105961327544
20,0.21811811811811813,0.4111429664968264
21,0.22402402402402405,0.42227533686089835
22,0.22992992992992994,0.4334077072249703
23,0.23583583583583584,0.4445400775890422
24,0.24174174174174176,0.4556724479531142
25,0.24764764764764766,0.46680481831718607
26,0.2535535535535536,0.47793718868125806
27,0.2594594594594595,0.48906955904533
28,0.26536536536536537,0.5002019294094019
29,0.27127127127127126,0.5113342997734738
30,0.27717717717717716,0.5224666701375458
31,0.2830830830830831,0.5335990405016178
32,0.288988988988989,0.5447314108656897
33,0.2948948948948949,0.5558637812297617
34,0.30080080080080085,0.5669961515938337
35,0.30670670670670674,0.5781285219579055
36,0.31261261261261264,0.5892608923219774
37,0.31851851851851853,0.6003932626860494
38,0.32442442442442443,0.6115256330501213
39,0.3303303303303303,0.6226580034141932
40,0.3362362362362362,0.6337903737782652
41,0.34214214214214217,0.6449227441423372
42,0.34804804804804806,0.6560551145064091
43,0.353953953953954,0.6671874848704811
44,0.3598598598598599,0.6783198552345531
45,0.3657657657657658,0.689452225598625
46,0.3716716716716717,0.7005845959626968
47,0.3775775775775776,0.7117169663267687
48,0.3834834834834835,0.7228493366908407
49,0.3893893893893894,0.7339817070549126
50,0.3952952952952953,0.7451140774189845
51,0.4012012012012012,0.7562464477830565
52,0.4071071071071072,0.7673788181471286
53,0.4130130130130131,0.7785111885112005
54,0.41891891891891897,0.7896435588752724
55,0.42482482482482486,0.8007759292393444
56,0.43073073073073076,0.8119082996034163
57,0.43663663663663665,0.8230406699674881
58,0.44254254254254255,0.8341730403315601
59,0.44844844844844844,0.845305410695632
60,0.45435435435435434,0.8564377810597039
61,0.46026026026026023,0.8675701514237758
62,0.46616616616616624,0.878702521787848
63,0.47207207207207214,0.8898348921519199
64,0.47797797797797803,0.9009672625159918
65,0.4838838838838839,0.9120996328800637
66,0.4897897897897898,0.9232320032441357
67,0.4956956956956957,0.9343643736082076
68,0.5016016016016016,0.9454967439722795
69,0.5075075075075075,0.9566291143363514
70,0.5134134134134134,0.9677614847004233
71,0.5193193193193193,0.9788938550644952
72,0.5252252252252253,0.9900262254285673
73,0.5311311311311312,1.0011585957926392
74,0.5370370370370371,1.0122909661567112
75,0.542942942942943,1.0234233365207832
76,0.5488488488488489,1.034555706884855
77,0.5547547547547548,1.045688077248927
78,0.5606606606606607,1.056820447612999
79,0.5665665665665666,1.0679528179770708
80,0.5724724724724725,1.0790851883411428
81,0.5783783783783784,1.0902175587052148
82,0.5842842842842844,1.1013499290692867
83,0.5901901901901903,1.1124822994333587
84,0.5960960960960962,1.1236146697974305
85,0.602002002002002,1.1347470401615025
86,0.6079079079079079,1.1458794105255745
87,0.6138138138138138,1.1570117808896463
88,0.6197197197197197,1.1681441512537183
89,0.6256256256256256,1.1792765216177903
90,0.6315315315315315,1.190408891981862
91,0.6374374374374374,1.201541262345934
92,0.6433433433433433,1.212673632710006
93,0.6492492492492492,1.2238060030740778
94,0.6551551551551552,1.23493837343815
95,0.6610610610610611,1.2460707438022218
96,0.666966966966967,1.2572031141662938
97,0.6728728728728729,1.2683354845303658
98,0.6787787787787788,1.2794678548944376
99,0.6846846846846847,1.2906002252585096
100,0.6905905905905906,1.3017325956225816
101,0.6964964964964965,1.3128649659866534
102,0.7024024024024024,1.3239973363507254
103,0.7083083083083083,1.3351297067147974
104,0.7142142142142143,1.3462620770788694
105,0.7201201201201202,1.3573944474429414
106,0.7260260260260261,1.3685268178070134
107,0.731931931931932,1.3796591881710851
108,0.7378378378378379,1.3907915585351571
109,0.7437437437437437,1.401923928899229
110,0.7496496496496496,1.413056299263301
111,0.7555555555555555,1.424188669627373
112,0.7614614614614614,1.4353210399914447
113,0.7673673673673673,1.4464534103555167
114,0.7732732732732733,1.4575857807195889
115,0.7791791791791792,1.4687181510836607
116,0.7850850850850851,1.4798505214477327
117,0.790990990990991,1.4909828918118047
118,0.7968968968968969,1.5021152621758764
119,0.8028028028028028,1.5132476325399484
120,0.8087087087087087,1.5243800029040204
121,0.8146146146146146,1.5355123732680922
122,0.8205205205205205,1.5466447436321642
123,0.8264264264264264,1.557777113996236
124,0.8323323323323324,1.5689094843603082
125,0.8382382382382383,1.5800418547243802
126,0.8441441441441442,1.591174225088452
127,0.8500500500500501,1.602306595452524
128,0.855955955955956,1.613438965816596
129,0.8618618618618619,1.6245713361806677
130,0.8677677677677678,1.6357037065447397
131,0.8736736736736737,1.6468360769088117
132,0.8795795795795796,1.6579684472728835
133,0.8854854854854856,1.6691008176369557
134,0.8913913913913915,1.6802331880010275
135,0.8972972972972973,1.6913655583650995
136,0.9032032032032032,1.7024979287291715
137,0.9091091091091091,1.7136302990932433
138,0.915015015015015,1.7247626694573153
139,0.9209209209209209,1.7358950398213873
140,0.9268268268268268,1.747027410185459
141,0.9327327327327327,1.758159780549531
142,0.9386386386386386,1.769292150913603
143,0.9445445445445446,1.780424521277675
144,0.9504504504504505,1.791556891641747
145,0.9563563563563564,1.802689262005819
146,0.9622622622622623,1.8138216323698908
147,0.9681681681681682,1.8249540027339628
148,0.9740740740740741,1.8360863730980346
149,0.97997997997998,1.8472187434621066
150,0.9858858858858859,1.8583511138261786
151,0.9917917917917918,1.8694834841902503
152,0.9976976976976977,1.8806158545543223
153,1.0036036036036038,1.8917482249183948
154,1.0095095095095097,1.9028805952824666
155,1.0154154154154156,1.9140129656465386
156,1.0213213213213215,1.9251453360106106
157,1.0272272272272274,1.9362777063746823
158,1.0331331331331333,1.9474100767387543
159,1.0390390390390392,1.958542447102826
160,1.044944944944945,1.969674817466898
161,1.050850850850851,1.98080718783097
162,1.0567567567567568,1.9919395581950419
163,1.0626626626626627,2.003071928559114
164,1.0685685685685686,2.0142042989231856
165,1.0744744744744745,2.025336669287258
166,1.0803803803803804,2.0364690396513296
167,1.0862862862862863,2.0476014100154014
168,1.0921921921921922,2.0587337803794736
169,1.098098098098098,2.0698661507435454
170,1.1040040040040042,2.0809985211076176
171,1.1099099099099101,2.09213089147169
172,1.115815815815816,2.1032632618357616
173,1.121721721721722,2.1143956321998334
174,1.1276276276276278,2.1255280025639056
175,1.1335335335335337,2.1366603729279774
176,1.1394394394394396,2.147792743292049
177,1.1453453453453455,2.158925113656121
178,1.1512512512512514,2.170057484020193
179,1.1571571571571573,2.181189854384265
180,1.1630630630630632,2.1923222247483367
181,1.168968968968969,2.203454595112409
182,1.174874874874875,2.2145869654764807
183,1.1807807807807809,2.2257193358405525
184,1.1866866866866868,2.2368517062046247
185,1.1925925925925926,2.2479840765686965
186,1.1984984984984985,2.2591164469327683
187,1.2044044044044044,2.2702488172968405
188,1.2103103103103106,2.2813811876609127
189,1.2162162162162165,2.2925135580249845
190,1.2221221221221223,2.3036459283890567
191,1.2280280280280282,2.3147782987531285
192,1.2339339339339341,2.3259106691172002
193,1.23983983983984,2.3370430394812725
194,1.245745745745746,2.3481754098453442
195,1.2516516516516518,2.359307780209416
196,1.2575575575575577,2.3704401505734882
197,1.2634634634634636,2.38157252093756
198,1.2693693693693695,2.3927048913016318
199,1.2752752752752754,2.403837261665704
200,1.2811811811811813,2.4149696320297758
201,1.2870870870870872,2.4261020023938475
202,1.292992992992993,2.4372343727579198
203,1.298898898898899,2.4483667431219915
204,1.3048048048048049,2.4594991134860633
205,1.3107107107107108,2.470631483850135
206,1.3166166166166167,2.4817638542142073
207,1.3225225225225228,2.4928962245782795
208,1.3284284284284287,2.5040285949423513
209,1.3343343343343346,2.5151609653064235
210,1.3402402402402405,2.5262933356704953
211,1.3461461461461464,2.537425706034567
212,1.3520520520520523,2.5485580763986393
213,1.3579579579579582,2.559690446762711
214,1.363863863863864,2.570822817126783
215,1.36976976976977,2.581955187490855
216,1.3756756756756758,2.593087557854927
217,1.3815815815815817,2.6042199282189986
218,1.3874874874874876,2.615352298583071
219,1.3933933933933935,2.6264846689471426
220,1.3992992992992994,2.6376170393112144
221,1.4052052052052053,2.6487494096752866
222,1.4111111111111112,2.6598817800393584
223,1.417017017017017,2.67101415040343
224,1.422922922922923,2.6821465207675024
225,1.428828828828829,2.693278891131574
226,1.4347347347347348,2.704411261495646
227,1.440640640640641,2.715543631859718
228,1.4465465465465468,2.7266760022237904
229,1.4524524524524527,2.737808372587862
230,1.4583583583583586,2.748940742951934
231,1.4642642642642645,2.760073113316006
232,1.4701701701701704,2.771205483680078
233,1.4760760760760763,2.7823378540441497
234,1.4819819819819822,2.793470224408222
235,1.487887887887888,2.8046025947722937
236,1.493793793793794,2.8157349651363655
237,1.4996996996996999,2.8268673355004377
238,1.5056056056056057,2.8379997058645094
239,1.5115115115115116,2.8491320762285812
240,1.5174174174174175,2.8602644465926534
241,1.5233233233233234,2.871396816956725
242,1.5292292292292293,2.882529187320797
243,1.5351351351351352,2.893661557684869
244,1.5410410410410411,2.904793928048941
245,1.546946946946947,2.9159262984130128
246,1.552852852852853,2.927058668777085
247,1.558758758758759,2.938191039141157
248,1.564664664664665,2.949323409505229
249,1.5705705705705708,2.960455779869301
250,1.5764764764764767,2.971588150233373
251,1.5823823823823826,2.9827205205974447
252,1.5882882882882885,2.993852890961517
253,1.5941941941941944,3.0049852613255887
254,1.6001001001001003,3.0161176316896605
255,1.6060060060060062,3.0272500020537323
256,1.611911911911912,3.0383823724178045
257,1.617817817817818,3.0495147427818763
258,1.6237237237237239,3.060647113145948
259,1.6296296296296298,3.0717794835100203
260,1.6355355355355357,3.082911853874092
261,1.6414414414414416,3.094044224238164
262,1.6473473473473474,3.105176594602236
263,1.6532532532532533,3.116308964966308
264,1.6591591591591592,3.1274413353303796
265,1.6650650650650651,3.138573705694452
266,1.6709709709709712,3.149706076058524
267,1.6768768768768771,3.160838446422596
268,1.682782782782783,3.171970816786668
269,1.688688688688689,3.18310318715074
270,1.6945945945945948,3.1942355575148116
271,1.7005005005005007,3.205367927878884
272,1.7064064064064066,3.2165002982429556
273,1.7123123123123125,3.2276326686070274
274,1.7182182182182184,3.2387650389710996
275,1.7241241241241243,3.2498974093351713
276,1.7300300300300302,3.261029779699243
277,1.735935935935936,3.2721621500633153
278,1.741841841841842,3.283294520427387
279,1.7477477477477479,3.294426890791459
280,1.7536536536536538,3.305559261155531
281,1.7595595595595597,3.316691631519603
282,1.7654654654654656,3.3278240018836747
283,1.7713713713713715,3.3389563722477464
284,1.7772772772772774,3.3500887426118187
285,1.7831831831831833,3.3612211129758904
286,1.7890890890890894,3.3723534833399627
287,1.7949949949949953,3.383485853704035
288,1.8009009009009012,3.3946182240681066
289,1.806806806806807,3.4057505944321784
290,1.812712712712713,3.4168829647962506
291,1.8186186186186188,3.4280153351603224
292,1.8245245245245247,3.439147705524394
293,1.8304304304304306,3.4502800758884664
294,1.8363363363363365,3.461412446252538
295,1.8422422422422424,3.47254481661661
296,1.8481481481481483,3.483677186980682
297,1.8540540540540542,3.494809557344754
298,1.85995995995996,3.5059419277088257
299,1.865865865865866,3.517074298072898
300,1.871771771771772,3.5282066684369697
301,1.8776776776776778,3.5393390388010415
302,1.8835835835835837,3.5504714091651137
303,1.8894894894894896,3.5616037795291855
304,1.8953953953953955,3.5727361498932573
305,1.9013013013013014,3.5838685202573295
306,1.9072072072072075,3.5950008906214017
307,1.9131131131131134,3.6061332609854735
308,1.9190190190190193,3.6172656313495453
309,1.9249249249249252,3.6283980017136175
310,1.930830830830831,3.6395303720776893
311,1.936736736736737,3.650662742441761
312,1.9426426426426429,3.6617951128058333
313,1.9485485485485488,3.672927483169905
314,1.9544544544544546,3.684059853533977
315,1.9603603603603605,3.695192223898049
316,1.9662662662662664,3.706324594262121
317,1.9721721721721723,3.7174569646261926
318,1.9780780780780782,3.728589334990265
319,1.9839839839839841,3.7397217053543366
320,1.98988988988989,3.7508540757184083
321,1.995795795795796,3.7619864460824806
322,2.001701701701702,3.7731188164465523
323,2.0076076076076075,3.7842511868106237
324,2.0135135135135136,3.7953835571746963
325,2.0194194194194197,3.8065159275387686
326,2.0253253253253254,3.81764829790284
327,2.0312312312312315,3.8287806682669125
328,2.037137137137137,3.839913038630984
329,2.0430430430430433,3.851045408995056
330,2.048948948948949,3.862177779359128
331,2.054854854854855,3.8733101497232
332,2.0607607607607608,3.8844425200872714
333,2.066666666666667,3.8955748904513436
334,2.0725725725725725,3.9067072608154154
335,2.0784784784784787,3.9178396311794876
336,2.0843843843843843,3.9289720015435594
337,2.0902902902902905,3.9401043719076316
338,2.096196196196196,3.951236742271703
339,2.1021021021021022,3.962369112635775
340,2.1080080080080084,3.973501482999848
341,2.113913913913914,3.984633853363919
342,2.11981981981982,3.9957662237279914
343,2.125725725725726,4.006898594092063
344,2.131631631631632,4.018030964456135
345,2.1375375375375376,4.029163334820207
346,2.1434434434434437,4.040295705184279
347,2.1493493493493494,4.051428075548351
348,2.1552552552552555,4.062560445912423
349,2.161161161161161,4.073692816276495
350,2.1670670670670673,4.0848251866405665
351,2.172972972972973,4.095957557004638
352,2.178878878878879,4.107089927368711
353,2.1847847847847848,4.118222297732782
354,2.190690690690691,4.1293546680968545
355,2.196596596596597,4.140487038460927
356,2.2025025025025027,4.151619408824998
357,2.208408408408409,4.162751779189071
358,2.2143143143143145,4.1738841495531425
359,2.2202202202202206,4.185016519917214
360,2.2261261261261263,4.196148890281286
361,2.2320320320320324,4.207281260645359
362,2.237937937937938,4.21841363100943
363,2.243843843843844,4.229546001373502
364,2.24974974974975,4.240678371737574
365,2.255655655655656,4.251810742101646
366,2.2615615615615616,4.2629431124657176
367,2.2674674674674677,4.27407548282979
368,2.2733733733733734,4.285207853193861
369,2.2792792792792795,4.296340223557934
370,2.285185185185185,4.3074725939220055
371,2.2910910910910913,4.318604964286077
372,2.296996996996997,4.329737334650149
373,2.302902902902903,4.340869705014222
374,2.308808808808809,4.352002075378293
375,2.314714714714715,4.363134445742365
376,2.320620620620621,4.374266816106438
377,2.3265265265265267,4.385399186470509
378,2.332432432432433,4.3965315568345815
379,2.3383383383383385,4.407663927198653
380,2.3442442442442446,4.418796297562725
381,2.3501501501501503,4.429928667926797
382,2.3560560560560564,4.4410610382908695
383,2.361961961961962,4.45219340865494
384,2.367867867867868,4.463325779019013
385,2.373773773773774,4.474458149383085
386,2.37967967967968,4.485590519747157
387,2.3855855855855856,4.496722890111228
388,2.3914914914914918,4.507855260475301
389,2.3973973973973974,4.518987630839372
390,2.4033033033033036,4.530120001203445
391,2.4092092092092092,4.541252371567516
392,2.4151151151151153,4.552384741931588
393,2.421021021021021,4.56351711229566
394,2.426926926926927,4.574649482659733
395,2.4328328328328332,4.585781853023804
396,2.438738738738739,4.596914223387876
397,2.444644644644645,4.608046593751948
398,2.4505505505505507,4.61917896411602
399,2.456456456456457,4.630311334480092
400,2.4623623623623625,4.641443704844163
401,2.4682682682682686,4.652576075208236
402,2.4741741741741743,4.663708445572308
403,2.4800800800800804,4.6748408159363795
404,2.485985985985986,4.685973186300451
405,2.491891891891892,4.697105556664524
406,2.497797797797798,4.708237927028595
407,2.503703703703704,4.7193702973926674
408,2.5096096096096097,4.730502667756739
409,2.5155155155155158,4.741635038120811
410,2.5214214214214214,4.752767408484883
411,2.5273273273273276,4.763899778848955
412,2.5332332332332332,4.775032149213026
413,2.5391391391391394,4.786164519577099
414,2.5450450450450455,4.797296889941172
415,2.550950950950951,4.8084292603052425
416,2.5568568568568573,4.819561630669315
417,2.562762762762763,4.830694001033387
418,2.568668668668669,4.841826371397459
419,2.5745745745745747,4.8529587417615305
420,2.580480480480481,4.864091112125603
421,2.5863863863863865,4.875223482489674
422,2.5922922922922926,4.886355852853747
423,2.5981981981981983,4.8974882232178185
424,2.6041041041041044,4.90862059358189
425,2.61001001001001,4.919752963945962
426,2.615915915915916,4.930885334310035
427,2.621821821821822,4.942017704674106
428,2.627727727727728,4.953150075038178
429,2.6336336336336337,4.96428244540225
430,2.63953953953954,4.975414815766322
431,2.6454454454454455,4.986547186130394
432,2.6513513513513516,4.997679556494466
433,2.6572572572572573,5.008811926858537
434,2.6631631631631634,5.01994429722261
435,2.6690690690690695,5.0310766675866825
436,2.674974974974975,5.042209037950753
437,2.6808808808808813,5.053341408314826
438,2.686786786786787,5.064473778678898
439,2.692692692692693,5.07560614904297
440,2.6985985985985987,5.086738519407041
441,2.704504504504505,5.097870889771114
442,2.7104104104104105,5.109003260135185
443,2.7163163163163166,5.120135630499258
444,2.7222222222222223,5.131268000863329
445,2.7281281281281284,5.142400371227401
446,2.734034034034034,5.153532741591473
447,2.7399399399399402,5.164665111955545
448,2.745845845845846,5.1757974823196164
449,2.751751751751752,5.186929852683689
450,2.7576576576576577,5.198062223047761
451,2.763563563563564,5.209194593411833
452,2.7694694694694695,5.220326963775904
453,2.7753753753753756,5.231459334139976
454,2.7812812812812817,5.242591704504049
455,2.7871871871871874,5.253724074868121
456,2.7930930930930935,5.264856445232192
457,2.798998998998999,5.275988815596264
458,2.8049049049049053,5.287121185960337
459,2.810810810810811,5.298253556324408
460,2.816716716716717,5.30938592668848
461,2.8226226226226228,5.320518297052552
462,2.828528528528529,5.331650667416624
463,2.8344344344344345,5.342783037780696
464,2.8403403403403407,5.353915408144768
465,2.8462462462462463,5.365047778508839
466,2.8521521521521525,5.376180148872912
467,2.858058058058058,5.387312519236984
468,2.8639639639639642,5.3984448896010555
469,2.86986986986987,5.409577259965127
470,2.875775775775776,5.4207096303292
471,2.8816816816816817,5.431842000693271
472,2.887587587587588,5.4429743710573435
473,2.893493493493494,5.454106741421416
474,2.8993993993993996,5.465239111785487
475,2.9053053053053057,5.47637148214956
476,2.9112112112112114,5.4875038525136315
477,2.9171171171171175,5.498636222877703
478,2.923023023023023,5.509768593241775
479,2.9289289289289293,5.520900963605848
480,2.934834834834835,5.532033333969919
481,2.940740740740741,5.543165704333991
482,2.9466466466466468,5.554298074698063
483,2.952552552552553,5.565430445062135
484,2.9584584584584586,5.576562815426207
485,2.9643643643643647,5.587695185790279
486,2.9702702702702704,5.59882755615435
487,2.9761761761761765,5.609959926518423
488,2.982082082082082,5.621092296882495
489,2.9879879879879883,5.632224667246566
490,2.993893893893894,5.643357037610638
491,2.9997997997998,5.654489407974711
492,3.0057057057057057,5.665621778338782
493,3.011611611611612,5.676754148702854
494,3.017517517517518,5.687886519066927
495,3.0234234234234236,5.699018889430998
496,3.0293293293293297,5.7101512597950705
497,3.0352352352352354,5.721283630159142
498,3.0411411411411415,5.732416000523214
499,3.047047047047047,5.743548370887286
500,3.0529529529529533,5.754680741251358
501,3.058858858858859,5.765813111615429
502,3.064764764764765,5.776945481979502
503,3.070670670670671,5.788077852343573
504,3.076576576576577,5.799210222707646
505,3.0824824824824826,5.810342593071717
506,3.0883883883883887,5.821474963435789
507,3.0942942942942944,5.832607333799861
508,3.1002002002002005,5.843739704163934
509,3.106106106106106,5.8548720745280045
510,3.1120120120120123,5.866004444892077
511,3.117917917917918,5.877136815256149
512,3.123823823823824,5.888269185620221
513,3.12972972972973,5.899401555984293
514,3.135635635635636,5.910533926348365
515,3.141541541541542,5.921666296712437
516,3.1474474474474476,5.932798667076509
517,3.1533533533533538,5.943931037440581
518,3.1592592592592594,5.955063407804652
519,3.1651651651651656,5.966195778168725
520,3.1710710710710712,5.977328148532797
521,3.1769769769769773,5.9884605188968685
522,3.182882882882883,5.99959288926094
523,3.188788788788789,6.010725259625013
524,3.194694694694695,6.021857629989084
525,3.200600600600601,6.0329900003531565
526,3.2065065065065066,6.044122370717228
527,3.2124124124124127,6.0552547410813
528,3.2183183183183184,6.066387111445372
529,3.2242242242242245,6.0775194818094445
530,3.23013013013013,6.088651852173515
531,3.2360360360360363,6.099784222537588
532,3.2419419419419424,6.110916592901661
533,3.247847847847848,6.122048963265732
534,3.253753753753754,6.133181333629804
535,3.25965965965966,6.144313703993876
536,3.265565565565566,6.155446074357948
537,3.2714714714714717,6.1665784447220195
538,3.2773773773773778,6.177710815086092
539,3.2832832832832834,6.188843185450163
540,3.2891891891891896,6.199975555814236
541,3.2950950950950952,6.2111079261783075
542,3.3010010010010014,6.222240296542379
543,3.306906906906907,6.233372666906451
544,3.312812812812813,6.244505037270524
545,3.318718718718719,6.255637407634595
546,3.324624624624625,6.266769777998667
547,3.3305305305305306,6.277902148362739
548,3.3364364364364367,6.289034518726811
549,3.3423423423423424,6.300166889090883
550,3.3482482482482485,6.311299259454955
551,3.354154154154154,6.322431629819026
552,3.3600600600600603,6.333564000183099
553,3.3659659659659664,6.344696370547171
554,3.371871871871872,6.355828740911242
555,3.377777777777778,6.366961111275315
556,3.383683683683684,6.378093481639386
557,3.38958958958959,6.389225852003459
558,3.3954954954954957,6.40035822236753
559,3.401401401401402,6.411490592731602
560,3.4073073073073075,6.422622963095674
561,3.4132132132132136,6.433755333459747
562,3.4191191191191193,6.4448877038238175
563,3.4250250250250254,6.45602007418789
564,3.430930930930931,6.467152444551962
565,3.436836836836837,6.478284814916034
566,3.442742742742743,6.4894171852801055
567,3.448648648648649,6.500549555644178
568,3.4545545545545546,6.511681926008249
569,3.4604604604604607,6.522814296372322
570,3.4663663663663664,6.5339466667363935
571,3.4722722722722725,6.545079037100465
572,3.4781781781781786,6.556211407464538
573,3.4840840840840843,6.56734377782861
574,3.4899899899899904,6.5784761481926814
575,3.495895895895896,6.589608518556753
576,3.5018018018018022,6.600740888920826
577,3.507707707707708,6.611873259284897
578,3.513613613613614,6.623005629648969
579,3.5195195195195197,6.634138000013041
580,3.525425425425426,6.645270370377113
581,3.5313313313313315,6.656402740741185
582,3.5372372372372376,6.667535111105257
583,3.5431431431431433,6.678667481469328
584,3.5490490490490494,6.689799851833401
585,3.554954954954955,6.700932222197473
586,3.560860860860861,6.7120645925615445
587,3.566766766766767,6.723196962925616
588,3.572672672672673,6.734329333289689
589,3.5785785785785786,6.74546170365376
590,3.5844844844844848,6.7565940740178325
591,3.590390390390391,6.767726444381905
592,3.5962962962962965,6.778858814745976
593,3.6022022022022027,6.789991185110049
594,3.6081081081081083,6.8011235554741205
595,3.6140140140140145,6.812255925838192
596,3.61991991991992,6.823388296202264
597,3.6258258258258262,6.834520666566337
598,3.631731731731732,6.845653036930408
599,3.637637637637638,6.85678540729448
600,3.6435435435435437,6.867917777658552
601,3.64944944944945,6.879050148022624
602,3.6553553553553555,6.890182518386696
603,3.6612612612612616,6.901314888750767
604,3.6671671671671673,6.912447259114839
605,3.6730730730730734,6.923579629478912
606,3.678978978978979,6.934711999842984
607,3.684884884884885,6.945844370207055
608,3.690790790790791,6.956976740571127
609,3.696696696696697,6.968109110935199
610,3.7026026026026027,6.979241481299271
611,3.7085085085085088,6.990373851663343
612,3.714414414414415,7.001506222027415
613,3.7203203203203206,7.012638592391487
614,3.7262262262262267,7.02377096275556
615,3.7321321321321324,7.0349033331196305
616,3.7380380380380385,7.046035703483703
617,3.743943943943944,7.057168073847775
618,3.7498498498498503,7.068300444211847
619,3.755755755755756,7.079432814575918
620,3.761661661661662,7.090565184939991
621,3.7675675675675677,7.101697555304062
622,3.773473473473474,7.112829925668135
623,3.7793793793793795,7.123962296032206
624,3.7852852852852856,7.135094666396278
625,3.7911911911911913,7.14622703676035
626,3.7970970970970974,7.157359407124423
627,3.803003003003003,7.1684917774884935
628,3.808908908908909,7.179624147852566
629,3.814814814814815,7.190756518216638
630,3.820720720720721,7.20188888858071
631,3.826626626626627,7.213021258944782
632,3.832532532532533,7.224153629308854
633,3.838438438438439,7.235285999672926
634,3.8443443443443446,7.246418370036998
635,3.8502502502502507,7.25755074040107
636,3.8561561561561564,7.268683110765141
637,3.8620620620620625,7.279815481129214
638,3.867967967967968,7.290947851493286
639,3.8738738738738743,7.3020802218573575
640,3.87977977977978,7.313212592221429
641,3.885685685685686,7.324344962585502
642,3.8915915915915917,7.335477332949573
643,3.897497497497498,7.3466097033136455
644,3.9034034034034035,7.357742073677717
645,3.9093093093093096,7.368874444041789
646,3.9152152152152153,7.380006814405861
647,3.9211211211211214,7.3911391847699335
648,3.927027027027027,7.402271555134004
649,3.9329329329329332,7.413403925498077
650,3.9388388388388393,7.42453629586215
651,3.944744744744745,7.435668666226221
652,3.950650650650651,7.446801036590293
653,3.956556556556557,7.457933406954365
654,3.962462462462463,7.469065777318437
655,3.9683683683683686,7.480198147682509
656,3.9742742742742747,7.49133051804658
657,3.9801801801801804,7.502462888410652
658,3.9860860860860865,7.513595258774725
659,3.991991991991992,7.524727629138796
660,3.9978978978978983,7.535859999502868
661,4.0038038038038035,7.546992369866939
662,4.00970970970971,7.558124740231012
663,4.015615615615616,7.569257110595084
664,4.021521521521522,7.580389480959156
665,4.027427427427427,7.591521851323227
666,4.033333333333333,7.602654221687299
667,4.039239239239239,7.613786592051372
668,4.0451451451451454,7.624918962415443
669,4.051051051051051,7.636051332779514
670,4.056956956956957,7.647183703143587
671,4.062862862862863,7.658316073507659
672,4.068768768768769,7.669448443871731
673,4.074674674674675,7.680580814235804
674,4.08058058058058,7.691713184599874
675,4.0864864864864865,7.702845554963947
676,4.092392392392393,7.713977925328019
677,4.098298298298299,7.725110295692091
678,4.104204204204204,7.736242666056162
679,4.11011011011011,7.747375036420235
680,4.116016016016016,7.7585074067843065
681,4.121921921921921,7.769639777148377
682,4.1278278278278275,7.78077214751245
683,4.133733733733734,7.791904517876522
684,4.13963963963964,7.8030368882405945
685,4.145545545545545,7.814169258604665
686,4.151451451451451,7.825301628968737
687,4.157357357357357,7.83643399933281
688,4.163263263263263,7.8475663696968825
689,4.169169169169169,7.8586987400609525
690,4.175075075075075,7.869831110425025
691,4.180980980980981,7.880963480789098
692,4.186886886886887,7.89209585115317
693,4.192792792792793,7.903228221517242
694,4.198698698698698,7.914360591881313
695,4.204604604604604,7.925492962245385
696,4.2105105105105105,7.936625332609458
697,4.216416416416417,7.94775770297353
698,4.222322322322322,7.9588900733376
699,4.228228228228228,7.970022443701673
700,4.234134134134134,7.981154814065746
701,4.24004004004004,7.992287184429817
702,4.245945945945945,8.003419554793888
703,4.2518518518518515,8.01455192515796
704,4.257757757757758,8.025684295522034
705,4.263663663663664,8.036816665886105
706,4.269569569569569,8.047949036250175
707,4.275475475475475,8.059081406614249
708,4.281381381381381,8.07021377697832
709,4.287287287287287,8.081346147342392
710,4.2931931931931935,8.092478517706466
711,4.299099099099099,8.103610888070536
712,4.305005005005005,8.114743258434608
713,4.310910910910911,8.125875628798681
714,4.316816816816817,8.137007999162753
715,4.322722722722722,8.148140369526823
716,4.328628628628628,8.159272739890897
717,4.3345345345345345,8.170405110254968
718,4.340440440440441,8.18153748061904
719,4.346346346346346,8.192669850983112
720,4.352252252252252,8.203802221347184
721,4.358158158158158,8.214934591711256
722,4.364064064064064,8.226066962075329
723,4.3699699699699694,8.237199332439399
724,4.375875875875876,8.24833170280347
725,4.381781781781782,8.259464073167544
726,4.387687687687688,8.270596443531616
727,4.393593593593593,8.281728813895686
728,4.399499499499499,8.29286118425976
729,4.405405405405405,8.303993554623831
730,4.411311311311311,8.315125924987903
731,4.4172172172172175,8.326258295351977
732,4.423123123123123,8.337390665716047
733,4.429029029029029,8.348523036080119
734,4.434934934934935,8.359655406444192
735,4.440840840840841,8.370787776808264
736,4.446746746746746,8.381920147172334
737,4.452652652652652,8.393052517536407
738,4.4585585585585585,8.40418488790048
739,4.464464464464465,8.415317258264551
740,4.47037037037037,8.426449628628623
741,4.476276276276276,8.437581998992695
742,4.482182182182182,8.448714369356766
743,4.488088088088088,8.459846739720838
744,4.4939939939939935,8.47097911008491
745,4.4998998998999,8.482111480448982
746,4.505805805805806,8.493243850813053
747,4.511711711711712,8.504376221177127
748,4.517617617617617,8.515508591541197
749,4.523523523523523,8.526640961905269
750,4.529429429429429,8.537773332269342
751,4.535335335335335,8.548905702633414
752,4.5412412412412415,8.560038072997486
753,4.547147147147147,8.571170443361558
754,4.553053053053053,8.58230281372563
755,4.558958958958959,8.593435184089701
756,4.564864864864865,8.604567554453775
757,4.57077077077077,8.615699924817845
758,4.576676676676676,8.626832295181917
759,4.5825825825825826,8.63796466554599
760,4.588488488488489,8.649097035910062
761,4.594394394394394,8.660229406274132
762,4.6003003003003,8.671361776638205
763,4.606206206206206,8.682494147002277
764,4.612112112112112,8.693626517366349
765,4.6180180180180175,8.70475888773042
766,4.623923923923924,8.715891258094492
767,4.62982982982983,8.727023628458564
768,4.635735735735736,8.738155998822638
769,4.641641641641642,8.74928836918671
770,4.647547547547547,8.76042073955078
771,4.653453453453453,8.771553109914853
772,4.659359359359359,8.782685480278925
773,4.6652652652652655,8.793817850642997
774,4.671171171171171,8.804950221007068
775,4.677077077077077,8.81608259137114
776,4.682982982982983,8.827214961735212
777,4.688888888888889,8.838347332099286
778,4.694794794794794,8.849479702463356
779,4.7007007007007005,8.860612072827427
780,4.706606606606607,8.871744443191501
781,4.712512512512513,8.882876813555573
782,4.718418418418418,8.894009183919643
783,4.724324324324324,8.905141554283716
784,4.73023023023023,8.916273924647788
785,4.736136136136136,8.92740629501186
786,4.7420420420420415,8.938538665375932
787,4.747947947947948,8.949671035740003
788,4.753853853853854,8.960803406104075
789,4.75975975975976,8.971935776468149
790,4.765665665665666,8.98306814683222
791,4.771571571571571,8.99420051719629
792,4.777477477477477,9.005332887560364
793,4.783383383383383,9.016465257924436
794,4.7892892892892895,9.027597628288508
795,4.795195195195195,9.03872999865258
796,4.801101101101101,9.049862369016651
797,4.807007007007007,9.060994739380723
798,4.812912912912913,9.072127109744796
799,4.818818818818818,9.083259480108866
800,4.8247247247247245,9.094391850472938
801,4.830630630630631,9.105524220837012
802,4.836536536536537,9.116656591201084
803,4.842442442442442,9.127788961565154
804,4.848348348348348,9.138921331929227
805,4.854254254254254,9.150053702293299
806,4.86016016016016,9.16118607265737
807,4.8660660660660655,9.172318443021442
808,4.871971971971972,9.183450813385514
809,4.877877877877878,9.194583183749586
810,4.883783783783784,9.20571555411366
811,4.88968968968969,9.216847924477731
812,4.895595595595595,9.227980294841801
813,4.901501501501501,9.239112665205875
814,4.907407407407407,9.250245035569947
815,4.913313313313314,9.261377405934018
816,4.919219219219219,9.27250977629809
817,4.925125125125125,9.283642146662162
818,4.931031031031031,9.294774517026234
819,4.936936936936937,9.305906887390307
820,4.942842842842842,9.317039257754377
821,4.9487487487487485,9.328171628118449
822,4.954654654654655,9.339303998482523
823,4.960560560560561,9.350436368846594
824,4.966466466466466,9.361568739210664
825,4.972372372372372,9.372701109574738
826,4.978278278278278,9.38383347993881
827,4.984184184184184,9.394965850302881
828,4.99009009009009,9.406098220666955
829,4.995995995995996,9.417230591031025
830,5.001901901901902,9.428362961395097
831,5.007807807807808,9.43949533175917
832,5.013713713713714,9.450627702123242
833,5.019619619619619,9.461760072487312
834,5.025525525525525,9.472892442851386
835,5.0314314314314315,9.484024813215457
836,5.037337337337338,9.49515718357953
837,5.043243243243243,9.506289553943601
838,5.049149149149149,9.517421924307673
839,5.055055055055055,9.528554294671745
840,5.060960960960961,9.539686665035816
841,5.066866866866866,9.550819035399888
842,5.0727727727727725,9.56195140576396
843,5.078678678678679,9.573083776128033
844,5.084584584584585,9.584216146492105
845,5.09049049049049,9.595348516856175
846,5.096396396396396,9.606480887220249
847,5.102302302302302,9.61761325758432
848,5.108208208208208,9.628745627948392
849,5.114114114114114,9.639877998312464
850,5.12002002002002,9.651010368676536
851,5.125925925925926,9.662142739040608
852,5.131831831831832,9.67327510940468
853,5.137737737737738,9.684407479768753
854,5.143643643643643,9.695539850132823
855,5.149549549549549,9.706672220496895
856,5.1554554554554555,9.717804590860968
857,5.161361361361362,9.72893696122504
858,5.167267267267267,9.74006933158911
859,5.173173173173173,9.751201701953184
860,5.179079079079079,9.762334072317255
861,5.184984984984985,9.773466442681327
862,5.19089089089089,9.784598813045399
863,5.1967967967967965,9.79573118340947
864,5.202702702702703,9.806863553773542
865,5.208608608608609,9.817995924137616
866,5.214514514514514,9.829128294501686
867,5.22042042042042,9.840260664865758
868,5.226326326326326,9.851393035229831
869,5.232232232232232,9.862525405593903
870,5.2381381381381384,9.873657775957975
871,5.244044044044044,9.884790146322047
872,5.24994994994995,9.895922516686118
873,5.255855855855856,9.90705488705019
874,5.261761761761762,9.918187257414264
875,5.267667667667667,9.929319627778334
876,5.273573573573573,9.940451998142406
877,5.2794794794794795,9.951584368506479
878,5.285385385385386,9.96271673887055
879,5.291291291291291,9.97384910923462
880,5.297197197197197,9.984981479598694
881,5.303103103103103,9.996113849962766
882,5.309009009009009,10.007246220326838
883,5.314914914914914,10.01837859069091
884,5.3208208208208205,10.029510961054982
885,5.326726726726727,10.040643331419053
886,5.332632632632633,10.051775701783127
887,5.338538538538539,10.062908072147199
888,5.344444444444444,10.074040442511269
889,5.35035035035035,10.085172812875342
890,5.356256256256256,10.096305183239414
891,5.3621621621621625,10.107437553603486
892,5.368068068068068,10.118569923967558
893,5.373973973973974,10.12970229433163
894,5.37987987987988,10.140834664695701
895,5.385785785785786,10.151967035059775
896,5.391691691691691,10.163099405423845
897,5.397597597597597,10.174231775787916
898,5.4035035035035035,10.18536414615199
899,5.40940940940941,10.196496516516062
900,5.415315315315315,10.207628886880132
901,5.421221221221221,10.218761257244205
902,5.427127127127127,10.229893627608277
903,5.433033033033033,10.241025997972349
904,5.438938938938938,10.25215836833642
905,5.4448448448448445,10.263290738700492
906,5.450750750750751,10.274423109064564
907,5.456656656656657,10.285555479428638
908,5.462562562562563,10.29668784979271
909,5.468468468468468,10.30782022015678
910,5.474374374374374,10.318952590520853
911,5.48028028028028,10.330084960884925
912,5.4861861861861865,10.341217331248997
913,5.492092092092092,10.352349701613068
914,5.497997997997998,10.36348207197714
915,5.503903903903904,10.374614442341212
916,5.50980980980981,10.385746812705285
917,5.515715715715715,10.396879183069355
918,5.521621621621621,10.408011553433427
919,5.5275275275275275,10.4191439237975
920,5.533433433433434,10.430276294161573
921,5.539339339339339,10.441408664525643
922,5.545245245245245,10.452541034889716
923,5.551151151151151,10.463673405253788
924,5.557057057057057,10.47480577561786
925,5.562962962962962,10.485938145981931
926,5.568868868868869,10.497070516346003
927,5.574774774774775,10.508202886710075
928,5.580680680680681,10.519335257074149
929,5.586586586586587,10.53046762743822
930,5.592492492492492,10.54159999780229
931,5.598398398398398,10.552732368166364
932,5.604304304304304,10.563864738530436
933,5.6102102102102105,10.574997108894507
934,5.616116116116116,10.58612947925858
935,5.622022022022022,10.597261849622651
936,5.627927927927928,10.608394219986723
937,5.633833833833834,10.619526590350796
938,5.639739739739739,10.630658960714866
939,5.645645645645645,10.641791331078938
940,5.6515515515515515,10.652923701443012
941,5.657457457457458,10.664056071807083
942,5.663363363363363,10.675188442171153
943,5.669269269269269,10.686320812535227
944,5.675175175175175,10.697453182899299
945,5.681081081081081,10.70858555326337
946,5.686986986986987,10.719717923627442
947,5.692892892892893,10.730850293991514
948,5.698798798798799,10.741982664355586
949,5.704704704704705,10.753115034719658
950,5.710610610610611,10.764247405083731
951,5.716516516516516,10.775379775447801
952,5.722422422422422,10.786512145811873
953,5.728328328328328,10.797644516175946
954,5.7342342342342345,10.808776886540018
955,5.74014014014014,10.81990925690409
956,5.746046046046046,10.831041627268162
957,5.751951951951952,10.842173997632234
958,5.757857857857858,10.853306367996305
959,5.763763763763763,10.864438738360377
960,5.769669669669669,10.875571108724449
961,5.7755755755755755,10.88670347908852
962,5.781481481481482,10.897835849452594
963,5.787387387387387,10.908968219816664
964,5.793293293293293,10.920100590180736
965,5.799199199199199,10.93123296054481
966,5.805105105105105,10.942365330908881
967,5.811011011011011,10.953497701272953
968,5.816916916916917,10.964630071637025
969,5.822822822822823,10.975762442001097
970,5.828728728728729,10.986894812365168
971,5.834634634634635,10.998027182729242
972,5.84054054054054,11.009159553093312
973,5.846446446446446,11.020291923457384
974,5.852352352352352,11.031424293821457
975,5.8582582582582585,11.042556664185529
976,5.864164164164164,11.053689034549599
977,5.87007007007007,11.064821404913673
978,5.875975975975976,11.075953775277744
979,5.881881881881882,11.087086145641816
980,5.887787787787787,11.098218516005888
981,5.8936936936936934,11.10935088636996
982,5.8995995995996,11.120483256734031
983,5.905505505505506,11.131615627098105
984,5.911411411411411,11.142747997462175
985,5.917317317317317,11.153880367826247
986,5.923223223223223,11.16501273819032
987,5.929129129129129,11.176145108554392
988,5.935035035035035,11.187277478918464
989,5.940940940940941,11.198409849282536
990,5.946846846846847,11.209542219646607
991,5.952752752752753,11.22067459001068
992,5.958658658658659,11.231806960374753
993,5.964564564564564,11.242939330738823
994,5.97047047047047,11.254071701102895
995,5.976376376376376,11.265204071466968
996,5.9822822822822825,11.27633644183104
997,5.988188188188188,11.28746881219511
998,5.994094094094094,11.298601182559183
999,6.0,11.309733552923255
