,freqs,a,b,delta
0,75.0,0.9995721786224547,0.9314343842471086,1.7582992691108168
1,75.025,0.9995721857360618,0.9314333910835737,1.758298529800462
2,75.05,0.9995721997984474,0.9314314061478796,1.7582970513418306
3,75.075,0.9995722209534161,0.9314284282738805,1.7582948329923407
4,75.1,0.9995722492958713,0.9314244569858691,1.7582918756658859
5,75.125,0.9995722845102198,0.931419494287726,1.7582881788005558
6,75.15,0.9995723268967913,0.9314135380461639,1.758283742604107
7,75.175,0.999572376309705,0.9314065901184528,1.7582785669541177
8,75.2,0.9995724327407792,0.9313986492337574,1.7582726519286167
9,75.225,0.999572496295238,0.9313897156103845,1.7582659971312773
10,75.25,0.9995725668235961,0.9313797902757132,1.7582586033315406
11,75.275,0.9995726444844478,0.9313688724904404,1.758250470063217
12,75.3,0.9995727291101073,0.9313569627515103,1.7582415973076024
13,75.325,0.9995728208035246,0.9313440612102593,1.7582319847150356
14,75.35,0.9995729195200136,0.9313301667982534,1.7582216325047677
15,75.375,0.9995730254053645,0.9313152808573043,1.7582105408674986
16,75.4,0.9995731381669752,0.9312994035680383,1.7581987094855618
17,75.425,0.9995732581800834,0.9312825337259037,1.758186138232591
18,75.45,0.9995733850028471,0.9312646730418547,1.7581728275264772
19,75.475,0.9995735189288085,0.9312458214574825,1.7581587772362826
20,75.5,0.999573659767521,0.9312259782192553,1.7581439867374218
21,75.525,0.9995738079026842,0.93120514349313,1.7581284561678934
22,75.55,0.999573962931903,0.9311833183281607,1.7581121862609328
23,75.575,0.9995741248422509,0.9311605025975073,1.7580951758457022
24,75.6,0.9995742938043862,0.9311366969042549,1.7580774258499292
25,75.625,0.9995744698847521,0.9311118996654915,1.7580589356234475
26,75.65,0.999574652900165,0.9310861133858819,1.758039705470101
27,75.675,0.9995748428711709,0.9310593368167096,1.7580197347198592
28,75.7,0.9995750397980759,0.9310315699815828,1.7579990234577485
29,75.725,0.9995752438741106,0.9310028138487092,1.7579775725280886
30,75.75,0.9995754548235931,0.9309730685449846,1.757955380372395
31,75.775,0.9995756728222294,0.9309423342583629,1.7579324482628949
32,75.8,0.999575897636148,0.9309106115142269,1.7579087754233567
33,75.825,0.9995761294982505,0.9308779001113229,1.7578843618964295
34,75.85,0.9995763683538951,0.9308442000626552,1.7578592079358517
35,75.875,0.9995766140638523,0.9308095125557065,1.757833312758252
36,75.9,0.9995768668665856,0.9307738368790428,1.757806677296893
37,75.925,0.9995771264479733,0.930737174147716,1.7577793004201625
38,75.95,0.9995773930369553,0.9306995240455153,1.7577511824507406
39,75.975,0.9995776666449199,0.930660886305175,1.7577223232246288
40,76.0,0.9995779470276407,0.9306212631039531,1.7576927228496102
41,76.025,0.9995782343046267,0.93058065322166,1.7576623811250132
42,76.05,0.9995785286003928,0.9305390573818401,1.7576312977647905
43,76.075,0.9995788296945917,0.9304964760393881,1.7575994731781945
44,76.1,0.9995791377194656,0.9304529091551964,1.7575669066988981
45,76.125,0.9995794525378371,0.9304083583418734,1.7575335985180747
46,76.15,0.9995797742879425,0.9303628218591529,1.7574995482005704
47,76.175,0.9995801030008448,0.9303163013643457,1.7574647561332242
48,76.2,0.9995804383242063,0.9302687980630968,1.7574292217143503
49,76.225,0.9995807805839584,0.9302203105603998,1.757392945436248
50,76.25,0.9995811296137215,0.9301708400888306,1.7573559263483962
51,76.275,0.9995814857329185,0.9301203865985423,1.757318165273533
52,76.3,0.9995818485023018,0.9300689506752304,1.7572796613613832
53,76.325,0.9995822180604499,0.9300165337558479,1.7572404147306229
54,76.35,0.9995825942801251,0.9299631353227845,1.757200425283868
55,76.375,0.9995829774720061,0.9299087557651432,1.757159692766299
56,76.4,0.9995833673985369,0.9298533948412082,1.757118217205218
57,76.425,0.9995837641671015,0.9297970538747833,1.7570759982689517
58,76.45,0.9995841675231265,0.9297397338124394,1.7570330361225022
59,76.475,0.9995845777479413,0.9296814344554711,1.7569893304168283
60,76.5,0.9995849947414005,0.9296221557100592,1.7569448811685937
61,76.525,0.9995854183162453,0.92956189951542,1.7568996878906589
62,76.55,0.9995858485515386,0.9295006652040335,1.7568537505110484
63,76.575,0.9995862856319926,0.9294384532881507,1.756807069282631
64,76.6,0.9995867293353309,0.9293752646358605,1.7567596437465018
65,76.625,0.9995871798108557,0.9293110994281212,1.756711473924438
66,76.65,0.9995876368696849,0.9292459581150669,1.7566625591741303
67,76.675,0.9995881005797095,0.9291798421803529,1.756612899823346
68,76.7,0.9995885709676099,0.9291127509237384,1.7565624955730317
69,76.725,0.9995890478956826,0.9290446859063918,1.7565113464833984
70,76.75,0.9995895314646459,0.9289756471245039,1.756459452160974
71,76.775,0.9995900217146889,0.9289056340303352,1.7564068119671783
72,76.8,0.9995905183454488,0.9288346496563535,1.7563534264425225
73,76.825,0.9995910217779315,0.928762692437807,1.7562992951316887
74,76.85,0.9995915317230719,0.9286897636462245,1.756244417989503
75,76.875,0.9995920481815885,0.9286158641832284,1.7561887949079407
76,76.9,0.9995925712868078,0.9285409938935263,1.7561324252566493
77,76.925,0.9995931006186253,0.9284651548682236,1.7560753091649635
78,76.95,0.9995936365323174,0.9283883466753842,1.7560174468945684
79,76.975,0.9995941791552374,0.9283105692424367,1.7559588374568205
80,77.0,0.9995947281284315,0.9282318240171572,1.7558994811550488
81,77.025,0.9995952835773466,0.9281521111074507,1.7558393774684502
82,77.05,0.9995958453275445,0.9280714327694117,1.7557785266644133
83,77.075,0.9995964137302353,0.9279897872117512,1.7557169278201132
84,77.1,0.9995969885613301,0.9279071760282352,1.755654581683682
85,77.125,0.9995975695261182,0.9278236015341919,1.7555914869637599
86,77.15,0.9995981571641719,0.9277390615957225,1.7555276445254846
87,77.175,0.999598751011344,0.9276535590539177,1.7554630535779634
88,77.2,0.9995993512588305,0.9275670937831709,1.7553977141097952
89,77.225,0.9995999577553235,0.927479666050782,1.7553316253981646
90,77.25,0.9996005707346597,0.9273912771981413,1.7552647880537038
91,77.275,0.9996011898356513,0.9273019282310004,1.7551972014965669
92,77.3,0.9996018153960795,0.9272116180728003,1.7551288653484354
93,77.325,0.9996024470573316,0.9271203498983112,1.7550597796468745
94,77.35,0.9996030852129439,0.9270281224350675,1.7549899442957777
95,77.375,0.9996037293910964,0.9269349378125459,1.754919358598541
96,77.4,0.9996043798705417,0.9268407956462259,1.7548480224147387
97,77.425,0.9996050364584397,0.9267456980898356,1.7547759359752853
98,77.45,0.9996056995480945,0.9266496432629626,1.7547030983792566
99,77.475,0.9996063684361027,0.9265526352179517,1.7546295097057114
100,77.5,0.9996070436102807,0.9264546728140741,1.7545551702296516
101,77.525,0.9996077250018991,0.9263557570270726,1.7544800793960096
102,77.55,0.9996084124883475,0.9262558884844019,1.7544042364559378
103,77.575,0.9996091058726688,0.9261550690232072,1.7543276416110947
104,77.6,0.9996098053520679,0.9260532992733381,1.7542502946727343
105,77.625,0.9996105111588425,0.925950577438655,1.7541721954540406
106,77.65,0.9996112227336276,0.9258469084822082,1.7540933431759735
107,77.675,0.9996119405796648,0.925742289676305,1.7540137382983125
108,77.7,0.9996126642424475,0.9256367235159375,1.7539333796115717
109,77.725,0.9996133938849998,0.9255302112417214,1.7538522682841204
110,77.75,0.9996141295323663,0.9254227525377278,1.753770402768264
111,77.775,0.9996148710761927,0.9253143491022515,1.7536877834162938
112,77.8,0.9996156186055422,0.9252050016732803,1.7536044099706607
113,77.825,0.9996163720240664,0.925094710428028,1.753520282324634
114,77.85,0.9996171312219457,0.9249834772019153,1.7534353997004635
115,77.875,0.9996178964632828,0.9248713017363185,1.753349762059699
116,77.9,0.999618667424152,0.9247581860571659,1.753263369284117
117,77.925,0.9996194442810845,0.9246441303778307,1.7531762210065365
118,77.95,0.9996202268378914,0.9245291358301394,1.7530883167741564
119,77.975,0.9996210152475852,0.9244132038085585,1.75299965669763
120,78.0,0.9996218093761015,0.924296334396326,1.7529102404049153
121,78.025,0.9996226092705026,0.9241785293524781,1.7528200677255428
122,78.05,0.999623414876309,0.9240597880361662,1.7527291375560807
123,78.075,0.999624226091854,0.923940113096738,1.752637450341588
124,78.1,0.9996250430930775,0.9238195049578731,1.752545005748164
125,78.125,0.9996258655216582,0.9236979652528174,1.752451803523786
126,78.15,0.9996266937341803,0.9235754932106166,1.7523578435523661
127,78.175,0.9996275276628236,0.9234520905520976,1.7522631249306562
128,78.2,0.999628366996003,0.923327758875127,1.7521676481540402
129,78.225,0.9996292118404299,0.9232024986331947,1.7520714119764056
130,78.25,0.9996300624749336,0.9230763104230175,1.7519744171431686
131,78.275,0.9996309184339467,0.9229491966775133,1.75187666266072
132,78.3,0.9996317800062573,0.9228211563722221,1.7517781482972816
133,78.325,0.9996326468291737,0.9226921929864176,1.7516788742651772
134,78.35,0.9996335191857075,0.9225623055150072,1.751578839316397
135,78.375,0.9996343970127288,0.9224314956071871,1.7514780443668405
136,78.4,0.9996352802539529,0.9222997641062866,1.7513764879272096
137,78.425,0.9996361686585717,0.9221671134928613,1.7512741707646649
138,78.45,0.9996370626328731,0.9220335423689753,1.7511710915971797
139,78.475,0.9996379618806595,0.9218990528062933,1.751067250626904
140,78.5,0.9996388663171314,0.9217636474220802,1.7509626476416011
141,78.525,0.9996397761021719,0.921627325526496,1.7508572825047224
142,78.55,0.9996406910190223,0.9214900884749774,1.7507511538807572
143,78.575,0.9996416113743795,0.9213519373876974,1.7506442625992893
144,78.6,0.9996425366550568,0.9212128742451661,1.7505366077676245
145,78.625,0.9996434674729902,0.9210728976039936,1.7504281891144897
146,78.65,0.9996444031483229,0.9209320121087957,1.7503190067519239
147,78.675,0.9996453440204349,0.9207902172282009,1.7502090596740618
148,78.7,0.9996462899258082,0.9206475133302173,1.750098347960026
149,78.725,0.9996472410537669,0.9205039015933625,1.7499868711693232
150,78.75,0.9996481970205346,0.920359385080755,1.7498746288916611
151,78.775,0.999649158158532,0.9202139630241474,1.7497616210815965
152,78.8,0.9996501242095802,0.920067637074612,1.7496478473970092
153,78.825,0.9996510952510662,0.9199204087330956,1.749533306995403
154,78.85,0.9996520712289059,0.9197722786393103,1.7494180000830397
155,78.875,0.9996530521813534,0.9196232484774552,1.7493019264760796
156,78.9,0.9996540379140092,0.9194733189563471,1.7491850847456458
157,78.925,0.9996550284954346,0.9193224919529526,1.7490674760825202
158,78.95,0.9996560239343084,0.9191707683522697,1.7489490991246255
159,78.975,0.9996570241713201,0.9190181488716075,1.7488299537135463
160,79.0,0.9996580291504062,0.9188646353001555,1.7487100393628772
161,79.025,0.9996590390398252,0.9187102274489516,1.7485893564932948
162,79.05,0.9996600534544994,0.9185549290954472,1.748467903899888
163,79.075,0.9996610726769984,0.9183987395933957,1.748345681257828
164,79.1,0.9996620963937131,0.9182416612820979,1.7482226886294554
165,79.125,0.9996631248950941,0.9180836939919517,1.7480989256262152
166,79.15,0.9996641581252246,0.9179248390919728,1.747974391860842
167,79.175,0.9996651956150734,0.9177651007408729,1.7478490870407546
168,79.2,0.9996662377546299,0.9176044766873407,1.7477230106017685
169,79.225,0.999667284546213,0.9174429691788903,1.747596162106689
170,79.25,0.9996683357275598,0.9172805806102422,1.747468541969572
171,79.275,0.9996693913760367,0.9171173111871921,1.7473401487240805
172,79.3,0.9996704515856534,0.916953162232652,1.7472109825331106
173,79.325,0.9996715159521982,0.9167881356073724,1.7470810430221393
174,79.35,0.9996725847414533,0.9166222325504564,1.746950329869389
175,79.375,0.9996736580355632,0.9164554537629932,1.746818842703023
176,79.4,0.9996747355994066,0.9162878006349393,1.7466865810831187
177,79.425,0.9996758174242876,0.9161192748388595,1.746553544831531
178,79.45,0.9996769034634733,0.9159498785969045,1.7464197332521567
179,79.475,0.9996779937240643,0.9157796116056282,1.7462851461451412
180,79.5,0.9996790882007497,0.9156084766083843,1.7461497835607127
181,79.525,0.9996801868810272,0.9154364733111762,1.7460136442513157
182,79.55,0.9996812895470547,0.9152636047324186,1.7458767283495251
183,79.575,0.999682396511299,0.9150898708873353,1.7457390355693145
184,79.6,0.9996835076114304,0.9149152738286483,1.7456005653170792
185,79.625,0.9996846224767376,0.9147398158885707,1.7454613174478628
186,79.65,0.9996857414138451,0.9145634973183315,1.7453212912518494
187,79.675,0.999686864491117,0.9143863190237846,1.7451804865524885
188,79.7,0.9996879912474378,0.9142082838036719,1.7450389029263254
189,79.725,0.9996891221430791,0.914029391480765,1.7448965398583673
190,79.75,0.9996902569815049,0.9138496444123198,1.744753397411142
191,79.775,0.999691395504451,0.9136690447217667,1.7446094749735148
192,79.8,0.9996925378205356,0.9134875925268418,1.7444647716001542
193,79.825,0.999693683989683,0.9133052901448808,1.744319288010073
194,79.85,0.9996948338662353,0.9131221382166773,1.7441730227461052
195,79.875,0.9996959876342726,0.9129381384279451,1.7440259757982035
196,79.9,0.9996971448971848,0.9127532934431695,1.743878147273598
197,79.925,0.9996983059103748,0.9125676025798501,1.7437295361470455
198,79.95,0.9996994704862322,0.9123810692622843,1.7435801425052757
199,79.975,0.9997006386980388,0.9121936940149536,1.7434299653138354
200,80.0,0.999701810473622,0.912005478476066,1.743279004905115
201,80.025,0.9997029858519804,0.911816423677745,1.743127259953985
202,80.05,0.9997041645515627,0.911626532107758,1.7429747310988184
203,80.075,0.9997053468325776,0.9114358045228924,1.7428214175026426
204,80.1,0.9997065325700696,0.9112442423632682,1.7426673188968713
205,80.125,0.999707721483539,0.9110518479465278,1.7425124340082498
206,80.15,0.9997089139930884,0.9108586216074597,1.7423567636773134
207,80.175,0.9997101097761258,0.9106645660201267,1.7422003071441934
208,80.2,0.999711308857843,0.9104696816465877,1.7420430632629593
209,80.225,0.9997125111022557,0.9102739711181546,1.7418850327616622
210,80.25,0.9997137167620096,0.9100774350593535,1.7417262144926635
211,80.275,0.9997149254910522,0.9098800752914228,1.7415666078914014
212,80.3,0.9997161373432863,0.909681894259082,1.7414062135957669
213,80.325,0.9997173523412504,0.9094828923362696,1.741245030259681
214,80.35,0.9997185703872233,0.9092830720335596,1.7410830577069152
215,80.375,0.9997197914851017,0.9090824338209639,1.7409202953149683
216,80.4,0.9997210157001285,0.9088809801191353,1.7407567432560598
217,80.425,0.9997222428877816,0.9086787122136373,1.7405924006821465
218,80.45,0.9997234728363619,0.9084756324224145,1.7404272674842476
219,80.475,0.999724705998125,0.9082717406022278,1.740261342548801
220,80.5,0.9997259418227039,0.9080670402156672,1.7400946262208807
221,80.525,0.9997271804676783,0.9078615325123531,1.7399271178604943
222,80.55,0.9997284221324495,0.9076552173211171,1.739758816832989
223,80.575,0.9997296663993874,0.9074480990235672,1.7395897234586133
224,80.6,0.9997309135098169,0.9072401771689823,1.7394198364290228
225,80.625,0.9997321632613045,0.9070314542846296,1.739249155638987
226,80.65,0.9997334155858814,0.9068219319896068,1.739077680776392
227,80.675,0.9997346707745715,0.9066116115947753,1.7389054110967512
228,80.7,0.9997359283053241,0.906400495682054,1.7387323470207467
229,80.725,0.9997371886174459,0.90618858474775,1.7385584871516135
230,80.75,0.99973845136055,0.9059758808902436,1.7383838317193976
231,80.775,0.999739716557078,0.9057623859070584,1.7382083800038992
232,80.8,0.9997409843026881,0.9055481014442223,1.738032131574618
233,80.825,0.9997422543874045,0.9053330294759487,1.7378550860737187
234,80.85,0.9997435266959724,0.9051171719050654,1.737677243175907
235,80.875,0.9997448015436378,0.9049005292292911,1.7374986025351118
236,80.9,0.9997460786878731,0.9046831038708151,1.737319163315291
237,80.925,0.9997473581563785,0.9044648971300339,1.7371389251031548
238,80.95,0.9997486396056325,0.9042459126229848,1.7369578885654917
239,80.975,0.999749923420211,0.9040261489718235,1.7367760516030402
240,81.0,0.9997512092928081,0.9038056107342679,1.7365934153476652
241,81.025,0.9997524974062825,0.9035842977556364,1.7364099782828841
242,81.05,0.9997537875679288,0.9033622125083423,1.7362257402908863
243,81.075,0.9997550797412407,0.9031393573616268,1.7360407017551827
244,81.1,0.9997563740009028,0.9029157329286499,1.7358548607647752
245,81.125,0.9997576702481644,0.9026913409720552,1.735668217919774
246,81.15,0.9997589682344269,0.9024661851051083,1.7354807727083477
247,81.175,0.9997602681685834,0.9022402653822289,1.7352925245919326
248,81.2,0.9997615699963858,0.9020135837385206,1.7351034730049248
249,81.225,0.9997628738745156,0.9017861410048094,1.7349136172437802
250,81.25,0.9997641791472746,0.9015579421174362,1.7347229575732375
251,81.275,0.9997654864201471,0.901328986337869,1.7345314930607736
252,81.3,0.9997667953461187,0.9010992756778815,1.7343392237048507
253,81.325,0.9997681058903838,0.9008688123076437,1.7341461489127727
254,81.35,0.9997694180775696,0.9006375984551328,1.7339522680125583
255,81.375,0.9997707318693809,0.9004056351668916,1.733757580832974
256,81.4,0.9997720471649728,0.9001729252807893,1.7335620868505746
257,81.425,0.9997733641007233,0.8999394690168738,1.733365785757987
258,81.45,0.9997746824063326,0.8997052700434847,1.7331686772802959
259,81.475,0.999776002244519,0.8994703292570694,1.7329707604462132
260,81.5,0.9997773234195958,0.8992346483179559,1.7327720354127856
261,81.525,0.999778645936416,0.8989982293905435,1.7325725009263793
262,81.55,0.9997799696299835,0.8987610752584911,1.7323721574627824
263,81.575,0.9997812950202712,0.8985231850577401,1.732171004648558
264,81.6,0.9997826213289432,0.8982845643921913,1.7319690411682884
265,81.625,0.9997839489653083,0.8980452121486102,1.7317662674534924
266,81.65,0.9997852776042137,0.8978051324162121,1.7315626826390362
267,81.675,0.9997866074727836,0.8975643251543464,1.7313582863704275
268,81.7,0.9997879385068648,0.8973227931211253,1.7311530781804196
269,81.725,0.9997892704875957,0.8970805378077363,1.7309470576658659
270,81.75,0.9997906034609922,0.8968375624579967,1.7307402249062176
271,81.775,0.9997919374550663,0.8965938670105292,1.7305325785841188
272,81.8,0.9997932724731236,0.89634945437277,1.7303241186320981
273,81.825,0.9997946083328924,0.8961043269188953,1.7301148451247697
274,81.85,0.9997959448593301,0.8958584870095558,1.7299047569497548
275,81.875,0.9997972823700881,0.895611934667376,1.7296938542061715
276,81.9,0.9997986205699453,0.89536467342238,1.7294821362355954
277,81.925,0.999799959538474,0.89511670394981,1.7292696023515857
278,81.95,0.9998012993075829,0.8948680294595592,1.7290562526177324
279,81.975,0.9998026395824612,0.8946186513202034,1.7288420865372867
280,82.0,0.9998039804998178,0.8943685716945545,1.7286271033226523
281,82.025,0.9998053220368851,0.8941177920614569,1.7284113028805388
282,82.05,0.9998066640170462,0.8938663154900196,1.7281946848798848
283,82.075,0.9998080066498071,0.893614142322153,1.7279772484628446
284,82.1,0.9998093495530058,0.8933612758522343,1.7277589933298667
285,82.125,0.9998106929325704,0.8931077179105331,1.7275399196785355
286,82.15,0.9998120367950798,0.8928534697649112,1.7273200263082389
287,82.175,0.9998133809387619,0.8925985340586472,1.7270993134992898
288,82.2,0.9998147252274688,0.8923429126502365,1.7268777801041413
289,82.225,0.9998160700430423,0.8920866071034844,1.7266554257787756
290,82.25,0.9998174148411175,0.8918296208355091,1.726432251246102
291,82.275,0.9998187597213111,0.8915719547168973,1.726208254789358
292,82.3,0.99982010508992,0.891313609888547,1.7259834367523335
293,82.325,0.9998214503193656,0.8910545902706349,1.7257577962312
294,82.35,0.999822795483373,0.890794897306531,1.7255313327657409
295,82.375,0.9998241409317932,0.8905345317423828,1.7253040462837788
296,82.4,0.9998254861919093,0.8902734977882806,1.7250759367486346
297,82.425,0.9998268314737202,0.8900117957719211,1.7248470029726712
298,82.45,0.9998281766787253,0.8897494282821613,1.724617245085483
299,82.475,0.9998295214686068,0.8894863984284259,1.7243866623911923
300,82.5,0.9998308664347972,0.8892227056875458,1.7241552543181649
301,82.525,0.9998322110587742,0.8889583543710071,1.7239230209365137
302,82.55,0.999833555138725,0.8886933469390076,1.7236899618584347
303,82.575,0.9998348990953511,0.8884276838602806,1.7234560762499345
304,82.6,0.9998362427061617,0.8881613679451184,1.7232213637358151
305,82.625,0.9998375858977553,0.8878944008092109,1.7229858245458654
306,82.65,0.9998389288354912,0.887626784099857,1.7227494574296143
307,82.675,0.9998402709601194,0.8873585227567855,1.722512262495835
308,82.7,0.9998416127823124,0.88708961556799,1.7222742393871464
309,82.725,0.9998429541041804,0.8868200656141745,1.7220353874823264
310,82.75,0.9998442946243248,0.8865498762201756,1.721795706367218
311,82.775,0.9998456346081354,0.8862790479791497,1.7215551959492272
312,82.8,0.999846973905599,0.8860075842823252,1.7213138556977878
313,82.825,0.9998483125563854,0.8857354856374898,1.7210716849705714
314,82.85,0.9998496502642085,0.885462756298707,1.7208286836342508
315,82.875,0.9998509872332422,0.8851893967330748,1.720584851276047
316,82.9,0.9998523234540659,0.8849154091914002,1.7203401874644833
317,82.925,0.9998536587731122,0.8846407963282242,1.7200946919123914
318,82.95,0.9998549930059061,0.884365561712699,1.7198483641412847
319,82.975,0.9998563264286601,0.8840897043782984,1.7196012039828974
320,83.0,0.9998576588674469,0.883813228392701,1.719353210925631
321,83.025,0.9998589902628275,0.8835361356533142,1.719104384238418
322,83.05,0.9998603205121224,0.8832584283588059,1.718854723774356
323,83.075,0.9998616495960029,0.8829801088328727,1.7186042296420467
324,83.1,0.9998629776090251,0.8827011787949164,1.7183529006636753
325,83.125,0.9998643041265923,0.8824216421988769,1.718100737073104
326,83.15,0.9998656298191885,0.882141497627374,1.7178477385655768
327,83.175,0.9998669538988919,0.8818607502798501,1.7175939037857564
328,83.2,0.9998682768066036,0.8815794008472472,1.7173392333788011
329,83.225,0.9998695981735602,0.8812974532747594,1.7170837266026704
330,83.25,0.9998709183491542,0.8810149077076744,1.7168273837459398
331,83.275,0.9998722369525925,0.880731767027229,1.7165702030982146
332,83.3,0.999873553983326,0.88044803532043,1.7163121857530879
333,83.325,0.9998748695087104,0.8801637120692427,1.7160533302738734
334,83.35,0.9998761835674763,0.8798788001284671,1.7157936366766513
335,83.375,0.9998774958050939,0.8795933033664362,1.7155331047610896
336,83.4,0.9998788065685892,0.8793072218580689,1.715271734126573
337,83.425,0.9998801156089189,0.879020559099885,1.7150095241730963
338,83.45,0.9998814228012277,0.8787333174381361,1.7147464751671602
339,83.475,0.9998827281826327,0.8784454988209593,1.714482585760263
340,83.5,0.9998840318624518,0.8781571046121358,1.7142178563748964
341,83.525,0.9998853336518057,0.8778681381379082,1.7139522864876753
342,83.55,0.9998866336010075,0.8775786012009611,1.713685875617429
343,83.575,0.9998879314056421,0.8772884976023915,1.713418623915866
344,83.6,0.9998892273129859,0.8769978274248774,1.7131505306938448
345,83.625,0.9998905211864104,0.8767065937480605,1.7128815951093825
346,83.65,0.99989181310411,0.8764147982189789,1.7126118178440832
347,83.675,0.9998931027023944,0.8761224448548176,1.71234119770607
348,83.7,0.9998943902880532,0.8758295340483135,1.7120697344573834
349,83.725,0.9998956756897055,0.875536069282083,1.7117974285705115
350,83.75,0.9998969588673801,0.8752420521088563,1.7115242786850233
351,83.775,0.9998982397294035,0.874947485029234,1.7112502853943623
352,83.8,0.9998995182642014,0.8746523713578533,1.7109754478035284
353,83.825,0.9999007943605562,0.8743567119845963,1.7106997658310639
354,83.85,0.999902068281681,0.8740605091828253,1.7104232386104732
355,83.875,0.9999033396230373,0.873763766529227,1.7101458669920868
356,83.9,0.9999046084928863,0.8734664854123964,1.7098676497983338
357,83.925,0.9999058748673284,0.8731686680670496,1.7095885865271436
358,83.95,0.9999071386023405,0.8728703179766129,1.7093086776053632
359,83.975,0.9999083999356977,0.872571435292376,1.7090279224961726
360,84.0,0.9999096585629355,0.87227202431886,1.7087463204774715
361,84.025,0.9999109144042273,0.8719720865074533,1.7084638716529141
362,84.05,0.9999121675784571,0.8716716247810079,1.7081805758299273
363,84.075,0.9999134181099325,0.8713706404942965,1.7078964323746482
364,84.1,0.9999146656511959,0.8710691369925871,1.7076114412108536
365,84.125,0.9999159104718801,0.8707671160903224,1.7073256018016512
366,84.15,0.9999171524776974,0.8704645800860588,1.7070389146658271
367,84.175,0.9999183914626646,0.8701615317516166,1.706751378229357
368,84.2,0.9999196273923727,0.8698579736346448,1.706462993238752
369,84.225,0.9999208605346824,0.8695539063673192,1.7061737588552055
370,84.25,0.9999220906647773,0.8692493339008925,1.7058836753018936
371,84.275,0.9999233175784169,0.8689442587175785,1.705592742103326
372,84.3,0.9999245414337032,0.8686386827772302,1.7053009587969956
373,84.325,0.999925762124388,0.8683326081341125,1.7050083252398074
374,84.35,0.9999269796183474,0.8680260378912038,1.7047148415551205
375,84.375,0.9999281939139427,0.8677189731171722,1.7044205065524476
376,84.4,0.9999294048141544,0.8674114184441921,1.7041253210293275
377,84.425,0.9999306125575814,0.8671033733658119,1.703829284003093
378,84.45,0.9999318168122352,0.8667948432045061,1.7035323956253041
379,84.475,0.9999330178124903,0.8664858278186638,1.7032346558034719
380,84.5,0.9999342152974683,0.8661763308906377,1.7029360635037034
381,84.525,0.9999354093197147,0.865866355044087,1.7026366191164743
382,84.55,0.9999365997756264,0.8655559023250411,1.7023363226059356
383,84.575,0.9999377868824396,0.8652449737604279,1.7020351731826697
384,84.6,0.9999389702408611,0.8649335747698657,1.701733170843144
385,84.625,0.9999401500365217,0.8646217052009096,1.7014303155168329
386,84.65,0.9999413261791895,0.8643093684685113,1.7011266068655697
387,84.675,0.9999424986098665,0.8639965667755114,1.7008220445245292
388,84.7,0.9999436672590613,0.8636833030432378,1.7005166286524454
389,84.725,0.9999448322965605,0.8633695780958213,1.700210358490645
390,84.75,0.9999459933068187,0.8630553967964426,1.6999032341615745
391,84.775,0.9999471505674512,0.862740760069983,1.6995952557691987
392,84.8,0.9999483039649987,0.8624256703432094,1.6992864231100273
393,84.825,0.9999494533948025,0.8621101302771976,1.6989767350391938
394,84.85,0.9999505988471319,0.8617941421195622,1.6986661919818336
395,84.875,0.9999517402706072,0.8614777091573674,1.6983547940212464
396,84.9,0.9999528777259521,0.8611608323682298,1.6980425406954365
397,84.925,0.9999540109850921,0.8608435161242152,1.6977294324047976
398,84.95,0.9999551401967098,0.8605257610385674,1.69741546752851
399,84.975,0.9999562653306217,0.8602075701959677,1.697100647355929
400,85.0,0.9999573861502431,0.8598889458448844,1.6967849704197389
401,85.025,0.9999585027367902,0.8595698917789044,1.6964684380144945
402,85.05,0.9999596151408607,0.859250408803136,1.696151049108878
403,85.075,0.9999607232946283,0.858930498972241,1.6958328035117345
404,85.1,0.9999618268547541,0.8586101682142119,1.6955137016947153
405,85.125,0.9999629262306747,0.8582894147592389,1.6951937426065546
406,85.15,0.9999640212200175,0.8579682429406398,1.694872926591
407,85.175,0.9999651117499774,0.8576466554752493,1.6945512535095983
408,85.2,0.9999661976585255,0.8573246541172856,1.694228723319214
409,85.225,0.9999672792081908,0.8570022423791912,1.693905336027787
410,85.25,0.9999683559811214,0.8566794221659084,1.6935810908010582
411,85.275,0.99996942837093,0.856356195501181,1.6932559881293958
412,85.3,0.9999704960349268,0.8560325652098446,1.692930027580168
413,85.325,0.9999715590453973,0.8557085336448396,1.692603209116042
414,85.35,0.9999726173113832,0.8553841042052592,1.6922755330056267
415,85.375,0.9999736708867841,0.8550592777761674,1.6919469985638766
416,85.4,0.9999747194871662,0.8547340591762282,1.691617605873881
417,85.425,0.9999757635855656,0.8544084480250359,1.6912873553267747
418,85.45,0.9999768027357189,0.8540824480794055,1.6909562457829976
419,85.475,0.9999778369935102,0.8537560627922146,1.6906242784926668
420,85.5,0.9999788662654154,0.8534292934125453,1.6902914521115935
421,85.525,0.9999798906929731,0.8531021430265552,1.6899577671208499
422,85.55,0.9999809100718404,0.852774614024293,1.6896232239107924
423,85.575,0.9999819245541144,0.8524467081690915,1.6892878216734903
424,85.6,0.99998293366643,0.8521184307741373,1.6889515607298964
425,85.625,0.9999839379373483,0.8517897802183851,1.6886144404497967
426,85.65,0.9999849370346467,0.8514607614571587,1.6882764614592078
427,85.675,0.9999859308213925,0.8511313776506452,1.687937623434445
428,85.7,0.9999869195774576,0.8508016295467641,1.6875979264906207
429,85.725,0.9999879030464341,0.8504715201327724,1.6872573703209985
430,85.75,0.9999888812916924,0.8501410523451941,1.686915954959695
431,85.775,0.9999898542917429,0.8498102285052589,1.6865736806057219
432,85.8,0.9999908219105172,0.8494790515823358,1.6862305472177193
433,85.825,0.9999917840657803,0.8491475234572116,1.6858865541908932
434,85.85,0.9999927408699274,0.8488156468874714,1.6855417022513917
435,85.875,0.999993692406951,0.848483424340877,1.6851959906713498
436,85.9,0.9999946383592743,0.8481508581090199,1.6848494201008275
437,85.925,0.9999955788584819,0.8478179512047911,1.6845019901869756
438,85.95,0.9999965136549654,0.8474847065494936,1.6841537012429966
439,85.975,0.9999974430011774,0.8471511266628444,1.6838045533914276
440,86.0,0.9999983667751208,0.8468172123214963,1.6834545454061496
441,86.025,0.9999992850137395,0.8464829670485478,1.6831036788918927
442,86.05,1.0000001974279726,0.8461483942070595,1.682751952876313
443,86.075,1.0000011041247057,0.8458134964401287,1.6823993677560944
444,86.1,1.0000020052570593,0.8454782741931086,1.6820459233509357
445,86.125,1.0000029006981912,0.8451427317072117,1.6816916200935283
446,86.15,1.0000037900413035,0.8448068722546513,1.6813364577781917
447,86.175,1.0000046736990054,0.8444706971795358,1.6809804364690755
448,86.2,1.000005551564186,0.8441342087354847,1.6806235561937588
449,86.225,1.0000064236100108,0.8437974095716548,1.6802658172565839
450,86.25,1.000007289538743,0.8434603035070499,1.6799072191372177
451,86.275,1.0000081497509132,0.843122891745487,1.6795477629104385
452,86.3,1.0000090039042115,0.842785177344697,1.6791874474113266
453,86.325,1.0000098519333744,0.8424471633568268,1.6788262737438258
454,86.35,1.0000106941170321,0.8421088507620053,1.6784642415000282
455,86.375,1.0000115300652137,0.8417702441041114,1.6781013503206634
456,86.4,1.0000123601269804,0.8414313439963798,1.677737601506533
457,86.425,1.0000131839246593,0.841092154566814,1.6773729943808238
458,86.45,1.0000140016230978,0.8407526781667705,1.6770075294378834
459,86.475,1.0000148131050886,0.8404129163466134,1.6766412059807052
460,86.5,1.0000156184078066,0.8400728723950835,1.6762740253349553
461,86.525,1.0000164172765758,0.839732549907773,1.6759059866477193
462,86.55,1.0000172100638054,0.8393919495317202,1.6755370906509968
463,86.575,1.00001799668057,0.8390510735848866,1.6751673369161706
464,86.6,1.0000187768362652,0.8387099266752707,1.674796726258337
465,86.625,1.0000195506008576,0.8383685103207356,1.6744252584199304
466,86.65,1.0000203179623195,0.8380268271390412,1.6740529334395666
467,86.675,1.0000210789318031,0.8376848800114425,1.6736797522346327
468,86.7,1.0000218335500513,0.8373426700773167,1.6733057136673835
469,86.725,1.0000225815568036,0.8370002022182332,1.6729308190621939
470,86.75,1.0000233231909266,0.8366574773069947,1.672555068453801
471,86.775,1.0000240581389397,0.8363144988842266,1.6721784618715347
472,86.8,1.0000247868203613,0.8359712679140435,1.6718009991326468
473,86.825,1.000025508605712,0.8356277898467419,1.6714226808353265
474,86.85,1.0000262240530613,0.8352840642431842,1.6710435073706984
475,86.875,1.0000269326890472,0.8349400956580384,1.670663478541789
476,86.9,1.0000276346646904,0.8345958854938264,1.6702825948464441
477,86.925,1.0000283301897173,0.8342514363976069,1.6699008563416213
478,86.95,1.0000290188068688,0.8339067519044117,1.6695182629484506
479,86.975,1.0000297005092509,0.8335618346627319,1.6691348160122608
480,87.0,1.0000303757850775,0.8332166854823253,1.6687505146337585
481,87.025,1.0000310440975682,0.8328713091806961,1.6683653599977464
482,87.05,1.000031705599005,0.8325257066173773,1.6679793518140016
483,87.075,1.0000323604382861,0.8321798802872943,1.6675924903883714
484,87.1,1.000033008298075,0.8318338339797425,1.6672047754532708
485,87.125,1.0000336492476456,0.8314875699345586,1.666816208564719
486,87.15,1.0000342832318387,0.8311410906382546,1.6664267888211388
487,87.175,1.0000349104542352,0.8307943980812492,1.6660365175984806
488,87.2,1.0000355304951336,0.8304474961805287,1.6656453943489087
489,87.225,1.0000361437151415,0.8301003860116457,1.6652534195733517
490,87.25,1.0000367499883034,0.8297530701872555,1.6648605937752379
491,87.275,1.0000373490673407,0.8294055527692779,1.6644669176808804
492,87.3,1.0000379412434288,0.8290578352312572,1.6640723905279509
493,87.325,1.0000385262263436,0.828709920349839,1.6636770135401702
494,87.35,1.0000391041801064,0.8283618106835201,1.6632807870029893
495,87.375,1.0000396749632647,0.828013509293021,1.6628837109523003
496,87.4,1.0000402386847622,0.8276650177136105,1.6624857858618913
497,87.425,1.0000407951591725,0.8273163392869153,1.662087012258923
498,87.45,1.0000413444166594,0.8269674770270208,1.6616873899846867
499,87.475,1.0000418866949068,0.8266184314870029,1.661286920249212
500,87.5,1.0000424215643653,0.826269207575044,1.660885602642321
501,87.525,1.000042949081299,0.8259198074440206,1.6604834383784188
502,87.55,1.0000434694505866,0.8255702325552671,1.660080427230684
503,87.575,1.000043982559431,0.8252204863278696,1.659676569619694
504,87.6,1.0000444883430617,0.8248705709640787,1.659271866778286
505,87.625,1.0000449866483367,0.8245204896325405,1.6588663181705143
506,87.65,1.0000454777323529,0.8241702441328419,1.6584599248792469
507,87.675,1.000045961403171,0.8238198372808887,1.658052686431888
508,87.7,1.000046437704986,0.8234692721786008,1.657644604690177
509,87.725,1.0000469066227748,0.8231185503936198,1.657235678608027
510,87.75,1.0000473680194562,0.8227676752441782,1.6568259097111022
511,87.775,1.000047821948026,0.8224166500002591,1.6564152984908744
512,87.8,1.0000482685841483,0.8220654744727561,1.6560038447475367
513,87.825,1.0000487076253555,0.8217141542217553,1.655591549606058
514,87.85,1.0000491390834347,0.8213626913195564,1.655178412914817
515,87.875,1.00004956307437,0.8210110867578881,1.654764435384499
516,87.9,1.0000499795677835,0.820659344560159,1.6543496185024715
517,87.925,1.0000503884886054,0.8203074668673241,1.6539339616108581
518,87.95,1.0000507897512747,0.8199554558310289,1.653517465703238
519,87.975,1.000051183540701,0.8196033140635287,1.6531001307389057
520,88.0,1.0000515696751986,0.8192510454103121,1.6526819585651975
521,88.025,1.000051948138456,0.8188986510647208,1.6522629482582698
522,88.05,1.0000523189804813,0.8185461340346992,1.6518431017318616
523,88.075,1.0000526822431457,0.8181934959573814,1.65142241842574
524,88.1,1.000053037585132,0.8178407419870409,1.651000900126198
525,88.125,1.0000533854065026,0.8174878716690196,1.650578545716489
526,88.15,1.0000537255830315,0.8171348892302278,1.6501553574703882
527,88.175,1.000054057841291,0.8167817972677156,1.6497313350104912
528,88.2,1.0000543826110782,0.8164285970671461,1.6493064796498302
529,88.225,1.0000546993922044,0.816075293009478,1.6488807915954977
530,88.25,1.0000550084384432,0.8157218862345543,1.6484542709941095
531,88.275,1.0000553099499574,0.8153683789937795,1.6480269194852757
532,88.3,1.0000556033375727,0.8150147759568654,1.6475987368336542
533,88.325,1.0000558891311253,0.8146610773164465,1.6471697243963512
534,88.35,1.0000561670120252,0.8143072871387518,1.6467398822402652
535,88.375,1.0000564370875071,0.8139534070796848,1.6463092117007614
536,88.4,1.0000566993371416,0.813599440314066,1.6458777129503932
537,88.425,1.0000569536985602,0.813245388888478,1.6454453868032775
538,88.45,1.0000572001040684,0.8128912561685577,1.6450122341277607
539,88.475,1.0000574386486254,0.8125370436427913,1.6445782555363484
540,88.5,1.0000576694796677,0.8121827536136819,1.6441434513753879
541,88.525,1.0000578920760845,0.8118283911439255,1.6437078229740627
542,88.55,1.0000581069418237,0.8114739561669668,1.6432713712397253
543,88.575,1.0000583138516703,0.8111194516856859,1.642834095876358
544,88.6,1.0000585128851047,0.810764880164071,1.642395998472161
545,88.625,1.0000587038734943,0.8104102450318769,1.6419570796280676
546,88.65,1.000058886848758,0.810055548522641,1.6415173398426601
547,88.675,1.0000590619915184,0.8097007924882261,1.6410767806498454
548,88.7,1.0000592291127628,0.8093459798680069,1.6406354016706621
549,88.725,1.0000593881779605,0.8089911136773889,1.6401932048880028
550,88.75,1.000059539200482,0.808636196245805,1.6397501904299974
551,88.775,1.0000596822732493,0.8082812293619434,1.6393063589677537
552,88.8,1.0000598173627826,0.807926215991552,1.638861712121372
553,88.825,1.000059944148603,0.8075711600072003,1.6384162503381663
554,88.85,1.00006006320439,0.8072160606470875,1.637969973936752
555,88.875,1.000060174117468,0.8068609235507771,1.637522884272656
556,88.9,1.0000602770902876,0.8065057489782211,1.6370749821252597
557,88.925,1.0000603718619818,0.8061505412141832,1.6366262684671384
558,88.95,1.000060458523019,0.8057953025006164,1.636176744047346
559,88.975,1.000060537154354,0.8054400345899695,1.635726410085777
560,89.0,1.0000606076685243,0.8050847410541456,1.6352752672587938
561,89.025,1.0000606701517447,0.8047294225361198,1.6348233161418968
562,89.05,1.0000607245294406,0.8043740826472919,1.634370557728639
563,89.075,1.0000607706855107,0.8040187252499272,1.6339169937617313
564,89.1,1.0000608088813112,0.8036633498616697,1.6334626247200734
565,89.125,1.0000608388440295,0.8033079619744738,1.6330074512549748
566,89.15,1.0000608608581274,0.8029525614129612,1.6325514744145013
567,89.175,1.0000608745038129,0.8025971531013505,1.632094695468465
568,89.2,1.0000608802775146,0.8022417372921726,1.6316371147081628
569,89.225,1.0000608776307671,0.8018863189143294,1.6311787340072206
570,89.25,1.0000608670367297,0.8015308981093126,1.63071955398196
571,89.275,1.0000608482885645,0.8011754782428593,1.630259575873865
572,89.3,1.000060821331207,0.8008200623051883,1.6297987998898424
573,89.325,1.0000607861926953,0.8004646527527078,1.6293372286263361
574,89.35,1.0000607429339539,0.8001092512130271,1.62887486166321
575,89.375,1.0000606914560202,0.7997538611067734,1.6284117004043268
576,89.4,1.0000606319908625,0.7993984830687775,1.62794774634796
577,89.425,1.0000605642615805,0.7990431219253603,1.6274829998830798
578,89.45,1.0000604884861226,0.7986877781164481,1.6270174628427971
579,89.475,1.000060404351901,0.7983324564621859,1.626551136110038
580,89.5,1.0000603121351328,0.7979771570679096,1.626084020340836
581,89.525,1.0000602116517499,0.7976218840975497,1.6256161171271253
582,89.55,1.0000601032512404,0.7972666378747855,1.6251474273052275
583,89.575,1.00005998635987,0.7969114242724686,1.6246779523537676
584,89.6,1.000059861508466,0.7965562418055913,1.6242076927699205
585,89.625,1.0000597282980759,0.7962010962846,1.623736650542917
586,89.65,1.0000595872565874,0.7958459867665166,1.623264826326057
587,89.675,1.0000594377387786,0.795490919284058,1.6227922211522654
588,89.7,1.0000592802435588,0.7951358934818167,1.6223188364788101
589,89.725,1.0000591143996098,0.7947809139291967,1.621844673831208
590,89.75,1.0000589404341969,0.7944259814044721,1.6213697337529223
591,89.775,1.0000587584313902,0.7940710983904429,1.6208940179550706
592,89.8,1.000058568199056,0.7937162685096899,1.6204175277660144
593,89.825,1.0000583697656957,0.7933614929211642,1.619940263731589
594,89.85,1.000058163221964,0.7930067745025697,1.619462227259477
595,89.875,1.000057948429948,0.7926521162669609,1.618983420154246
596,89.9,1.0000577255229524,0.7922975203093036,1.6185038435389565
597,89.925,1.0000574945823135,0.7919429878195287,1.6180234982388229
598,89.95,1.0000572554109604,0.7915885227245156,1.617542386096326
599,89.975,1.000057008049774,0.7912341273052873,1.617060507996105
600,90.0,1.000056752512774,0.7908798038940147,1.616577865833403
601,90.025,1.0000564889532486,0.7905255535565451,1.6160944602965317
602,90.05,1.0000562172044023,0.7901713800428678,1.6156102926681628
603,90.075,1.0000559374819973,0.7898172849078156,1.6151253653303792
604,90.1,1.0000556493851092,0.7894632717231591,1.61463967810649
605,90.125,1.0000553533197185,0.7891093417725703,1.6141532335290307
606,90.15,1.0000550491256643,0.7887554975073856,1.6136660318677132
607,90.175,1.0000547367416717,0.7884017420863594,1.6131780761747085
608,90.2,1.0000544164420284,0.788048076161022,1.612689366431718
609,90.225,1.000054088043138,0.787694503903628,1.6121999048205529
610,90.25,1.000053751406911,0.7873410278413938,1.6117096926151464
611,90.275,1.0000534067215145,0.786987648946031,1.6112187308622565
612,90.3,1.0000530539883026,0.786634370087262,1.6107270214036415
613,90.325,1.0000526932650537,0.7862811934904099,1.610234565154736
614,90.35,1.0000523243307142,0.7859281223376937,1.6097413643615035
615,90.375,1.0000519475679466,0.7855751568363338,1.609247419765112
616,90.4,1.000051562585533,0.7852223019909123,1.6087527338680192
617,90.425,1.0000511696976646,0.7848695584471967,1.608257306931551
618,90.45,1.00005076883422,0.7845169288388659,1.6077611412095618
619,90.475,1.0000503596695098,0.7841644169744564,1.607264238449589
620,90.5,1.0000499428031617,0.783812022319664,1.6067665993915068
621,90.525,1.0000495178207458,0.7834597493040438,1.6062682260103096
622,90.55,1.0000490849026993,0.7831075989836956,1.605769119784852
623,90.575,1.0000486439765195,0.7827555749455345,1.605269282701278
624,90.6,1.000048194913166,0.7824036800061196,1.604768715863232
625,90.625,1.0000477383125295,0.7820519125864658,1.604267420704659
626,90.65,1.0000472735117303,0.7817002796337281,1.6037653992494731
627,90.675,1.0000468007166068,0.7813487817258207,1.6032626532558947
628,90.7,1.0000463202571837,0.7809974198604243,1.6027591840240767
629,90.725,1.0000458317624623,0.7806461981041366,1.6022549933961703
630,90.75,1.0000453354231187,0.7802951165199393,1.6017500823532518
631,90.775,1.0000448311784553,0.7799441802206294,1.601244453217061
632,90.8,1.0000443190117265,0.7795933903716553,1.6007381078298786
633,90.825,1.0000437990256623,0.7792427487531249,1.6002310475586479
634,90.85,1.0000432712486367,0.7788922574047951,1.599723273923102
635,90.875,1.0000427355709527,0.7785419195200904,1.5992147887333044
636,90.9,1.0000421921144265,0.7781917368929396,1.5987055938300476
637,90.925,1.0000416408619062,0.7778417113830812,1.5981956908917911
638,90.95,1.0000410820067536,0.7774918450298967,1.5976850818193233
639,90.975,1.0000405151297254,0.7771421415915222,1.5971737681692755
640,91.0,1.0000399406421874,0.7767926020317442,1.5966617518890733
641,91.025,1.00003935833135,0.7764432290876306,1.5961490342888656
642,91.05,1.0000387683725707,0.7760940243764411,1.5956356179688824
643,91.075,1.00003817072855,0.7757449905470636,1.5951215037307147
644,91.1,1.0000375652718034,0.77539613076181,1.594606694506113
645,91.125,1.000036952327733,0.7750474445767269,1.5940911911048057
646,91.15,1.000036331652122,0.7746989367035845,1.5935749962120993
647,91.175,1.0000357032891352,0.7743506084032383,1.5930581107015396
648,91.2,1.000035067386913,0.7740024616302182,1.5925405375720778
649,91.225,1.0000344237563734,0.7736544996173097,1.592022277623332
650,91.25,1.0000337725941406,0.7733067235877578,1.5915033338184097
651,91.275,1.0000331139663878,0.7729591356586143,1.5909837068394042
652,91.3,1.0000324477189355,0.7726117381736769,1.5904633996044282
653,91.325,1.0000317739119045,0.7722645337935671,1.5899424136848532
654,91.35,1.0000310926115783,0.7719175242506451,1.5894207505234814
655,91.375,1.0000304038512402,0.7715707117749377,1.5888984132543804
656,91.4,1.0000297074770914,0.7712240989468976,1.5883754027607195
657,91.425,1.0000290039150785,0.7708776863729367,1.5878517211837337
658,91.45,1.000028292793933,0.7705314779308875,1.5873273709316982
659,91.475,1.0000275741578102,0.770185475111972,1.586802353636988
660,91.5,1.000026848202463,0.769839680444668,1.5862766718464765
661,91.525,1.0000261150199556,0.7694940942983799,1.5857503264678443
662,91.55,1.0000253741666916,0.7691487227404515,1.5852233208069597
663,91.575,1.000024626221438,0.7688035634725657,1.5846956560787155
664,91.6,1.000023870906983,0.7684586208384506,1.584167334581513
665,91.625,1.0000231082442304,0.7681138968916045,1.5836383583185727
666,91.65,1.0000223384012994,0.76776939274856,1.5831087295856696
667,91.675,1.0000215612855186,0.767425111768677,1.5825784500385822
668,91.7,1.0000207770990446,0.7670810543454483,1.5820475220254095
669,91.725,1.000019985442337,0.7667372252954968,1.581515948090689
670,91.75,1.0000191868948034,0.7663936232450943,1.5809837295225966
671,91.775,1.0000183809296914,0.7660502539732459,1.580450869894715
672,91.8,1.000017567942457,0.7657071171625774,1.5799173692622372
673,91.825,1.000016748024067,0.7653642138733833,1.5793832310353038
674,91.85,1.0000159208058215,0.7650215490989459,1.5788484575019974
675,91.875,1.0000150865443704,0.7646791236017086,1.578313051061876
676,91.9,1.0000142453617633,0.7643369382044788,1.577777012528624
677,91.925,1.0000133972498573,0.7639949962913677,1.577240345548493
678,91.95,1.0000125418835184,0.7636533005753812,1.5767030520260767
679,91.975,1.0000116797357281,0.763311851583831,1.576165133711077
680,92.0,1.0000108105910503,0.7629706517699661,1.5756265932596878
681,92.025,1.0000099346590596,0.7626297029537811,1.575087432543705
682,92.05,1.0000090516934945,0.7622890082067735,1.5745476545171209
683,92.075,1.0000081618839127,0.7619485688455903,1.5740072609255018
684,92.1,1.0000072652178158,0.7616083870465307,1.5734662544966558
685,92.125,1.000006362005693,0.76126846306384,1.5729246365793634
686,92.15,1.000005451808874,0.7609288021974853,1.5723824109744542
687,92.175,1.0000045349246938,0.7605894037366496,1.5718395788802266
688,92.2,1.000003611303353,0.7602502708112462,1.5712961431498538
689,92.225,1.0000026810181752,0.7599114051575356,1.5707521055880798
690,92.25,1.0000017439653652,0.7595728092544279,1.5702074694783117
691,92.275,1.0000008003071623,0.7592344844312774,1.5696622366736073
692,92.3,0.9999998501014555,0.7588964321823937,1.569116409341988
693,92.325,0.9999988933119625,0.7585586551962832,1.568569989693873
694,92.35,0.9999979300492849,0.7582211548417833,1.5680229814336346
695,92.375,0.9999969600259534,0.7578839347055603,1.5674753860022113
696,92.4,0.9999959838610574,0.7575469940110461,1.5669272057955443
697,92.425,0.9999950009848787,0.7572103371171236,1.5663784437980306
698,92.45,0.9999940116991499,0.7568739648522165,1.5658291020464024
699,92.475,0.9999930161178916,0.756537878727926,1.565279182888197
700,92.5,0.9999920140619412,0.756202082118652,1.5647286895765917
701,92.525,0.9999910056580553,0.7558665757090934,1.564177623994423
702,92.55,0.9999899909816833,0.755531361781216,1.563625988909113
703,92.575,0.9999889700292984,0.7551964413728175,1.5630737865291393
704,92.6,0.9999879428423091,0.754861817718653,1.5625210198940778
705,92.625,0.9999869093276155,0.754527492815149,1.5619676916834067
706,92.65,0.9999858697395517,0.7541934664713849,1.561413803380534
707,92.675,0.9999848239052779,0.7538597426821403,1.5608593583725459
708,92.7,0.9999837720827413,0.7535263219839569,1.5603043596233184
709,92.725,0.9999827139965615,0.7531932076103417,1.5597488089754126
710,92.75,0.9999816498932563,0.7528604003492448,1.5591927096174074
711,92.775,0.9999805798731624,0.7525279017214206,1.5586360639856394
712,92.8,0.9999795036822117,0.7521957148179359,1.558078874328437
713,92.825,0.9999784217002713,0.7518638400008084,1.5575211440167476
714,92.85,0.9999773337650388,0.7515322799476135,1.5569628753185798
715,92.875,0.9999762399569226,0.7512010357592,1.5564040702955886
716,92.9,0.9999751401444209,0.7508701112373712,1.5558447332666632
717,92.925,0.9999740345224261,0.7505395061440471,1.5552848656223806
718,92.95,0.9999729231459679,0.7502092231742259,1.5547244709505084
719,92.975,0.9999718060868433,0.7498792632710922,1.5541635505552007
720,93.0,0.9999706831999152,0.7495496291587707,1.5536021092498526
721,93.025,0.9999695546816658,0.7492203220576799,1.5530401478927132
722,93.05,0.9999684204627406,0.7488913445464424,1.5524776703513343
723,93.075,0.9999672806302357,0.7485626968644693,1.5519146787135019
724,93.1,0.9999661352429745,0.7482343823969633,1.5513511767376709
725,93.125,0.999964984223522,0.7479064020300223,1.5507871662965955
726,93.15,0.9999638279145633,0.7475787561904994,1.5502226506736536
727,93.175,0.9999626659171307,0.7472514495480869,1.5496576324860782
728,93.2,0.9999614983165264,0.7469244832444467,1.5490921151487946
729,93.225,0.9999603255398081,0.7465978569317738,1.5485261009038707
730,93.25,0.9999591472577994,0.7462715739277515,1.547959592457923
731,93.275,0.9999579637961051,0.7459456349964664,1.5473925934088437
732,93.3,0.9999567750807112,0.7456200413070689,1.5468251059889884
733,93.325,0.9999555808969722,0.7452947975223478,1.5462571336063935
734,93.35,0.9999543815646857,0.7449699025737173,1.5456886786962658
735,93.375,0.9999531769203298,0.7446453596779754,1.5451197451947376
736,93.4,0.9999519671719946,0.744321169801267,1.5445503348173821
737,93.425,0.9999507524072239,0.7439973337756599,1.5439804510657194
738,93.45,0.9999495326331165,0.7436738537660622,1.5434100966240927
739,93.475,0.9999483076720784,0.7433507323538472,1.5428392749591078
740,93.5,0.9999470776848861,0.7430279714565874,1.5422679888382747
741,93.525,0.9999458427496023,0.7427055709925696,1.541696241587209
742,93.55,0.999944602967393,0.742383533182617,1.5411240351780282
743,93.575,0.9999433582702338,0.7420618602803539,1.5405513737611802
744,93.6,0.999942108623763,0.7417405541496342,1.539978260155966
745,93.625,0.9999408544320638,0.7414196143402909,1.5394046971586905
746,93.65,0.9999395951839162,0.7410990453512586,1.538830687821522
747,93.675,0.9999383311883672,0.7407788473951123,1.538256235556055
748,93.7,0.9999370625557592,0.7404590217805445,1.537681343149343
749,93.725,0.9999357893973181,0.7401395695544496,1.5371060135535668
750,93.75,0.9999345114914504,0.7398204939020683,1.5365302501421534
751,93.775,0.9999332291061416,0.7395017951041977,1.5359540563712015
752,93.8,0.999931942072373,0.7391834757902408,1.5353774349001745
753,93.825,0.9999306506390339,0.7388655364600807,1.534800388848885
754,93.85,0.9999293547192702,0.7385479791551945,1.5342229220052295
755,93.875,0.99992805417903,0.7382308068658744,1.533645037037647
756,93.9,0.9999267494947424,0.7379140176878183,1.5330667360938486
757,93.925,0.9999254404643918,0.7375976154749453,1.5324880246893096
758,93.95,0.9999241270029665,0.7372816022734923,1.531908904211799
759,93.975,0.9999228093544211,0.7369659781155434,1.5313293785997075
760,94.0,0.9999214875463349,0.7366507449540345,1.5307494513272895
761,94.025,0.9999201614542409,0.7363359049953699,1.5301691251565435
762,94.05,0.9999188312878994,0.7360214591442288,1.529588403399089
763,94.075,0.9999174970316436,0.7357074085951661,1.5290072894384337
764,94.1,0.9999161586491352,0.7353937559888981,1.5284257871762708
765,94.125,0.9999148162928813,0.735080501505827,1.5278438986123162
766,94.15,0.9999134699893899,0.734767647208917,1.5272616279510298
767,94.175,0.9999121197087154,0.734455194129974,1.526678978017525
768,94.2,0.9999107656100054,0.7341431440145787,1.526095952463853
769,94.225,0.9999094075373133,0.7338314989942136,1.5255125547497266
770,94.25,0.9999080458017618,0.7335202592306653,1.5249287881592255
771,94.275,0.9999066802275918,0.7332094271498322,1.524344655972819
772,94.3,0.9999053109852355,0.7328990032800484,1.5237601613227763
773,94.325,0.9999039380246352,0.7325889899597517,1.5231753077488017
774,94.35,0.9999025615042374,0.7322793877516839,1.5225900991927126
775,94.375,0.999901181260191,0.7319701991311579,1.5220045386950865
776,94.4,0.9998997975290786,0.7316614244671245,1.5214186290514202
777,94.425,0.9998984102283183,0.7313530660477873,1.5208323744485526
778,94.45,0.9998970194954052,0.7310451243764031,1.5202457785053727
779,94.475,0.9998956254914901,0.730737600619336,1.519658844189276
780,94.5,0.9998942278399741,0.7304304978185118,1.5190715747509058
781,94.525,0.9998928269663837,0.730123815737557,1.5184839744044407
782,94.55,0.9998914228235983,0.7298175558699063,1.5178960461819075
783,94.575,0.9998900154700678,0.7295117202775836,1.5173077937475368
784,94.6,0.9998886047740722,0.7292063101682442,1.5167192206921154
785,94.625,0.999887191050277,0.728901326344472,1.5161303303429352
786,94.65,0.999885774038558,0.7285967710003616,1.5155411262929348
787,94.675,0.9998843541229236,0.728292643472926,1.514951611943857
788,94.7,0.9998829310499009,0.7279889478887847,1.5143617910044016
789,94.725,0.9998815049782575,0.727685683951771,1.5137716676289417
790,94.75,0.9998800760275546,0.727382852691493,1.5131812444116277
791,94.775,0.9998786441299281,0.7270804561964405,1.512590525533905
792,94.8,0.9998772094143564,0.7267784946622644,1.5119995138854285
793,94.825,0.9998757717910088,0.7264769709598429,1.5114082143724594
794,94.85,0.999874331419693,0.7261758852193693,1.5108166300283115
795,94.875,0.9998728883915796,0.725875238303082,1.5102247640104762
796,94.9,0.9998714427225713,0.7255750322428111,1.5096326203264507
797,94.925,0.9998699942576936,0.7252752687835488,1.5090402026955392
798,94.95,0.9998685432460467,0.7249759486506957,1.508447514832037
799,94.975,0.9998670896389394,0.7246770725277285,1.5078545602437365
800,95.0,0.999865633598957,0.7243786420830397,1.5072613429714663
801,95.025,0.9998641750239187,0.7240806586371444,1.5066678664022612
802,95.05,0.9998627140245376,0.7237831233556398,1.5060741341641284
803,95.075,0.9998612507227731,0.7234860366902014,1.5054801502761033
804,95.1,0.9998597851129297,0.7231894007700098,1.504885918012184
805,95.125,0.9998583170618003,0.7228932171781922,1.5042914419433537
806,95.15,0.9998568468327718,0.7225974859727398,1.5036967254146798
807,95.175,0.9998553744353236,0.7223022080997796,1.5031017717430513
808,95.2,0.9998538998560765,0.7220073857341456,1.5025065851663952
809,95.225,0.9998524231108469,0.7217130199261412,1.5019111694624838
810,95.25,0.9998509443499078,0.7214191115632911,1.5013155284914879
811,95.275,0.999849463700181,0.7211256609527716,1.5007196662837166
812,95.3,0.9998479808556722,0.7208326712341087,1.5001235859332556
813,95.325,0.9998464962060754,0.720540141456016,1.499527291685923
814,95.35,0.9998450096664925,0.7202480741008516,1.4989307877424205
815,95.375,0.9998435210773653,0.719956470188376,1.4983340771868945
816,95.4,0.9998420309779388,0.7196653293728643,1.497737164741631
817,95.425,0.9998405389123112,0.7193746547777085,1.4971400534000792
818,95.45,0.999839045203479,0.7190844459722368,1.4965427479108517
819,95.475,0.9998375498214225,0.7187947049511054,1.495945251684468
820,95.5,0.9998360528350715,0.7185054318932468,1.4953475682947677
821,95.525,0.9998345541917576,0.7182166295252431,1.4947497030003558
822,95.55,0.9998330540550521,0.7179282969471097,1.4941516580865672
823,95.575,0.9998315524869814,0.7176404357897163,1.4935534381673992
824,95.6,0.9998300494541563,0.7173530474255507,1.4929550474983833
825,95.625,0.9998285450756714,0.7170661325370705,1.4923564896055987
826,95.65,0.9998270390132367,0.7167796943857969,1.4917577691159276
827,95.675,0.9998255319666497,0.716493730133074,1.4911588890727472
828,95.7,0.9998240235834179,0.7162082429683323,1.490559853745947
829,95.725,0.9998225140314271,0.7159232335469344,1.4899606678177646
830,95.75,0.9998210031795138,0.7156387036181201,1.4893613346316106
831,95.775,0.9998194913626847,0.7153546520005363,1.4887618578217305
832,95.8,0.9998179782520004,0.7150710829769501,1.4881622424340153
833,95.825,0.9998164642544867,0.7147879941863784,1.487562491622154
834,95.85,0.9998149492273104,0.7145053888213024,1.4869626102381905
835,95.875,0.9998134331915265,0.7142232672612395,1.486362601907082
836,95.9,0.9998119161555062,0.7139416304976106,1.4857624702696852
837,95.925,0.9998103983496863,0.7136604794297738,1.485162220391981
838,95.95,0.9998088796639008,0.7133798149910404,1.4845618555333266
839,95.975,0.9998073602965759,0.7130996372597525,1.4839613800902727
840,96.0,0.9998058401423702,0.7128199484972946,1.4833607983416852
841,96.025,0.9998043192285505,0.7125407489099679,1.4827601136280326
842,96.05,0.9998027978174069,0.7122620391615322,1.482159331267039
843,96.075,0.9998012757450387,0.7119838204588083,1.4815584539899855
844,96.1,0.9997997530269398,0.7117060947757979,1.4809574873363742
845,96.125,0.9997982299010532,0.7114288611593731,1.4803564345163427
846,96.15,0.9997967063555131,0.711152120979703,1.4797553002117954
847,96.175,0.9997951820960639,0.710875876946469,1.4791540883449235
848,96.2,0.9997936577037843,0.7106001275483999,1.4785528029127504
849,96.225,0.9997921327779719,0.7103248752434058,1.4779514489262646
850,96.25,0.9997906077388591,0.7100501192420344,1.4773500292403918
851,96.275,0.9997890825207804,0.7097758607589912,1.4767485487662497
852,96.3,0.9997875569860054,0.7095021017365946,1.4761470120225901
853,96.325,0.9997860312418333,0.7092288428894834,1.4755454226473634
854,96.35,0.9997845053115022,0.7089560854752318,1.4749437856564362
855,96.375,0.999782979409703,0.7086838280989302,1.474342104101207
856,96.4,0.9997814534096277,0.7084120731400498,1.4737403831327809
857,96.425,0.9997799274968289,0.7081408215152669,1.473138626878391
858,96.45,0.9997784015646093,0.7078700734671368,1.4725368394336917
859,96.475,0.9997768757041872,0.7075998303873342,1.471935025229872
860,96.5,0.9997753500631216,0.7073300923155741,1.4713331882625924
861,96.525,0.9997738245288609,0.7070608602662694,1.470731332985811
862,96.55,0.9997722992483448,0.7067921351390727,1.4701294638132791
863,96.575,0.9997707741965969,0.706523918523754,1.4695275849110003
864,96.6,0.999769249517672,0.7062562093179288,1.4689257006349212
865,96.625,0.9997677251499032,0.7059890095370235,1.4683238150644933
866,96.65,0.9997662011764836,0.7057223197468966,1.4677219331990863
867,96.675,0.9997646774703732,0.7054561413425,1.4671200586490687
868,96.7,0.9997631545744052,0.7051904727989463,1.4665181956977216
869,96.725,0.9997616318820859,0.7049253173670028,1.4659163493930618
870,96.75,0.999760109887575,0.7046606749228127,1.4653145239486232
871,96.775,0.9997585884989403,0.7043965453873582,1.4647127230855408
872,96.8,0.9997570678217258,0.7041329296392717,1.4641109513761805
873,96.825,0.999755547641069,0.7038698300058539,1.4635092142855106
874,96.85,0.9997540283816524,0.7036072445181717,1.4629075142276589
875,96.875,0.9997525097234995,0.7033451762245148,1.4623058574738679
876,96.9,0.9997509919014025,0.7030836246866637,1.4617042475790423
877,96.925,0.9997494750057676,0.702822590492997,1.4611026890430092
878,96.95,0.9997479589933084,0.7025620742206927,1.4605011859131014
879,96.975,0.9997464439495395,0.7023020766546473,1.4598997434787322
880,97.0,0.9997449298902693,0.7020425987811306,1.4592983650494293
881,97.025,0.9997434166535673,0.7017836421219333,1.4586970563460742
882,97.05,0.9997419045938563,0.7015252050294294,1.4580958207915986
883,97.075,0.9997403937396036,0.701267288866349,1.457494663075604
884,97.1,0.9997388837456318,0.7010098960152693,1.4568935879834293
885,97.125,0.9997373751654585,0.7007530248029188,1.4562925996913492
886,97.15,0.999735867615155,0.700496677488818,1.4556917029372078
887,97.175,0.9997343614663247,0.7002408537178015,1.4550909022013339
888,97.2,0.9997328565584593,0.6999855536351052,1.454490201206319
889,97.225,0.9997313530552732,0.6997307786930761,1.4538896055924102
890,97.25,0.9997298508115289,0.6994765295682349,1.4532891189686679
891,97.275,0.9997283499653337,0.6992228068241766,1.4526887466201952
892,97.3,0.9997268507814212,0.6989696092604516,1.4520884918205104
893,97.325,0.9997253527950635,0.6987169410838953,1.4514883605652495
894,97.35,0.9997238563982879,0.6984647993837586,1.4508883567700952
895,97.375,0.9997223617947124,0.6982131853342606,1.4502884844818604
896,97.4,0.9997208686547868,0.6979621004679892,1.4496887487989705
897,97.425,0.9997193771842233,0.6977115450053426,1.44908915390827
898,97.45,0.9997178873150172,0.6974615196422781,1.4484897052796935
899,97.475,0.9997163991640867,0.6972120246670245,1.4478904062823983
900,97.5,0.9997149128567924,0.6969630599086535,1.4472912618075136
901,97.525,0.9997134284302509,0.6967146260844035,1.446692276840499
902,97.55,0.9997119456908886,0.6964667251322125,1.4460934559193035
903,97.575,0.9997104648478177,0.6962193558295205,1.4454948026503993
904,97.6,0.9997089859485618,0.695972519654346,1.4448963232575056
905,97.625,0.9997075088952316,0.6957262170167309,1.4442980214890353
906,97.65,0.9997060339565265,0.6954804469163174,1.4436999012945206
907,97.675,0.9997045610300661,0.6952352112997564,1.4431019679169457
908,97.7,0.9997030900911922,0.6949905107726746,1.4425042261778707
909,97.725,0.9997016211882388,0.694746345353187,1.44190668057135
910,97.75,0.9997001544883611,0.6945027152702273,1.4413093354977673
911,97.775,0.999698690043962,0.694259620158045,1.4407121952994464
912,97.8,0.9996972277305238,0.6940170624559159,1.4401152653892848
913,97.825,0.9996957675227182,0.6937750414914463,1.439518549813608
914,97.85,0.9996943098325957,0.6935335563871545,1.43892205353226
915,97.875,0.9996928543972202,0.693292609633775,1.4383257810250925
916,97.9,0.999691401231483,0.6930522009990769,1.4377297369305502
917,97.925,0.99968995035053,0.6928123313010989,1.4371339262507041
918,97.95,0.9996885020872036,0.6925729989841866,1.4365383530131683
919,97.975,0.9996870561830495,0.6923342064218578,1.435943022362012
920,98.0,0.9996856127750016,0.6920959528954153,1.4353479380320073
921,98.025,0.9996841718120569,0.6918582399787735,1.4347531067051984
922,98.05,0.9996827334727689,0.6916210666902307,1.4341585315064533
923,98.075,0.9996812974937851,0.6913844351654004,1.4335642171826848
924,98.1,0.9996798644335773,0.6911483430281036,1.432970168710151
925,98.125,0.9996784339300357,0.6909127922873781,1.4323763908316287
926,98.15,0.9996770060688022,0.6906777837592865,1.4317828881970762
927,98.175,0.9996755810954204,0.690443316051707,1.4311896651809457
928,98.2,0.9996741586845195,0.6902093911910908,1.4305967269452704
929,98.225,0.9996727391158794,0.6899760090793946,1.4300040783190098
930,98.25,0.999671322286396,0.6897431700365614,1.4294117236414
931,98.275,0.999669908419574,0.6895108734578365,1.4288196675338658
932,98.3,0.999668497431076,0.6892791203264758,1.4282279150495454
933,98.325,0.9996670891787803,0.6890479118384444,1.4276364707211175
934,98.35,0.9996656840501996,0.6888172463819167,1.4270453393009837
935,98.375,0.9996642817869076,0.6885871260010594,1.4264545255919392
936,98.4,0.9996628826997246,0.6883575491562552,1.4258640336825745
937,98.425,0.999661486532989,0.6881285173992565,1.4252738695809164
938,98.45,0.9996600934169639,0.6879000310198978,1.4246840371675862
939,98.475,0.9996587034797129,0.687672089751161,1.4240945414961839
940,98.5,0.9996573165642569,0.6874446944226987,1.4235053871987269
941,98.525,0.9996559328022948,0.6872178453160838,1.422916579030818
942,98.55,0.9996545523459022,0.6869915409961002,1.4223281213130883
943,98.575,0.9996531749836959,0.6867657840656097,1.42174001990404
944,98.6,0.9996518011139754,0.6865405722583449,1.4211522780748438
945,98.625,0.9996504302130151,0.6863159085317164,1.4205649016475814
946,98.65,0.9996490626121619,0.6860917924591954,1.4199778958395635
947,98.675,0.9996476987055218,0.685868221019856,1.4193912637584627
948,98.7,0.9996463378664422,0.6856451986944089,1.4188050113290271
949,98.725,0.9996449804723597,0.6854227236470375,1.4182191436861127
950,98.75,0.9996436265325029,0.6852007961800334,1.4176336646638532
951,98.775,0.9996422758717188,0.6849794174783991,1.4170485796993735
952,98.8,0.999640929024707,0.684758584684681,1.4164638924026196
953,98.825,0.9996395854247649,0.684538301764896,1.415879609284742
954,98.85,0.9996382454300986,0.68431856749804,1.4152957345816028
955,98.875,0.9996369090452946,0.6840993809872563,1.414712272333665
956,98.9,0.9996355760761392,0.683880744389237,1.4141292279761457
957,98.925,0.9996342468572338,0.6836626554143136,1.41354660557928
958,98.95,0.9996329213200985,0.6834451157161563,1.4129644111165023
959,98.975,0.9996315992862093,0.6832281260155229,1.4123826486856266
960,99.0,0.9996302810099128,0.6830116851021094,1.4118013228717683
961,99.025,0.9996289664270295,0.6827957935687022,1.4112204389171317
962,99.05,0.9996276556922464,0.6825804510632055,1.4106400013623346
963,99.075,0.9996263486322754,0.6823656588832734,1.4100600154432203
964,99.1,0.9996250452785277,0.6821514170686709,1.40948048561396
965,99.125,0.9996237457487892,0.6819377251455413,1.408901416728149
966,99.15,0.9996224501503085,0.6817245824020841,1.408322813807023
967,99.175,0.9996211584912336,0.6815119891359691,1.4077446805159761
968,99.2,0.9996198705034656,0.6812999474715169,1.4071670232415867
969,99.225,0.9996185866234953,0.6810884550370739,1.4065898459579518
970,99.25,0.9996173064379944,0.6808775142826109,1.4060131541565986
971,99.275,0.9996160304267132,0.6806671226313897,1.4054369514129603
972,99.3,0.9996147582267724,0.6804572827885457,1.404861244122739
973,99.325,0.9996134901979673,0.6802479915850824,1.4042860353977764
974,99.35,0.9996122260588723,0.6800392526917526,1.4037113315842398
975,99.375,0.9996109660365976,0.6798310634941275,1.403137136405888
976,99.4,0.999609710103968,0.6796234250430031,1.402563455368615
977,99.425,0.9996084581995693,0.6794163371672733,1.4019902926266905
978,99.45,0.9996072102957961,0.6792098015653382,1.401417655031494
979,99.475,0.9996059666331836,0.6790038158004013,1.4008455441782428
980,99.5,0.9996047271835655,0.6787983800563164,1.400273966536702
981,99.525,0.9996034917683322,0.6785934966411655,1.3997029276239894
982,99.55,0.9996022606468904,0.6783891631068255,1.399132431040144
983,99.575,0.9996010336760749,0.6781853812341135,1.398562482343098
984,99.6,0.9995998110718283,0.6779821488302752,1.397993085846455
985,99.625,0.9995985925561015,0.6777794690377097,1.397424247311435
986,99.65,0.9995973782569809,0.6775773399979402,1.3968559705150985
987,99.675,0.9995961684361163,0.6773757606020013,1.3962882604750817
988,99.7,0.9995949627860519,0.6771747329585281,1.3957211224314283
989,99.725,0.9995937615384518,0.6769742562172014,1.395154560847181
990,99.75,0.9995925645691665,0.676774330106932,1.3945885809587901
991,99.775,0.9995913720649441,0.6765749546532402,1.3940231869637474
992,99.8,0.9995901837915382,0.6763761307519549,1.3934583843056656
993,99.825,0.9995889999955293,0.6761778568351282,1.3928941773123737
994,99.85,0.9995878206242457,0.6759801333796471,1.3923305712368852
995,99.875,0.9995866457172277,0.6757829607404042,1.3917675704465484
996,99.9,0.9995854751966051,0.6755863393046699,1.3912051802219323
997,99.925,0.9995843091494006,0.6753902680938582,1.3906434048612644
998,99.95,0.9995831475999011,0.6751947476708382,1.3900822499092773
999,99.975,0.9995819904460665,0.6749997777328313,1.3895217194235465
1000,100.0,0.9995808378632399,0.6748053579237258,1.3889618186231745
1001,100.025,0.9995796898672199,0.6746114881837885,1.3884025526002788
1002,100.05,0.9995785464188148,0.6744181685315594,1.3878439253231034
1003,100.075,0.9995774075027486,0.6742253990093742,1.3872859421163923
1004,100.1,0.9995762730330606,0.6740331807078747,1.3867286084617305
1005,100.125,0.9995751433299583,0.6738415106076352,1.3861719274803053
1006,100.15,0.9995740180571351,0.6736503922774,1.3856159061312552
1007,100.175,0.9995728976513164,0.6734598212304225,1.3850605467355506
1008,100.2,0.9995717814598214,0.6732698027533467,1.3845058569067012
1009,100.225,0.9995706702804801,0.6730803316708888,1.3839518386881957
1010,100.25,0.9995695636825517,0.6728914102943363,1.3833984988868724
1011,100.275,0.9995684615834427,0.6727030393394705,1.3828458416776015
1012,100.3,0.9995673642493336,0.6725152170265608,1.3822938715010489
1013,100.325,0.9995662715998741,0.6723279437004176,1.381742593344691
1014,100.35,0.9995651836345528,0.6721412194313882,1.3811920123535828
1015,100.375,0.999564100403121,0.6719550441287323,1.3806421330749676
1016,100.4,0.9995630218393343,0.6717694176234266,1.380092960210388
1017,100.425,0.999561948094579,0.671584338776845,1.3795444984710727
1018,100.45,0.9995608789926161,0.671399809738181,1.378996752938683
1019,100.475,0.9995598149106832,0.6712158267136193,1.378449728065826
1020,100.5,0.9995587554106481,0.6710323931485532,1.3779034286053744
1021,100.525,0.999557700692721,0.6708495074351968,1.3773578598395608
1022,100.55,0.999556650657449,0.6706671699175785,1.3768130264459226
1023,100.575,0.9995556056021382,0.670485379126538,1.3762689328035393
1024,100.6,0.9995545652839499,0.6703041358214594,1.3757255833543334
1025,100.625,0.9995535297947366,0.6701234404273375,1.375182984551073
1026,100.65,0.9995524989288829,0.6699432927705934,1.3746411398484102
1027,100.675,0.9995514732072379,0.6697636899950598,1.374100053247923
1028,100.7,0.9995504521266337,0.6695846352563106,1.3735597309096526
1029,100.725,0.9995494360438683,0.6694061262124641,1.3730201768763592
1030,100.75,0.9995484246127425,0.669228164549511,1.3724813963537967
1031,100.775,0.9995474182454338,0.6690507480280705,1.3719433936369312
1032,100.8,0.9995464166537468,0.6688738778044166,1.3714061741084524
1033,100.825,0.9995454199133237,0.6686975536772857,1.3708697417188078
1034,100.85,0.9995444281349023,0.6685217744788643,1.3703341015436066
1035,100.875,0.9995434411384939,0.6683465411949356,1.369799258672286
1036,100.9,0.9995424590555532,0.6681718529332159,1.3692652176590272
1037,100.925,0.9995414820040887,0.6679977085805517,1.3687319826636548
1038,100.95,0.9995405098646561,0.6678241093152619,1.3681995591339182
1039,100.975,0.9995395425164979,0.6676510546909625,1.3676679511381982
1040,101.0,0.9995385800435904,0.6674785446390505,1.3671371643188037
1041,101.025,0.9995376224875311,0.667306578860485,1.3666072026597822
1042,101.05,0.9995366699499018,0.6671351562965415,1.366078070998781
1043,101.075,0.999535722498704,0.6669642757807431,1.3655497734393396
1044,101.1,0.9995347797692264,0.666793940216955,1.365022316221184
1045,101.125,0.999533842073154,0.6666241469533313,1.364495702690489
1046,101.15,0.9995329091859877,0.6664548969961914,1.3639699381113992
1047,101.175,0.9995319813256509,0.6662861896517225,1.3634450268717946
1048,101.2,0.9995310584321313,0.6661180238841796,1.362920974227163
1049,101.225,0.9995301403678858,0.665950401419832,1.362397784785241
1050,101.25,0.999529227540312,0.6657833183355067,1.3618754621429465
1051,101.275,0.9995283194464872,0.6656167785131715,1.3613540121111258
1052,101.3,0.9995274163524627,0.6654507795349826,1.360833439127005
1053,101.325,0.9995265181586398,0.6652853218208892,1.3603137472874272
1054,101.35,0.9995256251779175,0.6651204032024531,1.3597949417198079
1055,101.375,0.9995247370037711,0.6649560257456274,1.3592770268853838
1056,101.4,0.999523853727188,0.664792189184706,1.358760008006845
1057,101.425,0.9995229754921491,0.6646288914487626,1.3582438891005768
1058,101.45,0.9995221022641047,0.6644661333819152,1.3577286747910198
1059,101.475,0.9995212338835264,0.6643039151855512,1.3572143700936756
1060,101.5,0.9995203704953514,0.6641422357729686,1.3567009794105118
1061,101.525,0.9995195121714828,0.6639810944104988,1.3561885072438131
1062,101.55,0.9995186587260637,0.6638204915913597,1.3556769587565425
1063,101.575,0.9995178103469355,0.6636604264058887,1.355166337431675
1064,101.6,0.9995169667909855,0.6635009002477661,1.3546566494909467
1065,101.625,0.9995161282562044,0.6633419107491194,1.3541478983213104
1066,101.65,0.9995152948804955,0.6631834573483784,1.3536400882635933
1067,101.675,0.9995144662375071,0.6630255419759102,1.353133224975813
1068,101.7,0.9995136425712545,0.6628681628790787,1.3526273125111938
1069,101.725,0.9995128239605042,0.6627113199911495,1.352122355523812
1070,101.75,0.9995120100988433,0.6625550136148963,1.3516183585253727
1071,101.775,0.999511201406924,0.6623992411753236,1.3511153256691961
1072,101.8,0.9995103975686117,0.6622440052262001,1.3506132623868863
1073,101.825,0.9995095986911862,0.6620893038847888,1.3501121726086938
1074,101.85,0.9995088049514304,0.6619351355668021,1.349612060715424
1075,101.875,0.9995080159511897,0.6617815028544689,1.3491129320129538
1076,101.9,0.9995072317405342,0.6616284050511072,1.3486147907907873
1077,101.925,0.9995064527695985,0.6614758385850954,1.348117640305371
1078,101.95,0.999505678517322,0.6613238071140808,1.3476214873323515
1079,101.975,0.999504909283381,0.6611723073725686,1.3471263344694813
1080,102.0,0.9995041450003536,0.6610213404265173,1.346632187213235
1081,102.025,0.9995033855675909,0.6608709060680394,1.3461390498023431
1082,102.05,0.9995026310098096,0.6607210030935419,1.3456469269065174
1083,102.075,0.9995018814940636,0.6605716312160503,1.345155822148755
1084,102.1,0.999501136827371,0.6604227907498796,1.3446657412359173
1085,102.125,0.9995003970080119,0.6602744812605184,1.3441766877783967
1086,102.15,0.9994996621804962,0.6601267014263239,1.343688666639243
1087,102.175,0.9994989320787331,0.6599794525826369,1.3432016820528179
1088,102.2,0.999498206944161,0.6598327329326251,1.3427157390712399
1089,102.225,0.9994974865888548,0.6596865431468659,1.3422308414467887
1090,102.25,0.9994967712048345,0.6595408814926366,1.341746993490275
1091,102.275,0.999496060682683,0.6593957483254274,1.3412641998883048
1092,102.3,0.9994953549395098,0.6592511442253535,1.3407824659949354
1093,102.325,0.9994946539938674,0.6591070675443219,1.3403017948261626
1094,102.35,0.9994939580655974,0.6589635177191586,1.339822191149519
1095,102.375,0.9994932667744993,0.6588204958748047,1.33934366008282
1096,102.4,0.9994925803833493,0.6586780002064104,1.3388662051051416
1097,102.425,0.9994918988310382,0.658536030362466,1.338389830758883
1098,102.45,0.9994912220408082,0.6583945870145976,1.337914541874259
1099,102.475,0.9994905500415854,0.658253669262416,1.3374403427453272
1100,102.5,0.9994898828230423,0.6581132768087345,1.3369672377669635
1101,102.525,0.9994892203241146,0.657973408807957,1.3364952305369073
1102,102.55,0.9994885627225306,0.6578340645206313,1.3360243257920763
1103,102.575,0.9994879097725907,0.6576952455360618,1.3355545286990131
1104,102.6,0.9994872616296391,0.6575569490934451,1.3350858425018362
1105,102.625,0.9994866182109431,0.6574191760212396,1.3346182722284348
1106,102.65,0.9994859793411707,0.657281927110144,1.3341518222441235
1107,102.675,0.9994853455919075,0.6571451976472794,1.3336864953422074
1108,102.7,0.9994847163289948,0.657008991599673,1.3332222973573726
1109,102.725,0.9994840916102717,0.6568733082839467,1.3327592326903717
1110,102.75,0.9994834717854758,0.6567381449846906,1.3322973046080018
1111,102.775,0.9994828564658963,0.6566035031641991,1.3318365186421688
1112,102.8,0.9994822459899203,0.6564693805772238,1.331376877334051
1113,102.825,0.9994816400197628,0.656335778998354,1.3309183866173917
1114,102.85,0.999481038751098,0.6562026965983936,1.3304610495124762
1115,102.875,0.99948044218905,0.6560701330768519,1.3300048710590284
1116,102.9,0.999479850110666,0.6559380885909093,1.3295498552006204
1117,102.925,0.9994792627406741,0.6558065620661063,1.3290960060011339
1118,102.95,0.9994786797415334,0.6556755548116758,1.3286433285107484
1119,102.975,0.9994781015757779,0.655545063352769,1.3281918251533245
1120,103.0,0.9994775279538699,0.6554150890515512,1.327741501426942
1121,103.025,0.9994769588177744,0.6552856318211492,1.3272923612949865
1122,103.05,0.999476394184749,0.6551566909770867,1.3268444091705924
1123,103.075,0.9994758341526727,0.6550282656942522,1.326397648692146
1124,103.1,0.9994752786399219,0.6549003559345037,1.3259520842044372
1125,103.125,0.9994747275307483,0.6547729613166654,1.3255077202918795
1126,103.15,0.9994741810161774,0.6546460805749286,1.3250645602238136
1127,103.175,0.9994736388588822,0.6545197150328044,1.3246226091673696
1128,103.2,0.9994731012869605,0.6543938619957482,1.3241818698157553
1129,103.225,0.9994725680121129,0.6542685233267201,1.3237423480124348
1130,103.25,0.999472039233648,0.6541436970085869,1.3233040468625916
1131,103.275,0.9994715149590091,0.6540193824266917,1.3228669700840558
1132,103.3,0.9994709950567311,0.6538955801829255,1.3224311221996008
1133,103.325,0.9994704795034457,0.6537722894434391,1.3219965069911392
1134,103.35,0.9994699684035484,0.6536495095242407,1.3215631290741028
1135,103.375,0.9994694615759732,0.6535272407342463,1.3211309925833898
1136,103.4,0.9994689591635636,0.653405481821502,1.3207001010616433
1137,103.425,0.99946846093958,0.6532842330799847,1.320270458646933
1138,103.45,0.9994679671103697,0.653163493706259,1.31984206926717
1139,103.475,0.9994674776188365,0.6530432627585753,1.3194149370136705
1140,103.5,0.9994669922821008,0.652923541285682,1.318989066584723
1141,103.525,0.9994665113515113,0.652804326701763,1.3185644599652957
1142,103.55,0.9994660346103857,0.6526856203013712,1.3181411231796516
1143,103.575,0.999465562096184,0.6525674206520348,1.3177190592635466
1144,103.6,0.9994650938621243,0.6524497275255248,1.3172982725289948
1145,103.625,0.9994646296307282,0.6523325420881207,1.3168787669841844
1146,103.65,0.9994641698730024,0.6522158603764002,1.3164605455497909
1147,103.675,0.9994637141490461,0.6520996854636312,1.316043613385322
1148,103.7,0.9994632625247827,0.6519840149234624,1.3156279737469931
1149,103.725,0.9994628150576181,0.6518688493989392,1.3152136310918854
1150,103.75,0.9994623717470529,0.6517541874349764,1.3148005887036176
1151,103.775,0.9994619324045048,0.6516400299943601,1.3143888505620305
1152,103.8,0.9994614973439113,0.6515263745613693,1.3139784205177043
1153,103.825,0.9994610663098715,0.6514132218067111,1.313569302644871
1154,103.85,0.9994606391921068,0.6513005719618956,1.3131615007409319
1155,103.875,0.9994602162129043,0.6511884238366155,1.3127550188718664
1156,103.9,0.9994597971876841,0.6510767770305047,1.3123498604864234
1157,103.925,0.999459382165108,0.6509656310867876,1.3119460291588259
1158,103.95,0.9994589711029775,0.650854985823872,1.3115435291488982
1159,103.975,0.9994585639871364,0.6507448407371498,1.311142364420697
1160,104.0,0.9994581608568022,0.6506351945769632,1.310742537411326
1161,104.025,0.9994577616888578,0.6505260475822888,1.3103440540235285
1162,104.05,0.9994573662767194,0.6504174002960924,1.309946916662043
1163,104.075,0.9994569748682303,0.6503092503274684,1.309551128926886
1164,104.1,0.9994565873810082,0.6502015978501868,1.3091566949995788
1165,104.125,0.9994562035853721,0.6500944436098953,1.3087636188846221
1166,104.15,0.9994558237195247,0.6499877855356174,1.3083719034576027
1167,104.175,0.9994554476209613,0.6498816240703774,1.307981552965151
1168,104.2,0.9994550752522398,0.649775959595846,1.3075925716814436
1169,104.225,0.9994547066651196,0.6496707900099188,1.3072049621261286
1170,104.25,0.9994543420032845,0.6495661145848849,1.3068187281822345
1171,104.275,0.9994539809110248,0.6494619347024169,1.3064338738169161
1172,104.3,0.9994536234374373,0.6493582494950022,1.3060504030313675
1173,104.325,0.9994532698658102,0.6492550570222273,1.3056683184798274
1174,104.35,0.9994529199438489,0.6491523575433075,1.3052876240942468
1175,104.375,0.9994525736642186,0.6490501513661884,1.3049083242515902
1176,104.4,0.9994522308895893,0.6489484381323148,1.3045304219624476
1177,104.425,0.9994518918727049,0.6488472160052038,1.3041539204766202
1178,104.45,0.9994515562892511,0.6487464865218663,1.303778824111116
1179,104.475,0.9994512244624728,0.6486462466419568,1.3034051353079454
1180,104.5,0.9994508959781853,0.6485464993817484,1.303032859254592
1181,104.525,0.99945057129894,0.6484472397333982,1.3026619972034172
1182,104.55,0.9994502497885984,0.6483484724090598,1.3022925552890756
1183,104.575,0.9994499320107069,0.6482501927563341,1.30192453539937
1184,104.6,0.9994496176706975,0.6481524021133,1.3015579411511882
1185,104.625,0.9994493067912182,0.6480550993986121,1.3011927756986368
1186,104.65,0.9994489993024029,0.6479582853191592,1.300829043438724
1187,104.675,0.9994486953504182,0.6478619576719808,1.3004667467950353
1188,104.7,0.9994483945538674,0.6477661188173133,1.3001058911329924
1189,104.725,0.9994480973486083,0.6476707648684973,1.2997464773782264
1190,104.75,0.9994478035129923,0.6475758969401825,1.2993885099577986
1191,104.775,0.9994475128173957,0.6474815156540483,1.2990319927184948
1192,104.8,0.9994472254602088,0.6473876199494567,1.2986769292209883
1193,104.825,0.9994469414828914,0.6472942078798837,1.2983233213816183
1194,104.85,0.9994466607120579,0.6472012806977766,1.2979711742878537
1195,104.875,0.9994463831205447,0.647108837942864,1.2976204901846555
1196,104.9,0.9994461088193747,0.6470168784373244,1.297271273093655
1197,104.925,0.9994458377156216,0.6469254013675784,1.2969235257915475
1198,104.95,0.9994455698384681,0.6468344070554289,1.2965772514718465
1199,104.975,0.9994453051281234,0.6467438948999895,1.296232454180947
1200,105.0,0.9994450435589255,0.6466538640818644,1.2958891357963562
1201,105.025,0.9994447849162034,0.6465643162168065,1.2955473019711357
1202,105.05,0.9994445294847231,0.646475248332114,1.2952069537477586
1203,105.075,0.9994442772750673,0.6463866595486921,1.2948680949636362
1204,105.1,0.9994440279235238,0.6462985519392292,1.294530729098931
1205,105.125,0.9994437816245263,0.6462109238226584,1.2941948594758608
1206,105.15,0.9994435384857464,0.6461237738523705,1.293860488708041
1207,105.175,0.9994432982581452,0.6460371030900961,1.2935276203098658
1208,105.2,0.9994430609631209,0.6459509107444847,1.293196258186441
1209,105.225,0.9994428266067971,0.6458651962307037,1.2928664044510645
1210,105.25,0.9994425951893954,0.6457799590494305,1.2925380629130792
1211,105.275,0.9994423666424861,0.6456951988571646,1.292211236103668
1212,105.3,0.9994421411732388,0.6456109137511534,1.291885927170942
1213,105.325,0.9994419183020713,0.6455271066564111,1.291562140227469
1214,105.35,0.9994416984674179,0.6454437739031235,1.2912398767954598
1215,105.375,0.9994414812935773,0.6453609169938477,1.2909191413547603
1216,105.4,0.9994412671169528,0.6452785340802559,1.2905999361143259
1217,105.425,0.9994410554802295,0.6451966266143604,1.290282264351432
1218,105.45,0.9994408467597014,0.6451151922486178,1.2899661293440292
1219,105.475,0.9994406406390689,0.6450342320811606,1.2896515337318704
1220,105.5,0.9994404373660185,0.6449537439464496,1.289338480613709
1221,105.525,0.9994402367590451,0.6448737290981225,1.289026973640055
1222,105.55,0.9994400386141148,0.6447941875024062,1.2887170154838887
1223,105.575,0.9994398434752859,0.6447151149237373,1.2884086068852796
1224,105.6,0.9994396506914967,0.644636516314966,1.2881017549045508
1225,105.625,0.999439460616534,0.6445583875384437,1.2877964592558402
1226,105.65,0.9994392731014934,0.6444807296463947,1.2874927243120415
1227,105.675,0.9994390882051168,0.6444035412768406,1.2871905518812539
1228,105.7,0.9994389056270316,0.6443268240316801,1.2868899464088641
1229,105.725,0.9994387257300743,0.6442505753780315,1.2865909097326624
1230,105.75,0.9994385483356464,0.6441747953028854,1.2862934445231067
1231,105.775,0.9994383733714632,0.644099484006865,1.2859975541353523
1232,105.8,0.9994382009146939,0.6440246405423266,1.2857032413629486
1233,105.825,0.9994380308297808,0.6439502649183181,1.2854105087540362
1234,105.85,0.9994378632157451,0.6438763565002062,1.285119359233734
1235,105.875,0.9994376979169659,0.6438029147994238,1.2848297960469206
1236,105.9,0.9994375349992183,0.6437299400171053,1.284541821375657
1237,105.925,0.9994373744143199,0.6436574313393277,1.2842554381902629
1238,105.95,0.9994372162553598,0.6435853878668956,1.2839706489802498
1239,105.975,0.9994370602476014,0.6435138099060072,1.283687457139577
1240,106.0,0.9994369067087305,0.6434426963112252,1.2834058642919193
1241,106.025,0.9994367552176561,0.6433720485332592,1.2831258748381746
1242,106.05,0.9994366060357553,0.643301863810371,1.2828474893480328
1243,106.075,0.999436459107561,0.6432321430510809,1.282570712215778
1244,106.1,0.9994363142743817,0.6431628858332148,1.2822955455831146
1245,106.125,0.9994361718372645,0.6430940901725823,1.2820219909816912
1246,106.15,0.9994360314049099,0.643025758452836,1.2817500529312291
1247,106.175,0.9994358930218362,0.6429578887029942,1.2814797326963627
1248,106.2,0.9994357568493458,0.6428904808467922,1.2812110334345188
1249,106.225,0.9994356228054623,0.6428235335064358,1.2809439571800654
1250,106.25,0.9994354907953166,0.6427570477852231,1.2806785071837876
1251,106.275,0.9994353607389252,0.6426910227446394,1.2804146860282382
1252,106.3,0.9994352328911092,0.6426254570875637,1.2801524954728178
1253,106.325,0.9994351069680512,0.6425603521531943,1.279891938847565
1254,106.35,0.9994349830264068,0.6424957061720729,1.279633017539544
1255,106.375,0.9994348610586562,0.6424315192945701,1.2793757352102055
1256,106.4,0.9994347410989551,0.6423677910361292,1.2791200939396246
1257,106.425,0.9994346230493669,0.6423045212047979,1.2788660960003673
1258,106.45,0.99943450680069,0.6422417096429012,1.278613744128206
1259,106.475,0.9994343924619697,0.6421793557096146,1.278363040402836
1260,106.5,0.999434279963422,0.6421174593803032,1.2781139882282984
1261,106.525,0.9994341693829246,0.6420560194435235,1.2778665881444073
1262,106.55,0.9994340605856122,0.6419950363459274,1.277620844384695
1263,106.575,0.9994339537066805,0.641934508528962,1.2773767579850364
1264,106.6,0.9994338485063463,0.6418744371248832,1.2771343317999602
1265,106.625,0.9994337450081511,0.6418148218443189,1.2768935687161387
1266,106.65,0.999433643342617,0.6417556605921023,1.2766544701849014
1267,106.675,0.9994335432803004,0.64169695550198,1.2764170391843515
1268,106.7,0.9994334450836583,0.6416387032815212,1.2761812770018353
1269,106.725,0.9994333485004047,0.6415809057035008,1.275947186674672
1270,106.75,0.999433253527236,0.6415235624183852,1.2757147710435195
1271,106.775,0.9994331604240622,0.6414666708315521,1.275484030536009
1272,106.8,0.9994330687107618,0.6414102338143468,1.2752549691220065
1273,106.825,0.9994329787021446,0.6413542488108303,1.2750275883891142
1274,106.85,0.9994328902125758,0.6412987164211944,1.2748018903902754
1275,106.875,0.9994328033422245,0.6412436361566346,1.2745778773241285
1276,106.9,0.9994327178704339,0.6411890087107484,1.2743555524143142
1277,106.925,0.9994326342321165,0.6411348300289724,1.2741349155106088
1278,106.95,0.9994325518698783,0.6410811043204053,1.273915970739195
1279,106.975,0.999432471206719,0.6410278274746802,1.2736987185982471
1280,107.0,0.9994323917964696,0.6409750028002437,1.2734831632103347
1281,107.025,0.999432314007609,0.6409226269229741,1.2732693045252454
1282,107.05,0.9994322376115921,0.6408707012344944,1.2730571463431577
1283,107.075,0.999432162504563,0.6408192255362357,1.27284669014449
1284,107.1,0.9994320890026961,0.6407681980096688,1.2726379371623204
1285,107.125,0.9994320168071856,0.6407176190440476,1.272430889825604
1286,107.15,0.9994319459552571,0.6406674890347278,1.2722255509824654
1287,107.175,0.9994318764187392,0.6406178071051317,1.272021921391331
1288,107.2,0.9994318081253123,0.6405685741126416,1.2718200050194581
1289,107.225,0.9994317413943217,0.6405197865075924,1.2716198009372266
1290,107.25,0.9994316756131031,0.6404714489830223,1.2714213138156205
1291,107.275,0.9994316112984679,0.6404235564066466,1.2712245435023384
1292,107.3,0.9994315483498022,0.6403761100981352,1.2710294923908563
1293,107.325,0.9994314865500459,0.6403291108641213,1.270836163090833
1294,107.35,0.9994314260044035,0.6402825570472533,1.2706445562520263
1295,107.375,0.9994313665833957,0.6402364494869675,1.2704546754457018
1296,107.4,0.9994313083663323,0.6401907873628719,1.2702665209615518
1297,107.425,0.9994312514637974,0.6401455694841495,1.2700800951397409
1298,107.45,0.9994311954733254,0.6401007979911196,1.2698954005377876
1299,107.475,0.9994311407426503,0.6400564704828591,1.269712438261102
1300,107.5,0.9994310872381246,0.6400125863232022,1.2695312089412971
1301,107.525,0.9994310346418779,0.6399691478643758,1.2693517170543978
1302,107.55,0.9994309832632796,0.6399261519883706,1.2691739616227176
1303,107.575,0.9994309329481597,0.6398835994463058,1.268997945654331
1304,107.6,0.9994308835954211,0.6398414910272843,1.2688236706428524
1305,107.625,0.9994308354174661,0.6397998245229591,1.268651138335377
1306,107.65,0.9994307882105904,0.6397586009583154,1.2684803503097974
1307,107.675,0.9994307418845136,0.6397178212235151,1.2683113089498783
1308,107.7,0.9994306967212301,0.6396774814740002,1.268144014105447
1309,107.725,0.9994306524312417,0.6396375850664272,1.2679784692960998
1310,107.75,0.999430609282348,0.6395981288689206,1.2678146746545498
1311,107.775,0.9994305669123175,0.6395591151909772,1.2676526328234954
1312,107.8,0.9994305255002052,0.6395205423358277,1.2674923450509472
1313,107.825,0.9994304850075911,0.6394824104864066,1.2673338126703115
1314,107.85,0.999430445444103,0.6394447192480253,1.2671770374455325
1315,107.875,0.9994304067644986,0.6394074679156478,1.2670220206878728
1316,107.9,0.999430369002037,0.639370656746478,1.26686876403032
1317,107.925,0.9994303319476492,0.6393342864234725,1.2667172690672062
1318,107.95,0.9994302959310889,0.6392983543751594,1.2665675364498734
1319,107.975,0.9994302605675189,0.6392628629779604,1.266419569550389
1320,108.0,0.9994302261444473,0.6392278097915024,1.2662733674561637
1321,108.025,0.9994301924216636,0.6391931963906118,1.2661289328553327
1322,108.05,0.9994301596138194,0.6391590207200142,1.2659862670648705
1323,108.075,0.9994301275460634,0.6391252840641448,1.265845370961737
1324,108.1,0.9994300961363844,0.6390919861912953,1.2657062474094858
1325,108.125,0.9994300655100201,0.6390591260867935,1.2655688960464018
1326,108.15,0.99943003571625,0.6390267034772275,1.2654333187537232
1327,108.175,0.9994300065151217,0.6389947190892682,1.2652995167480598
1328,108.2,0.9994299782334923,0.6389631708172154,1.2651674908783683
1329,108.225,0.9994299504278743,0.6389320615739995,1.2650372446743843
1330,108.25,0.9994299235119418,0.6389013872940251,1.2649087759889441
1331,108.275,0.9994298970859365,0.6388711514708989,1.2647820889842016
1332,108.3,0.9994298712977782,0.6388413520580146,1.2646571833051203
1333,108.325,0.9994298464168685,0.6388119877772739,1.26453405993358
1334,108.35,0.9994298219597773,0.6387830608605054,1.2644127216316094
1335,108.375,0.9994297982062036,0.6387545697255362,1.2642931685600844
1336,108.4,0.9994297750084408,0.6387265141353011,1.2641754010228534
1337,108.425,0.9994297524798673,0.6386988941266115,1.2640594216183545
1338,108.45,0.9994297305032036,0.6386717096718199,1.2639452308362926
1339,108.475,0.9994297091205139,0.6386449608115464,1.2638328302665909
1340,108.5,0.9994296882097321,0.6386186473707504,1.2637222204425662
1341,108.525,0.9994296679614417,0.6385927683092539,1.2636134026603618
1342,108.55,0.9994296483153668,0.6385673235963648,1.2635063774801905
1343,108.575,0.9994296290696673,0.63854231421318,1.263401147066817
1344,108.6,0.9994296104402951,0.6385177388112808,1.2632977115764663
1345,108.625,0.9994295922600206,0.6384935978474922,1.2631960720268813
1346,108.65,0.9994295745943927,0.6384698912256405,1.2630962293709425
1347,108.675,0.9994295574456404,0.6384466179845452,1.2629981846987606
1348,108.7,0.999429540848366,0.6384237785679048,1.2629019390663225
1349,108.725,0.9994295247103009,0.638401372333359,1.2628074933906643
1350,108.75,0.9994295089514298,0.6383794009546729,1.262714849406816
1351,108.775,0.9994294937944961,0.638357861026417,1.2626240052074542
1352,108.8,0.9994294790436627,0.6383367549062322,1.2625349651060898
1353,108.825,0.999429464631867,0.6383160824154173,1.262447728260723
1354,108.85,0.9994294506948271,0.6382958425632175,1.262362295526988
1355,108.875,0.999429437238742,0.6382760354338627,1.2622786681142881
1356,108.9,0.9994294241122177,0.6382566612267706,1.2621968467351354
1357,108.925,0.9994294115699457,0.638237717967851,1.2621168314054299
1358,108.95,0.9994293993371851,0.638219208330771,1.2620386245074704
1359,108.975,0.9994293874045153,0.6382011308487742,1.2619622253607699
1360,109.0,0.9994293758947143,0.6381834856609034,1.2618876354017423
1361,109.025,0.9994293648118303,0.6381662722652468,1.2618148555151891
1362,109.05,0.9994293540860676,0.6381494904823842,1.2617438856317007
1363,109.075,0.9994293437088407,0.6381331404138889,1.2616747268430089
1364,109.1,0.9994293337310439,0.6381172218448331,1.2616073799202212
1365,109.125,0.9994293240642628,0.6381017349527012,1.261541845325427
1366,109.15,0.9994293147103016,0.6380866800116649,1.2614781244557116
1367,109.175,0.9994293057017537,0.6380720560564324,1.261416216965986
1368,109.2,0.9994292971200732,0.6380578628643455,1.261356123413368
1369,109.225,0.9994292887553463,0.6380441011711461,1.2612978451856123
1370,109.25,0.9994292808003404,0.6380307698037662,1.261241381478688
1371,109.275,0.9994292731872159,0.6380178699232486,1.2611867347744918
1372,109.3,0.9994292657354092,0.6380054013619244,1.2611339046093655
1373,109.325,0.9994292586929693,0.637993363020029,1.2610828910137195
1374,109.35,0.9994292519326364,0.6379817551611575,1.261033695077211
1375,109.375,0.9994292453923469,0.6379705786479153,1.2609863173425033
1376,109.4,0.9994292391636203,0.6379598324277386,1.2609407584162926
1377,109.425,0.9994292333602207,0.637949515478944,1.260897017187196
1378,109.45,0.9994292277423423,0.6379396296479185,1.260855096046761
1379,109.475,0.9994292223467032,0.6379301745964365,1.260814994941666
1380,109.5,0.9994292172065685,0.6379211498474145,1.2607767138151922
1381,109.525,0.9994292125854335,0.6379125535287218,1.2607402525379052
1382,109.55,0.9994292079402101,0.637904388983343,1.2607056124618974
1383,109.575,0.9994292037341658,0.6378966541398777,1.2606727938709004
1384,109.6,0.9994291994963833,0.6378893504008211,1.260641797218439
1385,109.625,0.9994291957864843,0.6378824751672084,1.2606126217146714
1386,109.65,0.9994291922154519,0.6378760304352569,1.2605852685196406
1387,109.675,0.9994291888832524,0.6378700157882595,1.260559737890367
1388,109.7,0.9994291858578352,0.6378644306048712,1.2605360295274262
1389,109.725,0.9994291831281307,0.6378592747419359,1.2605141437918783
1390,109.75,0.9994291806822145,0.6378545479664578,1.2604940804589897
1391,109.775,0.9994291782117014,0.6378502529832092,1.2604758419587132
1392,109.8,0.9994291762136224,0.6378463859793192,1.2604594257310657
1393,109.825,0.9994291743577707,0.6378429496978072,1.2604448340054641
1394,109.85,0.9994291726809642,0.6378399431182418,1.260432065455779
1395,109.875,0.9994291712796609,0.6378373656604969,1.2604211209817506
1396,109.9,0.9994291701863774,0.6378352175095926,1.2604119999649552
1397,109.925,0.9994291692647366,0.6378334992614774,1.2604047033442065
1398,109.95,0.9994291685675007,0.6378322107343078,1.2603992308451977
1399,109.975,0.9994291679540204,0.6378313526388218,1.2603955833126008
1400,110.0,0.9994291679686245,0.6378309213643065,1.2603937578341133
