,freq,b/a
0,75000000000.0,0.7392923612609754
1,75025000000.0,0.7396205980113697
2,75050000000.0,0.7399489378119002
3,75075000000.0,0.740277380740688
4,75100000000.0,0.7406059268759221
5,75125000000.0,0.7409345762958592
6,75150000000.0,0.7412633290788236
7,75175000000.0,0.7415921853032078
8,75200000000.0,0.7419211450474719
9,75225000000.0,0.742250208390145
10,75250000000.0,0.7425793754098229
11,75275000000.0,0.7429086461851704
12,75300000000.0,0.7432380207949211
13,75325000000.0,0.7435674993178761
14,75350000000.0,0.7438970818329055
15,75375000000.0,0.7442267684189472
16,75400000000.0,0.7445565591550088
17,75425000000.0,0.7448864541201657
18,75450000000.0,0.7452164533935625
19,75475000000.0,0.7455465570544126
20,75500000000.0,0.745876765181998
21,75525000000.0,0.7462070778556703
22,75550000000.0,0.7465374951548497
23,75575000000.0,0.7468680171590258
24,75600000000.0,0.7471986439477575
25,75625000000.0,0.7475293756006727
26,75650000000.0,0.747860212197469
27,75675000000.0,0.7481911538179139
28,75700000000.0,0.7485222005418434
29,75725000000.0,0.7488533524491637
30,75750000000.0,0.7491846096198513
31,75775000000.0,0.7495159721339519
32,75800000000.0,0.749847440071581
33,75825000000.0,0.7501790135129246
34,75850000000.0,0.7505106925382383
35,75875000000.0,0.750842477227848
36,75900000000.0,0.7511743676621496
37,75925000000.0,0.7515063639216102
38,75950000000.0,0.7518384660867662
39,75975000000.0,0.752170674238225
40,76000000000.0,0.7525029884566643
41,76025000000.0,0.7528354088228328
42,76050000000.0,0.7531679354175496
43,76075000000.0,0.753500568321705
44,76100000000.0,0.7538333076162593
45,76125000000.0,0.7541661533822449
46,76150000000.0,0.7544991057007646
47,76175000000.0,0.7548321646529926
48,76200000000.0,0.7551653303201737
49,76225000000.0,0.755498602783625
50,76250000000.0,0.7558319821247343
51,76275000000.0,0.7561654684249609
52,76300000000.0,0.756499061765836
53,76325000000.0,0.7568327622289619
54,76350000000.0,0.757166569896013
55,76375000000.0,0.7575004848487356
56,76400000000.0,0.7578345071689475
57,76425000000.0,0.758168636938539
58,76450000000.0,0.7585028742394717
59,76475000000.0,0.7588372191537801
60,76500000000.0,0.7591716717635708
61,76525000000.0,0.7595062321510219
62,76550000000.0,0.7598409003983848
63,76575000000.0,0.7601756765879832
64,76600000000.0,0.7605105608022129
65,76625000000.0,0.7608455531235432
66,76650000000.0,0.7611806536345154
67,76675000000.0,0.7615158624177434
68,76700000000.0,0.7618511795559149
69,76725000000.0,0.7621866051317899
70,76750000000.0,0.762522139228202
71,76775000000.0,0.7628577819280576
72,76800000000.0,0.7631935333143363
73,76825000000.0,0.7635293934700909
74,76850000000.0,0.763865362478448
75,76875000000.0,0.7642014404226078
76,76900000000.0,0.764537627385844
77,76925000000.0,0.764873923451503
78,76950000000.0,0.7652103287030064
79,76975000000.0,0.7655468432238494
80,77000000000.0,0.7658834670975999
81,77025000000.0,0.7662202004079015
82,77050000000.0,0.7665570432384705
83,77075000000.0,0.7668939956730986
84,77100000000.0,0.7672310577956508
85,77125000000.0,0.7675682296900671
86,77150000000.0,0.7679055114403615
87,77175000000.0,0.7682429031306228
88,77200000000.0,0.7685804048450146
89,77225000000.0,0.7689180166677749
90,77250000000.0,0.7692557386832172
91,77275000000.0,0.7695935709757286
92,77300000000.0,0.7699315136297724
93,77325000000.0,0.7702695667298863
94,77350000000.0,0.7706077303606838
95,77375000000.0,0.7709460046068528
96,77400000000.0,0.7712843895531573
97,77425000000.0,0.7716228852844362
98,77450000000.0,0.7719614918856041
99,77475000000.0,0.7723002094416518
100,77500000000.0,0.7726390380376447
101,77525000000.0,0.7729779777587248
102,77550000000.0,0.7733170286901098
103,77575000000.0,0.773656190917093
104,77600000000.0,0.7739954645250446
105,77625000000.0,0.7743348495994099
106,77650000000.0,0.7746743462257111
107,77675000000.0,0.7750139544895467
108,77700000000.0,0.7753536744765913
109,77725000000.0,0.7756935062725966
110,77750000000.0,0.7760334499633901
111,77775000000.0,0.7763735056348764
112,77800000000.0,0.7767136733730372
113,77825000000.0,0.7770539532639305
114,77850000000.0,0.7773943453936918
115,77875000000.0,0.777734849848533
116,77900000000.0,0.778075466714744
117,77925000000.0,0.7784161960786908
118,77950000000.0,0.778757038026818
119,77975000000.0,0.7790979926456467
120,78000000000.0,0.7794390600217759
121,78025000000.0,0.7797802402418821
122,78050000000.0,0.7801215333927194
123,78075000000.0,0.78046293956112
124,78100000000.0,0.780804458833994
125,78125000000.0,0.7811460912983288
126,78150000000.0,0.7814878370411907
127,78175000000.0,0.7818296961497236
128,78200000000.0,0.78217166871115
129,78225000000.0,0.7825137548127703
130,78250000000.0,0.7828559545419639
131,78275000000.0,0.7831982679861883
132,78300000000.0,0.7835406952329799
133,78325000000.0,0.7838832363699537
134,78350000000.0,0.7842258914848034
135,78375000000.0,0.7845686606653018
136,78400000000.0,0.7849115439993007
137,78425000000.0,0.7852545415747306
138,78450000000.0,0.785597653479602
139,78475000000.0,0.7859408798020039
140,78500000000.0,0.7862842206301048
141,78525000000.0,0.786627676052153
142,78550000000.0,0.7869712461564761
143,78575000000.0,0.7873149310314819
144,78600000000.0,0.7876587307656568
145,78625000000.0,0.7880026454475682
146,78650000000.0,0.7883466751658628
147,78675000000.0,0.7886908200092679
148,78700000000.0,0.7890350800665902
149,78725000000.0,0.7893794554267172
150,78750000000.0,0.7897239461786162
151,78775000000.0,0.7900685524113358
152,78800000000.0,0.7904132742140043
153,78825000000.0,0.7907581116758309
154,78850000000.0,0.7911030648861054
155,78875000000.0,0.7914481339341988
156,78900000000.0,0.7917933189095625
157,78925000000.0,0.7921386199017293
158,78950000000.0,0.7924840370003128
159,78975000000.0,0.792829570295008
160,79000000000.0,0.793175219875591
161,79025000000.0,0.7935209858319195
162,79050000000.0,0.7938668682539325
163,79075000000.0,0.7942128672316506
164,79100000000.0,0.7945589828551765
165,79125000000.0,0.794905215214694
166,79150000000.0,0.7952515644004692
167,79175000000.0,0.7955980305028502
168,79200000000.0,0.7959446136122666
169,79225000000.0,0.7962913138192312
170,79250000000.0,0.7966381312143384
171,79275000000.0,0.7969850658882649
172,79300000000.0,0.7973321179317703
173,79325000000.0,0.7976792874356962
174,79350000000.0,0.7980265744909671
175,79375000000.0,0.7983739791885907
176,79400000000.0,0.7987215016196572
177,79425000000.0,0.7990691418753393
178,79450000000.0,0.7994169000468937
179,79475000000.0,0.7997647762256597
180,79500000000.0,0.8001127705030597
181,79525000000.0,0.8004608829706001
182,79550000000.0,0.8008091137198702
183,79575000000.0,0.8011574628425433
184,79600000000.0,0.8015059304303755
185,79625000000.0,0.8018545165752078
186,79650000000.0,0.8022032213689644
187,79675000000.0,0.8025520449036535
188,79700000000.0,0.8029009872713676
189,79725000000.0,0.8032500485642832
190,79750000000.0,0.8035992288746613
191,79775000000.0,0.8039485282948468
192,79800000000.0,0.8042979469172694
193,79825000000.0,0.8046474848344438
194,79850000000.0,0.8049971421389682
195,79875000000.0,0.8053469189235268
196,79900000000.0,0.8056968152808878
197,79925000000.0,0.8060468313039048
198,79950000000.0,0.8063969670855168
199,79975000000.0,0.8067472227187473
200,80000000000.0,0.8070975982967057
201,80025000000.0,0.8074480939125861
202,80050000000.0,0.8077987096596688
203,80075000000.0,0.8081494456313193
204,80100000000.0,0.808500301920989
205,80125000000.0,0.8088512786222151
206,80150000000.0,0.8092023758286201
207,80175000000.0,0.8095535936339133
208,80200000000.0,0.8099049321318902
209,80225000000.0,0.810256391416432
210,80250000000.0,0.8106079715815061
211,80275000000.0,0.8109596727211671
212,80300000000.0,0.8113114949295552
213,80325000000.0,0.811663438300898
214,80350000000.0,0.8120155029295096
215,80375000000.0,0.8123676889097907
216,80400000000.0,0.8127199963362294
217,80425000000.0,0.8130724253034003
218,80450000000.0,0.8134249759059654
219,80475000000.0,0.8137776482386747
220,80500000000.0,0.8141304423963641
221,80525000000.0,0.8144833584739585
222,80550000000.0,0.8148363965664691
223,80575000000.0,0.8151895567689961
224,80600000000.0,0.8155428391767261
225,80625000000.0,0.8158962438849345
226,80650000000.0,0.8162497709889847
227,80675000000.0,0.816603420584328
228,80700000000.0,0.8169571927665039
229,80725000000.0,0.8173110876311399
230,80750000000.0,0.8176651052739528
231,80775000000.0,0.8180192457907475
232,80800000000.0,0.8183735092774173
233,80825000000.0,0.8187278958299449
234,80850000000.0,0.8190824055444007
235,80875000000.0,0.8194370385169456
236,80900000000.0,0.8197917948438285
237,80925000000.0,0.8201466746213881
238,80950000000.0,0.820501677946052
239,80975000000.0,0.820856804914337
240,81000000000.0,0.8212120556228502
241,81025000000.0,0.8215674301682878
242,81050000000.0,0.821922928647436
243,81075000000.0,0.8222785511571704
244,81100000000.0,0.822634297794457
245,81125000000.0,0.8229901686563516
246,81150000000.0,0.8233461638400006
247,81175000000.0,0.8237022834426403
248,81200000000.0,0.8240585275615973
249,81225000000.0,0.8244148962942891
250,81250000000.0,0.8247713897382234
251,81275000000.0,0.825128007990999
252,81300000000.0,0.8254847511503056
253,81325000000.0,0.8258416193139231
254,81350000000.0,0.8261986125797234
255,81375000000.0,0.8265557310456687
256,81400000000.0,0.8269129748098137
257,81425000000.0,0.8272703439703034
258,81450000000.0,0.8276278386253746
259,81475000000.0,0.8279854588733556
260,81500000000.0,0.828343204812667
261,81525000000.0,0.8287010765418207
262,81550000000.0,0.8290590741594205
263,81575000000.0,0.8294171977641623
264,81600000000.0,0.8297754474548349
265,81625000000.0,0.8301338233303187
266,81650000000.0,0.8304923254895866
267,81675000000.0,0.8308509540317037
268,81700000000.0,0.8312097090558287
269,81725000000.0,0.8315685906612118
270,81750000000.0,0.8319275989471974
271,81775000000.0,0.832286734013222
272,81800000000.0,0.8326459959588147
273,81825000000.0,0.8330053848835993
274,81850000000.0,0.8333649008872914
275,81875000000.0,0.8337245440697012
276,81900000000.0,0.834084314530732
277,81925000000.0,0.8344442123703801
278,81950000000.0,0.8348042376887368
279,81975000000.0,0.8351643905859865
280,82000000000.0,0.8355246711624075
281,82025000000.0,0.8358850795183728
282,82050000000.0,0.8362456157543495
283,82075000000.0,0.8366062799708983
284,82100000000.0,0.8369670722686751
285,82125000000.0,0.8373279927484307
286,82150000000.0,0.8376890415110098
287,82175000000.0,0.8380502186573521
288,82200000000.0,0.8384115242884924
289,82225000000.0,0.8387729585055606
290,82250000000.0,0.839134521409782
291,82275000000.0,0.8394962131024762
292,82300000000.0,0.8398580336850595
293,82325000000.0,0.8402199832590428
294,82350000000.0,0.8405820619260327
295,82375000000.0,0.8409442697877325
296,82400000000.0,0.8413066069459397
297,82425000000.0,0.8416690735025492
298,82450000000.0,0.8420316695595514
299,82475000000.0,0.8423943952190331
300,82500000000.0,0.8427572505831779
301,82525000000.0,0.8431202357542646
302,82550000000.0,0.8434833508346695
303,82575000000.0,0.8438465959268656
304,82600000000.0,0.8442099711334229
305,82625000000.0,0.8445734765570075
306,82650000000.0,0.8449371123003833
307,82675000000.0,0.8453008784664107
308,82700000000.0,0.8456647751580483
309,82725000000.0,0.8460288024783517
310,82750000000.0,0.8463929605304737
311,82775000000.0,0.8467572494176652
312,82800000000.0,0.8471216692432746
313,82825000000.0,0.8474862201107486
314,82850000000.0,0.8478509021236317
315,82875000000.0,0.8482157153855661
316,82900000000.0,0.8485806600002929
317,82925000000.0,0.8489457360716512
318,82950000000.0,0.8493109437035791
319,82975000000.0,0.8496762830001128
320,83000000000.0,0.8500417540653871
321,83025000000.0,0.8504073570036366
322,83050000000.0,0.8507730919191938
323,83075000000.0,0.8511389589164916
324,83100000000.0,0.8515049581000603
325,83125000000.0,0.8518710895745315
326,83150000000.0,0.8522373534446352
327,83175000000.0,0.8526037498152009
328,83200000000.0,0.8529702787911588
329,83225000000.0,0.8533369404775377
330,83250000000.0,0.8537037349794675
331,83275000000.0,0.8540706624021774
332,83300000000.0,0.8544377228509973
333,83325000000.0,0.8548049164313575
334,83350000000.0,0.8551722432487883
335,83375000000.0,0.8555397034089208
336,83400000000.0,0.8559072970174872
337,83425000000.0,0.8562750241803206
338,83450000000.0,0.8566428850033546
339,83475000000.0,0.8570108795926233
340,83500000000.0,0.8573790080542636
341,83525000000.0,0.8577472704945126
342,83550000000.0,0.8581156670197098
343,83575000000.0,0.858484197736295
344,83600000000.0,0.8588528627508111
345,83625000000.0,0.8592216621699019
346,83650000000.0,0.8595905961003137
347,83675000000.0,0.8599596646488952
348,83700000000.0,0.8603288679225961
349,83725000000.0,0.8606982060284699
350,83750000000.0,0.8610676790736717
351,83775000000.0,0.8614372871654595
352,83800000000.0,0.8618070304111944
353,83825000000.0,0.8621769089183398
354,83850000000.0,0.8625469227944624
355,83875000000.0,0.862917072147232
356,83900000000.0,0.8632873570844217
357,83925000000.0,0.8636577777139083
358,83950000000.0,0.8640283341436712
359,83975000000.0,0.8643990264817948
360,84000000000.0,0.8647698548364657
361,84025000000.0,0.8651408193159763
362,84050000000.0,0.8655119200287211
363,84075000000.0,0.8658831570832
364,84100000000.0,0.866254530588017
365,84125000000.0,0.8666260406518804
366,84150000000.0,0.8669976873836034
367,84175000000.0,0.8673694708921031
368,84200000000.0,0.8677413912864023
369,84225000000.0,0.868113448675628
370,84250000000.0,0.8684856431690134
371,84275000000.0,0.8688579748758958
372,84300000000.0,0.8692304439057179
373,84325000000.0,0.8696030503680288
374,84350000000.0,0.8699757943724824
375,84375000000.0,0.8703486760288389
376,84400000000.0,0.8707216954469642
377,84425000000.0,0.8710948527368295
378,84450000000.0,0.8714681480085134
379,84475000000.0,0.8718415813721999
380,84500000000.0,0.87221515293818
381,84525000000.0,0.8725888628168506
382,84550000000.0,0.8729627111187158
383,84575000000.0,0.8733366979543863
384,84600000000.0,0.8737108234345797
385,84625000000.0,0.8740850876701213
386,84650000000.0,0.8744594907719425
387,84675000000.0,0.8748340328510829
388,84700000000.0,0.8752087140186893
389,84725000000.0,0.8755835343860163
390,84750000000.0,0.8759584940644264
391,84775000000.0,0.8763335931653892
392,84800000000.0,0.8767088318004833
393,84825000000.0,0.877084210081395
394,84850000000.0,0.8774597281199188
395,84875000000.0,0.8778353860279581
396,84900000000.0,0.8782111839175243
397,84925000000.0,0.8785871219007378
398,84950000000.0,0.8789632000898281
399,84975000000.0,0.8793394185971335
400,85000000000.0,0.8797157775351012
401,85025000000.0,0.8800922770162877
402,85050000000.0,0.8804689171533591
403,85075000000.0,0.8808456980590915
404,85100000000.0,0.8812226198463698
405,85125000000.0,0.8815996826281887
406,85150000000.0,0.8819768865176538
407,85175000000.0,0.88235423162798
408,85200000000.0,0.882731718072493
409,85225000000.0,0.8831093459646282
410,85250000000.0,0.8834871154179319
411,85275000000.0,0.8838650265460612
412,85300000000.0,0.8842430794627838
413,85325000000.0,0.8846212742819781
414,85350000000.0,0.8849996111176343
415,85375000000.0,0.885378090083853
416,85400000000.0,0.8857567112948466
417,85425000000.0,0.8861354748649386
418,85450000000.0,0.8865143809085649
419,85475000000.0,0.8868934295402725
420,85500000000.0,0.8872726208747203
421,85525000000.0,0.8876519550266799
422,85550000000.0,0.8880314321110345
423,85575000000.0,0.8884110522427798
424,85600000000.0,0.8887908155370242
425,85625000000.0,0.8891707221089885
426,85650000000.0,0.8895507720740066
427,85675000000.0,0.8899309655475243
428,85700000000.0,0.890311302645102
429,85725000000.0,0.8906917834824122
430,85750000000.0,0.8910724081752409
431,85775000000.0,0.8914531768394882
432,85800000000.0,0.8918340895911672
433,85825000000.0,0.892215146546405
434,85850000000.0,0.8925963478214426
435,85875000000.0,0.8929776935326349
436,85900000000.0,0.8933591837964515
437,85925000000.0,0.8937408187294763
438,85950000000.0,0.894122598448407
439,85975000000.0,0.8945045230700565
440,86000000000.0,0.8948865927113522
441,86025000000.0,0.8952688074893371
442,86050000000.0,0.8956511675211689
443,86075000000.0,0.8960336729241202
444,86100000000.0,0.8964163238155792
445,86125000000.0,0.8967991203130501
446,86150000000.0,0.8971820625341521
447,86175000000.0,0.8975651505966208
448,86200000000.0,0.8979483846183073
449,86225000000.0,0.8983317647171788
450,86250000000.0,0.8987152910113191
451,86275000000.0,0.8990989636189285
452,86300000000.0,0.8994827826583238
453,86325000000.0,0.8998667482479379
454,86350000000.0,0.9002508605063213
455,86375000000.0,0.9006351195521413
456,86400000000.0,0.9010195255041823
457,86425000000.0,0.9014040784813462
458,86450000000.0,0.9017887786026518
459,86475000000.0,0.9021736259872365
460,86500000000.0,0.9025586207543543
461,86525000000.0,0.9029437630233781
462,86550000000.0,0.9033290529137982
463,86575000000.0,0.9037144905452233
464,86600000000.0,0.9041000760373811
465,86625000000.0,0.9044858095101167
466,86650000000.0,0.9048716910833949
467,86675000000.0,0.9052577208772984
468,86700000000.0,0.9056438990120296
469,86725000000.0,0.9060302256079096
470,86750000000.0,0.9064167007853795
471,86775000000.0,0.9068033246649988
472,86800000000.0,0.9071900973674469
473,86825000000.0,0.9075770190135235
474,86850000000.0,0.9079640897241477
475,86875000000.0,0.9083513096203584
476,86900000000.0,0.9087386788233158
477,86925000000.0,0.9091261974542991
478,86950000000.0,0.9095138656347088
479,86975000000.0,0.9099016834860659
480,87000000000.0,0.9102896511300124
481,87025000000.0,0.9106777686883107
482,87050000000.0,0.9110660362828454
483,87075000000.0,0.9114544540356209
484,87100000000.0,0.9118430220687641
485,87125000000.0,0.9122317405045236
486,87150000000.0,0.9126206094652691
487,87175000000.0,0.9130096290734925
488,87200000000.0,0.9133987994518081
489,87225000000.0,0.9137881207229517
490,87250000000.0,0.9141775930097826
491,87275000000.0,0.914567216435281
492,87300000000.0,0.9149569911225515
493,87325000000.0,0.9153469171948204
494,87350000000.0,0.9157369947754377
495,87375000000.0,0.9161272239878763
496,87400000000.0,0.916517604955732
497,87425000000.0,0.9169081378027251
498,87450000000.0,0.9172988226526984
499,87475000000.0,0.91768965962962
500,87500000000.0,0.9180806488575802
501,87525000000.0,0.9184717904607945
502,87550000000.0,0.9188630845636028
503,87575000000.0,0.9192545312904692
504,87600000000.0,0.9196461307659821
505,87625000000.0,0.9200378831148548
506,87650000000.0,0.9204297884619259
507,87675000000.0,0.9208218469321587
508,87700000000.0,0.9212140586506422
509,87725000000.0,0.9216064237425908
510,87750000000.0,0.9219989423333436
511,87775000000.0,0.9223916145483665
512,87800000000.0,0.9227844405132507
513,87825000000.0,0.9231774203537139
514,87850000000.0,0.9235705541955999
515,87875000000.0,0.9239638421648788
516,87900000000.0,0.9243572843876469
517,87925000000.0,0.9247508809901278
518,87950000000.0,0.9251446320986719
519,87975000000.0,0.9255385378397565
520,88000000000.0,0.9259325983399864
521,88025000000.0,0.9263268137260933
522,88050000000.0,0.9267211841249369
523,88075000000.0,0.9271157096635044
524,88100000000.0,0.9275103904689108
525,88125000000.0,0.9279052266683995
526,88150000000.0,0.928300218389342
527,88175000000.0,0.9286953657592376
528,88200000000.0,0.9290906689057151
529,88225000000.0,0.9294861279565313
530,88250000000.0,0.9298817430395723
531,88275000000.0,0.9302775142828529
532,88300000000.0,0.9306734418145175
533,88325000000.0,0.93106952576284
534,88350000000.0,0.931465766256223
535,88375000000.0,0.9318621634231994
536,88400000000.0,0.9322587173924325
537,88425000000.0,0.9326554282927149
538,88450000000.0,0.9330522962529694
539,88475000000.0,0.9334493214022496
540,88500000000.0,0.93384650386974
541,88525000000.0,0.9342438437847548
542,88550000000.0,0.9346413412767403
543,88575000000.0,0.9350389964752729
544,88600000000.0,0.9354368095100607
545,88625000000.0,0.9358347805109434
546,88650000000.0,0.936232909607892
547,88675000000.0,0.9366311969310094
548,88700000000.0,0.9370296426105306
549,88725000000.0,0.9374282467768218
550,88750000000.0,0.9378270095603828
551,88775000000.0,0.9382259310918452
552,88800000000.0,0.9386250115019735
553,88825000000.0,0.9390242509216644
554,88850000000.0,0.9394236494819483
555,88875000000.0,0.9398232073139882
556,88900000000.0,0.9402229245490813
557,88925000000.0,0.9406228013186569
558,88950000000.0,0.9410228377542794
559,88975000000.0,0.9414230339876463
560,89000000000.0,0.9418233901505888
561,89025000000.0,0.9422239063750733
562,89050000000.0,0.9426245827931999
563,89075000000.0,0.9430254195372033
564,89100000000.0,0.9434264167394533
565,89125000000.0,0.9438275745324539
566,89150000000.0,0.9442288930488454
567,89175000000.0,0.944630372421402
568,89200000000.0,0.9450320127830341
569,89225000000.0,0.9454338142667876
570,89250000000.0,0.9458357770058444
571,89275000000.0,0.9462379011335222
572,89300000000.0,0.9466401867832741
573,89325000000.0,0.9470426340886909
574,89350000000.0,0.9474452431834991
575,89375000000.0,0.9478480142015623
576,89400000000.0,0.9482509472768803
577,89425000000.0,0.9486540425435908
578,89450000000.0,0.9490573001359681
579,89475000000.0,0.9494607201884242
580,89500000000.0,0.9498643028355088
581,89525000000.0,0.9502680482119092
582,89550000000.0,0.9506719564524504
583,89575000000.0,0.9510760276920959
584,89600000000.0,0.9514802620659476
585,89625000000.0,0.9518846597092461
586,89650000000.0,0.9522892207573694
587,89675000000.0,0.9526939453458363
588,89700000000.0,0.953098833610303
589,89725000000.0,0.953503885686566
590,89750000000.0,0.9539091017105608
591,89775000000.0,0.9543144818183623
592,89800000000.0,0.9547200261461857
593,89825000000.0,0.9551257348303857
594,89850000000.0,0.9555316080074575
595,89875000000.0,0.9559376458140366
596,89900000000.0,0.9563438483868985
597,89925000000.0,0.9567502158629604
598,89950000000.0,0.9571567483792796
599,89975000000.0,0.957563446073055
600,90000000000.0,0.9579703090816261
601,90025000000.0,0.9583773375424748
602,90050000000.0,0.9587845315932236
603,90075000000.0,0.9591918913716381
604,90100000000.0,0.9595994170156248
605,90125000000.0,0.9600071086632327
606,90150000000.0,0.9604149664526532
607,90175000000.0,0.9608229905222209
608,90200000000.0,0.9612311810104125
609,90225000000.0,0.9616395380558482
610,90250000000.0,0.9620480617972904
611,90275000000.0,0.9624567523736458
612,90300000000.0,0.9628656099239644
613,90325000000.0,0.9632746345874399
614,90350000000.0,0.9636838265034101
615,90375000000.0,0.9640931858113558
616,90400000000.0,0.9645027126509039
617,90425000000.0,0.9649124071618244
618,90450000000.0,0.9653222694840331
619,90475000000.0,0.9657322997575892
620,90500000000.0,0.9661424981226984
621,90525000000.0,0.9665528647197112
622,90550000000.0,0.966963399689123
623,90575000000.0,0.9673741031715761
624,90600000000.0,0.9677849753078569
625,90625000000.0,0.9681960162388997
626,90650000000.0,0.9686072261057833
627,90675000000.0,0.9690186050497344
628,90700000000.0,0.9694301532121257
629,90725000000.0,0.9698418707344764
630,90750000000.0,0.9702537577584531
631,90775000000.0,0.9706658144258699
632,90800000000.0,0.9710780408786875
633,90825000000.0,0.9714904372590153
634,90850000000.0,0.9719030037091092
635,90875000000.0,0.9723157403713745
636,90900000000.0,0.9727286473883634
637,90925000000.0,0.9731417249027775
638,90950000000.0,0.973554973057466
639,90975000000.0,0.9739683919954281
640,91000000000.0,0.9743819818598108
641,91025000000.0,0.9747957427939112
642,91050000000.0,0.9752096749411759
643,91075000000.0,0.9756237784451999
644,91100000000.0,0.976038053449729
645,91125000000.0,0.9764525000986587
646,91150000000.0,0.9768671185360348
647,91175000000.0,0.9772819089060536
648,91200000000.0,0.9776968713530618
649,91225000000.0,0.9781120060215563
650,91250000000.0,0.9785273130561861
651,91275000000.0,0.9789427926017509
652,91300000000.0,0.9793584448032018
653,91325000000.0,0.9797742698056415
654,91350000000.0,0.9801902677543244
655,91375000000.0,0.9806064387946571
656,91400000000.0,0.9810227830721989
657,91425000000.0,0.9814393007326603
658,91450000000.0,0.9818559919219056
659,91475000000.0,0.9822728567859511
660,91500000000.0,0.9826898954709667
661,91525000000.0,0.9831071081232755
662,91550000000.0,0.9835244948893533
663,91575000000.0,0.9839420559158308
664,91600000000.0,0.9843597913494917
665,91625000000.0,0.984777701337274
666,91650000000.0,0.9851957860262702
667,91675000000.0,0.9856140455637266
668,91700000000.0,0.9860324800970447
669,91725000000.0,0.9864510897737814
670,91750000000.0,0.9868698747416473
671,91775000000.0,0.9872888351485101
672,91800000000.0,0.9877079711423915
673,91825000000.0,0.9881272828714694
674,91850000000.0,0.9885467704840786
675,91875000000.0,0.9889664341287087
676,91900000000.0,0.9893862739540061
677,91925000000.0,0.9898062901087743
678,91950000000.0,0.9902264827419729
679,91975000000.0,0.990646852002719
680,92000000000.0,0.991067398040287
681,92025000000.0,0.9914881210041081
682,92050000000.0,0.991909021043771
683,92075000000.0,0.9923300983090237
684,92100000000.0,0.9927513529497707
685,92125000000.0,0.9931727851160759
686,92150000000.0,0.9935943949581605
687,92175000000.0,0.9940161826264057
688,92200000000.0,0.9944381482713509
689,92225000000.0,0.9948602920436945
690,92250000000.0,0.9952826140942951
691,92275000000.0,0.99570511457417
692,92300000000.0,0.9961277936344963
693,92325000000.0,0.9965506514266118
694,92350000000.0,0.9969736881020143
695,92375000000.0,0.9973969038123612
696,92400000000.0,0.9978202987094715
697,92425000000.0,0.9982438729453248
698,92450000000.0,0.998667626672062
699,92475000000.0,0.999091560041985
700,92500000000.0,0.999515673207557
701,92525000000.0,0.9999399663214036
702,92550000000.0,0.9996356932314777
703,92575000000.0,0.9992115291715838
704,92600000000.0,0.9987875449505024
705,92625000000.0,0.9983637404157245
706,92650000000.0,0.9979401154149021
707,92675000000.0,0.9975166697958492
708,92700000000.0,0.9970934034065406
709,92725000000.0,0.9966703160951116
710,92750000000.0,0.9962474077098595
711,92775000000.0,0.995824678099241
712,92800000000.0,0.9954021271118733
713,92825000000.0,0.9949797545965335
714,92850000000.0,0.994557560402159
715,92875000000.0,0.9941355443778471
716,92900000000.0,0.9937137063728537
717,92925000000.0,0.9932920462365943
718,92950000000.0,0.992870563818643
719,92975000000.0,0.9924492589687336
720,93000000000.0,0.9920281315367577
721,93025000000.0,0.9916071813727653
722,93050000000.0,0.9911864083269646
723,93075000000.0,0.9907658122497217
724,93100000000.0,0.9903453929915607
725,93125000000.0,0.9899251504031629
726,93150000000.0,0.989505084335367
727,93175000000.0,0.9890851946391686
728,93200000000.0,0.98866548116572
729,93225000000.0,0.9882459437663308
730,93250000000.0,0.9878265822924666
731,93275000000.0,0.987407396595749
732,93300000000.0,0.9869883865279557
733,93325000000.0,0.986569551941021
734,93350000000.0,0.9861508926870336
735,93375000000.0,0.9857324086182383
736,93400000000.0,0.9853140995870345
737,93425000000.0,0.9848959654459774
738,93450000000.0,0.9844780060477765
739,93475000000.0,0.9840602212452959
740,93500000000.0,0.9836426108915537
741,93525000000.0,0.9832251748397226
742,93550000000.0,0.9828079129431285
743,93575000000.0,0.9823908250552525
744,93600000000.0,0.9819739110297278
745,93625000000.0,0.9815571707203411
746,93650000000.0,0.9811406039810326
747,93675000000.0,0.9807242106658954
748,93700000000.0,0.9803079906291751
749,93725000000.0,0.97989194372527
750,93750000000.0,0.9794760698087301
751,93775000000.0,0.9790603687342582
752,93800000000.0,0.9786448403567084
753,93825000000.0,0.9782294845310869
754,93850000000.0,0.9778143011125513
755,93875000000.0,0.97739928995641
756,93900000000.0,0.9769844509181227
757,93925000000.0,0.9765697838533005
758,93950000000.0,0.9761552886177042
759,93975000000.0,0.975740965067246
760,94000000000.0,0.9753268130579877
761,94025000000.0,0.974912832446141
762,94050000000.0,0.9744990230880685
763,94075000000.0,0.9740853848402815
764,94100000000.0,0.9736719175594407
765,94125000000.0,0.9732586211023566
766,94150000000.0,0.9728454953259881
767,94175000000.0,0.972432540087444
768,94200000000.0,0.9720197552439805
769,94225000000.0,0.9716071406530032
770,94250000000.0,0.9711946961720656
771,94275000000.0,0.9707824216588689
772,94300000000.0,0.970370316971263
773,94325000000.0,0.9699583819672448
774,94350000000.0,0.9695466165049587
775,94375000000.0,0.9691350204426966
776,94400000000.0,0.9687235936388976
777,94425000000.0,0.9683123359521474
778,94450000000.0,0.9679012472411781
779,94475000000.0,0.9674903273648691
780,94500000000.0,0.9670795761822453
781,94525000000.0,0.9666689935524778
782,94550000000.0,0.9662585793348847
783,94575000000.0,0.9658483333889285
784,94600000000.0,0.9654382555742174
785,94625000000.0,0.9650283457505051
786,94650000000.0,0.9646186037776912
787,94675000000.0,0.964209029515819
788,94700000000.0,0.9637996228250771
789,94725000000.0,0.963390383565799
790,94750000000.0,0.9629813115984616
791,94775000000.0,0.9625724067836868
792,94800000000.0,0.9621636689822407
793,94825000000.0,0.9617550980550322
794,94850000000.0,0.9613466938631144
795,94875000000.0,0.960938456267684
796,94900000000.0,0.9605303851300805
797,94925000000.0,0.9601224803117865
798,94950000000.0,0.9597147416744274
799,94975000000.0,0.9593071690797714
800,95000000000.0,0.9588997623897292
801,95025000000.0,0.9584925214663539
802,95050000000.0,0.9580854461718397
803,95075000000.0,0.9576785363685241
804,95100000000.0,0.9572717919188852
805,95125000000.0,0.9568652126855438
806,95150000000.0,0.9564587985312607
807,95175000000.0,0.9560525493189383
808,95200000000.0,0.9556464649116206
809,95225000000.0,0.9552405451724914
810,95250000000.0,0.9548347899648758
811,95275000000.0,0.9544291991522391
812,95300000000.0,0.9540237725981866
813,95325000000.0,0.9536185101664635
814,95350000000.0,0.9532134117209553
815,95375000000.0,0.9528084771256877
816,95400000000.0,0.9524037062448244
817,95425000000.0,0.9519990989426694
818,95450000000.0,0.9515946550836655
819,95475000000.0,0.9511903745323944
820,95500000000.0,0.9507862571535769
821,95525000000.0,0.9503823028120718
822,95550000000.0,0.9499785113728765
823,95575000000.0,0.9495748827011268
824,95600000000.0,0.9491714166620966
825,95625000000.0,0.9487681131211967
826,95650000000.0,0.9483649719439771
827,95675000000.0,0.947961992996124
828,95700000000.0,0.9475591761434611
829,95725000000.0,0.9471565212519496
830,95750000000.0,0.9467540281876876
831,95775000000.0,0.9463516968169096
832,95800000000.0,0.9459495270059864
833,95825000000.0,0.9455475186214266
834,95850000000.0,0.9451456715298734
835,95875000000.0,0.9447439855981065
836,95900000000.0,0.9443424606930421
837,95925000000.0,0.9439410966817311
838,95950000000.0,0.9435398934313609
839,95975000000.0,0.9431388508092533
840,96000000000.0,0.942737968682866
841,96025000000.0,0.9423372469197908
842,96050000000.0,0.941936685387755
843,96075000000.0,0.9415362839546206
844,96100000000.0,0.9411360424883835
845,96125000000.0,0.9407359608571738
846,96150000000.0,0.9403360389292563
847,96175000000.0,0.9399362765730293
848,96200000000.0,0.9395366736570249
849,96225000000.0,0.9391372300499088
850,96250000000.0,0.9387379456204801
851,96275000000.0,0.9383388202376705
852,96300000000.0,0.9379398537705461
853,96325000000.0,0.9375410460883047
854,96350000000.0,0.9371423970602767
855,96375000000.0,0.9367439065559261
856,96400000000.0,0.9363455744448479
857,96425000000.0,0.9359474005967703
858,96450000000.0,0.935549384881553
859,96475000000.0,0.9351515271691879
860,96500000000.0,0.9347538273297982
861,96525000000.0,0.9343562852336382
862,96550000000.0,0.9339589007510948
863,96575000000.0,0.9335616737526845
864,96600000000.0,0.9331646041090559
865,96625000000.0,0.9327676916909877
866,96650000000.0,0.9323709363693895
867,96675000000.0,0.9319743380153016
868,96700000000.0,0.931577896499894
869,96725000000.0,0.9311816116944672
870,96750000000.0,0.9307854834704518
871,96775000000.0,0.9303895116994078
872,96800000000.0,0.9299936962530249
873,96825000000.0,0.9295980370031226
874,96850000000.0,0.9292025338216489
875,96875000000.0,0.9288071865806816
876,96900000000.0,0.928411995152427
877,96925000000.0,0.9280169594092209
878,96950000000.0,0.9276220792235267
879,96975000000.0,0.9272273544679367
880,97000000000.0,0.9268327850151715
881,97025000000.0,0.9264383707380799
882,97050000000.0,0.9260441115096384
883,97075000000.0,0.9256500072029514
884,97100000000.0,0.9252560576912511
885,97125000000.0,0.924862262847896
886,97150000000.0,0.9244686225463737
887,97175000000.0,0.9240751366602975
888,97200000000.0,0.9236818050634082
889,97225000000.0,0.9232886276295732
890,97250000000.0,0.9228956042327867
891,97275000000.0,0.9225027347471692
892,97300000000.0,0.9221100190469678
893,97325000000.0,0.921717457006555
894,97350000000.0,0.9213250485004295
895,97375000000.0,0.9209327934032168
896,97400000000.0,0.9205406915896667
897,97425000000.0,0.920148742934655
898,97450000000.0,0.9197569473131828
899,97475000000.0,0.9193653046003764
900,97500000000.0,0.918973814671487
901,97525000000.0,0.9185824774018907
902,97550000000.0,0.9181912926670879
903,97575000000.0,0.9178002603427045
904,97600000000.0,0.9174093803044893
905,97625000000.0,0.9170186524283165
906,97650000000.0,0.9166280765901836
907,97675000000.0,0.9162376526662125
908,97700000000.0,0.915847380532648
909,97725000000.0,0.9154572600658595
910,97750000000.0,0.9150672911423388
911,97775000000.0,0.9146774736387017
912,97800000000.0,0.9142878074316864
913,97825000000.0,0.9138982923981537
914,97850000000.0,0.9135089284150891
915,97875000000.0,0.9131197153595987
916,97900000000.0,0.9127306531089115
917,97925000000.0,0.9123417415403792
918,97950000000.0,0.9119529805314751
919,97975000000.0,0.9115643699597948
920,98000000000.0,0.9111759097030558
921,98025000000.0,0.9107875996390971
922,98050000000.0,0.9103994396458788
923,98075000000.0,0.9100114296014826
924,98100000000.0,0.9096235693841117
925,98125000000.0,0.9092358588720904
926,98150000000.0,0.9088482979438631
927,98175000000.0,0.9084608864779954
928,98200000000.0,0.9080736243531735
929,98225000000.0,0.907686511448204
930,98250000000.0,0.9072995476420136
931,98275000000.0,0.9069127328136489
932,98300000000.0,0.906526066842277
933,98325000000.0,0.9061395496071842
934,98350000000.0,0.9057531809877768
935,98375000000.0,0.9053669608635805
936,98400000000.0,0.9049808891142403
937,98425000000.0,0.9045949656195205
938,98450000000.0,0.904209190259304
939,98475000000.0,0.9038235629135932
940,98500000000.0,0.9034380834625086
941,98525000000.0,0.9030527517862897
942,98550000000.0,0.9026675677652939
943,98575000000.0,0.9022825312799977
944,98600000000.0,0.9018976422109951
945,98625000000.0,0.9015129004389978
946,98650000000.0,0.9011283058448359
947,98675000000.0,0.900743858309457
948,98700000000.0,0.9003595577139264
949,98725000000.0,0.8999754039394259
950,98750000000.0,0.8995913968672556
951,98775000000.0,0.8992075363788319
952,98800000000.0,0.8988238223556883
953,98825000000.0,0.8984402546794755
954,98850000000.0,0.8980568332319601
955,98875000000.0,0.8976735578950256
956,98900000000.0,0.8972904285506716
957,98925000000.0,0.8969074450810139
958,98950000000.0,0.8965246073682849
959,98975000000.0,0.8961419152948319
960,99000000000.0,0.8957593687431185
961,99025000000.0,0.8953769675957235
962,99050000000.0,0.894994711735342
963,99075000000.0,0.8946126010447831
964,99100000000.0,0.894230635406972
965,99125000000.0,0.8938488147049486
966,99150000000.0,0.8934671388218675
967,99175000000.0,0.8930856076409982
968,99200000000.0,0.8927042210457243
969,99225000000.0,0.8923229789195447
970,99250000000.0,0.8919418811460715
971,99275000000.0,0.8915609276090319
972,99300000000.0,0.8911801181922665
973,99325000000.0,0.8907994527797298
974,99350000000.0,0.8904189312554897
975,99375000000.0,0.890038553503728
976,99400000000.0,0.8896583194087402
977,99425000000.0,0.8892782288549342
978,99450000000.0,0.8888982817268318
979,99475000000.0,0.8885184779090671
980,99500000000.0,0.8881388172863875
981,99525000000.0,0.8877592997436531
982,99550000000.0,0.8873799251658362
983,99575000000.0,0.8870006934380218
984,99600000000.0,0.8866216044454065
985,99625000000.0,0.8862426580732998
986,99650000000.0,0.8858638542071229
987,99675000000.0,0.8854851927324086
988,99700000000.0,0.8851066735348017
989,99725000000.0,0.8847282965000579
990,99750000000.0,0.8843500615140457
991,99775000000.0,0.8839719684627428
992,99800000000.0,0.8835940172322398
993,99825000000.0,0.883216207708738
994,99850000000.0,0.8828385397785482
995,99875000000.0,0.8824610133280935
996,99900000000.0,0.8820836282439066
997,99925000000.0,0.881706384412631
998,99950000000.0,0.8813292817210205
999,99975000000.0,0.8809523200559384
1000,100000000000.0,0.8805754993043592
1001,100025000000.0,0.8801988193533661
1002,100050000000.0,0.8798222800901526
1003,100075000000.0,0.8794458814020221
1004,100100000000.0,0.8790696231763863
1005,100125000000.0,0.8786935053007674
1006,100150000000.0,0.8783175276627962
1007,100175000000.0,0.8779416901502126
1008,100200000000.0,0.877565992650865
1009,100225000000.0,0.8771904350527117
1010,100250000000.0,0.8768150172438185
1011,100275000000.0,0.8764397391123601
1012,100300000000.0,0.876064600546619
1013,100325000000.0,0.8756896014349873
1014,100350000000.0,0.875314741665964
1015,100375000000.0,0.874940021128156
1016,100400000000.0,0.8745654397102789
1017,100425000000.0,0.8741909973011551
1018,100450000000.0,0.8738166937897143
1019,100475000000.0,0.873442529064995
1020,100500000000.0,0.8730685030161416
1021,100525000000.0,0.8726946155324062
1022,100550000000.0,0.872320866503148
1023,100575000000.0,0.8719472558178322
1024,100600000000.0,0.8715737833660321
1025,100625000000.0,0.8712004490374267
1026,100650000000.0,0.8708272527218015
1027,100675000000.0,0.8704541943090485
1028,100700000000.0,0.870081273689166
1029,100725000000.0,0.8697084907522579
1030,100750000000.0,0.8693358453885344
1031,100775000000.0,0.8689633374883117
1032,100800000000.0,0.8685909669420109
1033,100825000000.0,0.8682187336401594
1034,100850000000.0,0.8678466374733897
1035,100875000000.0,0.8674746783324394
1036,100900000000.0,0.8671028561081516
1037,100925000000.0,0.8667311706914738
1038,100950000000.0,0.866359621973459
1039,100975000000.0,0.8659882098452648
1040,101000000000.0,0.8656169341981532
1041,101025000000.0,0.8652457949234905
1042,101050000000.0,0.8648747919127479
1043,101075000000.0,0.8645039250575005
1044,101100000000.0,0.8641331942494274
1045,101125000000.0,0.8637625993803114
1046,101150000000.0,0.86339214034204
1047,101175000000.0,0.863021817026604
1048,101200000000.0,0.8626516293260973
1049,101225000000.0,0.8622815771327177
1050,101250000000.0,0.861911660338766
1051,101275000000.0,0.8615418788366463
1052,101300000000.0,0.8611722325188663
1053,101325000000.0,0.8608027212780357
1054,101350000000.0,0.8604333450068674
1055,101375000000.0,0.8600641035981774
1056,101400000000.0,0.8596949969448833
1057,101425000000.0,0.8593260249400058
1058,101450000000.0,0.8589571874766679
1059,101475000000.0,0.8585884844480944
1060,101500000000.0,0.8582199157476125
1061,101525000000.0,0.8578514812686506
1062,101550000000.0,0.8574831809047401
1063,101575000000.0,0.8571150145495126
1064,101600000000.0,0.8567469820967024
1065,101625000000.0,0.8563790834401442
1066,101650000000.0,0.8560113184737752
1067,101675000000.0,0.8556436870916327
1068,101700000000.0,0.8552761891878553
1069,101725000000.0,0.8549088246566826
1070,101750000000.0,0.8545415933924547
1071,101775000000.0,0.854174495289613
1072,101800000000.0,0.8538075302426986
1073,101825000000.0,0.8534406981463536
1074,101850000000.0,0.8530739988953201
1075,101875000000.0,0.8527074323844399
1076,101900000000.0,0.8523409985086561
1077,101925000000.0,0.8519746971630102
1078,101950000000.0,0.8516085282426447
1079,101975000000.0,0.8512424916428003
1080,102000000000.0,0.8508765872588192
1081,102025000000.0,0.8505108149861415
1082,102050000000.0,0.8501451747203068
1083,102075000000.0,0.8497796663569543
1084,102100000000.0,0.8494142897918219
1085,102125000000.0,0.8490490449207464
1086,102150000000.0,0.8486839316396637
1087,102175000000.0,0.8483189498446082
1088,102200000000.0,0.8479540994317124
1089,102225000000.0,0.8475893802972077
1090,102250000000.0,0.847224792337424
1091,102275000000.0,0.8468603354487888
1092,102300000000.0,0.8464960095278282
1093,102325000000.0,0.846131814471166
1094,102350000000.0,0.8457677501755235
1095,102375000000.0,0.8454038165377202
1096,102400000000.0,0.845040013454673
1097,102425000000.0,0.8446763408233962
1098,102450000000.0,0.8443127985410012
1099,102475000000.0,0.8439493865046969
1100,102500000000.0,0.8435861046117895
1101,102525000000.0,0.843222952759682
1102,102550000000.0,0.8428599308458737
1103,102575000000.0,0.8424970387679616
1104,102600000000.0,0.8421342764236385
1105,102625000000.0,0.8417716437106941
1106,102650000000.0,0.8414091405270147
1107,102675000000.0,0.8410467667705821
1108,102700000000.0,0.8406845223394749
1109,102725000000.0,0.8403224071318677
1110,102750000000.0,0.8399604210460304
1111,102775000000.0,0.8395985639803296
1112,102800000000.0,0.8392368358332267
1113,102825000000.0,0.8388752365032789
1114,102850000000.0,0.8385137658891395
1115,102875000000.0,0.8381524238895565
1116,102900000000.0,0.8377912104033727
1117,102925000000.0,0.8374301253295268
1118,102950000000.0,0.8370691685670518
1119,102975000000.0,0.8367083400150763
1120,103000000000.0,0.836347639572823
1121,103025000000.0,0.8359870671396094
1122,103050000000.0,0.8356266226148474
1123,103075000000.0,0.8352663058980434
1124,103100000000.0,0.8349061168887981
1125,103125000000.0,0.8345460554868066
1126,103150000000.0,0.8341861215918576
1127,103175000000.0,0.8338263151038335
1128,103200000000.0,0.8334666359227114
1129,103225000000.0,0.8331070839485611
1130,103250000000.0,0.8327476590815469
1131,103275000000.0,0.8323883612219259
1132,103300000000.0,0.8320291902700485
1133,103325000000.0,0.8316701461263589
1134,103350000000.0,0.831311228691394
1135,103375000000.0,0.8309524378657837
1136,103400000000.0,0.8305937735502511
1137,103425000000.0,0.8302352356456117
1138,103450000000.0,0.8298768240527741
1139,103475000000.0,0.829518538672739
1140,103500000000.0,0.8291603794065996
1141,103525000000.0,0.8288023461555419
1142,103550000000.0,0.8284444388208433
1143,103575000000.0,0.8280866573038742
1144,103600000000.0,0.8277290015060963
1145,103625000000.0,0.8273714713290632
1146,103650000000.0,0.827014066674421
1147,103675000000.0,0.8266567874439068
1148,103700000000.0,0.8262996335393493
1149,103725000000.0,0.8259426048626687
1150,103750000000.0,0.8255857013158765
1151,103775000000.0,0.8252289228010753
1152,103800000000.0,0.824872269220459
1153,103825000000.0,0.8245157404763127
1154,103850000000.0,0.8241593364710117
1155,103875000000.0,0.8238030571070225
1156,103900000000.0,0.823446902286902
1157,103925000000.0,0.8230908719132981
1158,103950000000.0,0.8227349658889488
1159,103975000000.0,0.8223791841166825
1160,104000000000.0,0.8220235264994179
1161,104025000000.0,0.8216679929401631
1162,104050000000.0,0.8213125833420174
1163,104075000000.0,0.820957297608169
1164,104100000000.0,0.8206021356418961
1165,104125000000.0,0.8202470973465671
1166,104150000000.0,0.8198921826256393
1167,104175000000.0,0.8195373913826596
1168,104200000000.0,0.8191827235212642
1169,104225000000.0,0.8188281789451791
1170,104250000000.0,0.8184737575582184
1171,104275000000.0,0.8181194592642862
1172,104300000000.0,0.8177652839673748
1173,104325000000.0,0.8174112315715658
1174,104350000000.0,0.8170573019810291
1175,104375000000.0,0.8167034951000232
1176,104400000000.0,0.8163498108328955
1177,104425000000.0,0.8159962490840812
1178,104450000000.0,0.8156428097581038
1179,104475000000.0,0.815289492759576
1180,104500000000.0,0.8149362979931968
1181,104525000000.0,0.8145832253637545
1182,104550000000.0,0.8142302747761251
1183,104575000000.0,0.8138774461352714
1184,104600000000.0,0.8135247393462445
1185,104625000000.0,0.8131721543141832
1186,104650000000.0,0.8128196909443136
1187,104675000000.0,0.8124673491419483
1188,104700000000.0,0.8121151288124884
1189,104725000000.0,0.811763029861421
1190,104750000000.0,0.8114110521943207
1191,104775000000.0,0.811059195716849
1192,104800000000.0,0.8107074603347543
1193,104825000000.0,0.8103558459538709
1194,104850000000.0,0.8100043524801204
1195,104875000000.0,0.8096529798195108
1196,104900000000.0,0.8093017278781363
1197,104925000000.0,0.8089505965621772
1198,104950000000.0,0.8085995857779001
1199,104975000000.0,0.8082486954316578
1200,105000000000.0,0.8078979254298889
1201,105025000000.0,0.8075472756791177
1202,105050000000.0,0.8071967460859545
1203,105075000000.0,0.8068463365570947
1204,105100000000.0,0.8064960469993203
1205,105125000000.0,0.8061458773194976
1206,105150000000.0,0.8057958274245788
1207,105175000000.0,0.8054458972216009
1208,105200000000.0,0.8050960866176865
1209,105225000000.0,0.8047463955200431
1210,105250000000.0,0.8043968238359629
1211,105275000000.0,0.8040473714728231
1212,105300000000.0,0.8036980383380851
1213,105325000000.0,0.8033488243392958
1214,105350000000.0,0.8029997293840861
1215,105375000000.0,0.8026507533801711
1216,105400000000.0,0.8023018962353508
1217,105425000000.0,0.8019531578575084
1218,105450000000.0,0.8016045381546122
1219,105475000000.0,0.8012560370347144
1220,105500000000.0,0.8009076544059501
1221,105525000000.0,0.8005593901765395
1222,105550000000.0,0.8002112442547856
1223,105575000000.0,0.7998632165490756
1224,105600000000.0,0.7995153069678793
1225,105625000000.0,0.7991675154197511
1226,105650000000.0,0.7988198418133277
1227,105675000000.0,0.7984722860573293
1228,105700000000.0,0.7981248480605595
1229,105725000000.0,0.7977775277319044
1230,105750000000.0,0.7974303249803331
1231,105775000000.0,0.797083239714898
1232,105800000000.0,0.7967362718447337
1233,105825000000.0,0.7963894212790575
1234,105850000000.0,0.7960426879271689
1235,105875000000.0,0.7956960716984506
1236,105900000000.0,0.7953495725023669
1237,105925000000.0,0.7950031902484643
1238,105950000000.0,0.7946569248463721
1239,105975000000.0,0.7943107762058
1240,106000000000.0,0.7939647442365421
1241,106025000000.0,0.7936188288484722
1242,106050000000.0,0.7932730299515468
1243,106075000000.0,0.7929273474558034
1244,106100000000.0,0.7925817812713616
1245,106125000000.0,0.7922363313084219
1246,106150000000.0,0.7918909974772668
1247,106175000000.0,0.7915457796882593
1248,106200000000.0,0.791200677851844
1249,106225000000.0,0.7908556918785462
1250,106250000000.0,0.7905108216789725
1251,106275000000.0,0.7901660671638102
1252,106300000000.0,0.7898214282438272
1253,106325000000.0,0.7894769048298718
1254,106350000000.0,0.7891324968328736
1255,106375000000.0,0.7887882041638421
1256,106400000000.0,0.7884440267338668
1257,106425000000.0,0.7880999644541188
1258,106450000000.0,0.7877560172358475
1259,106475000000.0,0.7874121849903843
1260,106500000000.0,0.7870684676291392
1261,106525000000.0,0.7867248650636026
1262,106550000000.0,0.7863813772053446
1263,106575000000.0,0.7860380039660149
1264,106600000000.0,0.785694745257343
1265,106625000000.0,0.7853516009911374
1266,106650000000.0,0.7850085710792865
1267,106675000000.0,0.7846656554337581
1268,106700000000.0,0.7843228539665988
1269,106725000000.0,0.7839801665899349
1270,106750000000.0,0.7836375932159709
1271,106775000000.0,0.7832951337569911
1272,106800000000.0,0.7829527881253578
1273,106825000000.0,0.7826105562335125
1274,106850000000.0,0.7822684379939756
1275,106875000000.0,0.7819264333193454
1276,106900000000.0,0.7815845421222992
1277,106925000000.0,0.7812427643155923
1278,106950000000.0,0.7809010998120588
1279,106975000000.0,0.7805595485246105
1280,107000000000.0,0.7802181103662377
1281,107025000000.0,0.7798767852500081
1282,107050000000.0,0.779535573089068
1283,107075000000.0,0.7791944737966408
1284,107100000000.0,0.7788534872860283
1285,107125000000.0,0.7785126134706094
1286,107150000000.0,0.778171852263841
1287,107175000000.0,0.7778312035792568
1288,107200000000.0,0.7774906673304688
1289,107225000000.0,0.7771502434311655
1290,107250000000.0,0.7768099317951127
1291,107275000000.0,0.7764697323361537
1292,107300000000.0,0.7761296449682081
1293,107325000000.0,0.7757896696052732
1294,107350000000.0,0.7754498061614225
1295,107375000000.0,0.7751100545508061
1296,107400000000.0,0.7747704146876511
1297,107425000000.0,0.7744308864862615
1298,107450000000.0,0.774091469861017
1299,107475000000.0,0.773752164726374
1300,107500000000.0,0.773412970996865
1301,107525000000.0,0.7730738885870991
1302,107550000000.0,0.772734917411761
1303,107575000000.0,0.7723960573856117
1304,107600000000.0,0.7720573084234877
1305,107625000000.0,0.7717186704403018
1306,107650000000.0,0.7713801433510422
1307,107675000000.0,0.771041727070773
1308,107700000000.0,0.7707034215146339
1309,107725000000.0,0.7703652265978397
1310,107750000000.0,0.7700271422356804
1311,107775000000.0,0.769689168343522
1312,107800000000.0,0.7693513048368051
1313,107825000000.0,0.769013551631046
1314,107850000000.0,0.768675908641835
1315,107875000000.0,0.7683383757848382
1316,107900000000.0,0.7680009529757968
1317,107925000000.0,0.7676636401305256
1318,107950000000.0,0.7673264371649151
1319,107975000000.0,0.7669893439949297
1320,108000000000.0,0.7666523605366088
1321,108025000000.0,0.7663154867060655
1322,108050000000.0,0.7659787224194883
1323,108075000000.0,0.7656420675931389
1324,108100000000.0,0.7653055221433537
1325,108125000000.0,0.7649690859865425
1326,108150000000.0,0.7646327590391903
1327,108175000000.0,0.764296541217855
1328,108200000000.0,0.7639604324391682
1329,108225000000.0,0.7636244326198357
1330,108250000000.0,0.763288541676637
1331,108275000000.0,0.7629527595264243
1332,108300000000.0,0.7626170860861243
1333,108325000000.0,0.762281521272736
1334,108350000000.0,0.7619460650033325
1335,108375000000.0,0.7616107171950599
1336,108400000000.0,0.7612754777651377
1337,108425000000.0,0.7609403466308573
1338,108450000000.0,0.7606053237095842
1339,108475000000.0,0.7602704089187561
1340,108500000000.0,0.7599356021758836
1341,108525000000.0,0.7596009033985502
1342,108550000000.0,0.7592663125044118
1343,108575000000.0,0.7589318294111966
1344,108600000000.0,0.7585974540367053
1345,108625000000.0,0.7582631862988113
1346,108650000000.0,0.7579290261154602
1347,108675000000.0,0.7575949734046694
1348,108700000000.0,0.7572610280845287
1349,108725000000.0,0.7569271900731992
1350,108750000000.0,0.756593459288915
1351,108775000000.0,0.7562598356499811
1352,108800000000.0,0.7559263190747749
1353,108825000000.0,0.7555929094817446
1354,108850000000.0,0.7552596067894113
1355,108875000000.0,0.7549264109163667
1356,108900000000.0,0.7545933217812735
1357,108925000000.0,0.7542603393028666
1358,108950000000.0,0.753927463399952
1359,108975000000.0,0.7535946939914066
1360,109000000000.0,0.7532620309961781
1361,109025000000.0,0.7529294743332858
1362,109050000000.0,0.7525970239218196
1363,109075000000.0,0.7522646796809398
1364,109100000000.0,0.7519324415298787
1365,109125000000.0,0.751600309387938
1366,109150000000.0,0.7512682831744906
1367,109175000000.0,0.7509363628089794
1368,109200000000.0,0.7506045482109184
1369,109225000000.0,0.7502728392998915
1370,109250000000.0,0.749941235995553
1371,109275000000.0,0.7496097382176271
1372,109300000000.0,0.7492783458859081
1373,109325000000.0,0.7489470589202611
1374,109350000000.0,0.7486158772406202
1375,109375000000.0,0.7482848007669894
1376,109400000000.0,0.7479538294194429
1377,109425000000.0,0.7476229631181246
1378,109450000000.0,0.7472922017832474
1379,109475000000.0,0.7469615453350944
1380,109500000000.0,0.7466309936940179
1381,109525000000.0,0.7463005467804391
1382,109550000000.0,0.7459702045148489
1383,109575000000.0,0.7456399668178078
1384,109600000000.0,0.7453098336099448
1385,109625000000.0,0.744979804811958
1386,109650000000.0,0.7446498803446148
1387,109675000000.0,0.7443200601287508
1388,109700000000.0,0.7439903440852712
1389,109725000000.0,0.7436607321351494
1390,109750000000.0,0.7433312241994278
1391,109775000000.0,0.7430018201992163
1392,109800000000.0,0.7426725200556954
1393,109825000000.0,0.7423433236901121
1394,109850000000.0,0.7420142310237821
1395,109875000000.0,0.7416852419780898
1396,109900000000.0,0.7413563564744876
1397,109925000000.0,0.7410275744344956
1398,109950000000.0,0.7406988957797025
1399,109975000000.0,0.7403703204317642
1400,110000000000.0,0.7400418483124054
