,freq,delta_7g,delta_measured_phi4_5
0,75000000000,1.5340131442,1.5620671322
1,75028571429,1.5338297658,1.5620661618
2,75057142857,1.5358735359,1.5620642218
3,75085714286,1.5356951515,1.5620613113
4,75114285714,1.5355163499,1.5620574306
5,75142857143,1.5353174337,1.5620525799
6,75171428571,1.5351557969,1.5620467591
7,75200000000,1.534651077,1.562039968
8,75228571429,1.5344682424,1.5620322067
9,75257142857,1.5322290418,1.5620234752
10,75285714286,1.5323701128,1.5620137736
11,75314285714,1.5321812598,1.5620031018
12,75342857143,1.5319919725,1.5619914598
13,75371428571,1.5318207443,1.5619788474
14,75400000000,1.5326298067,1.561965265
15,75428571429,1.532460011,1.5619507122
16,75457142857,1.5322898545,1.561935189
17,75485714286,1.5311118189,1.5619186957
18,75514285714,1.5332522384,1.561901232
19,75542857143,1.533064306,1.5618827978
20,75571428571,1.5328944928,1.5618633935
21,75600000000,1.5327225663,1.5618430185
22,75628571429,1.5325520241,1.5618216733
23,75657142857,1.5323793598,1.5617993576
24,75685714286,1.5313320548,1.5617760715
25,75714285714,1.5311770236,1.5617518148
26,75742857143,1.5310198741,1.5617265875
27,75771428571,1.530841224,1.5617003897
28,75800000000,1.5293567786,1.5616732213
29,75828571429,1.5291746901,1.5616450825
30,75857142857,1.5290113569,1.5616159728
31,75885714286,1.5288477157,1.5615858925
32,75914285714,1.5286627155,1.5615548412
33,75942857143,1.5284965864,1.5615228193
34,75971428571,1.5283301391,1.5614898269
35,76000000000,1.5281421862,1.5614558633
36,76028571429,1.5279538254,1.5614209289
37,76057142857,1.527784487,1.5613850235
38,76085714286,1.5276148197,1.5613481471
39,76114285714,1.527464344,1.5613102999
40,76142857143,1.5272922081,1.5612714815
41,76171428571,1.5271197333,1.5612316921
42,76200000000,1.5269254125,1.5611909312
43,76228571429,1.5267719004,1.5611491992
44,76257142857,1.5265965329,1.5611064961
45,76285714286,1.5264208161,1.5610628217
46,76314285714,1.5262428726,1.5610181759
47,76342857143,1.5260863095,1.5609725586
48,76371428571,1.525907693,1.5609259699
49,76400000000,1.5257268273,1.5608784096
50,76428571429,1.5255674719,1.5608298777
51,76457142857,1.5253859133,1.5607803742
52,76485714286,1.5252039853,1.5607298991
53,76514285714,1.5273463425,1.5606784522
54,76542857143,1.527167419,1.5606260332
55,76571428571,1.5269881246,1.5605726426
56,76600000000,1.5268285232,1.56051828
57,76628571429,1.5266485255,1.5604629453
58,76657142857,1.5265084597,1.5604066386
59,76685714286,1.5263258865,1.5603493597
60,76714285714,1.5261429319,1.5602911086
61,76742857143,1.5259576774,1.5602318854
62,76771428571,1.5257942715,1.5601716894
63,76800000000,1.5256082788,1.5601105212
64,76828571429,1.5254422946,1.5600483807
65,76857142857,1.5252760014,1.5599852676
66,76885714286,1.5250869721,1.5599211817
67,76914285714,1.5249200109,1.5598561232
68,76942857143,1.5247302221,1.5597900917
69,76971428571,1.5245400318,1.5597230876
70,77000000000,1.5243700851,1.5596551105
71,77028571429,1.5241771697,1.5595861602
72,77057142857,1.5240065325,1.5595162372
73,77085714286,1.5238128366,1.5594453406
74,77114285714,1.5250894479,1.5593734709
75,77142857143,1.5248975772,1.559300628
76,77171428571,1.5247265464,1.5592268114
77,77200000000,1.5245551815,1.5591520213
78,77228571429,1.5228342033,1.5590762577
79,77257142857,1.5226590154,1.5589995204
80,77285714286,1.5223133716,1.5589218096
81,77314285714,1.5221351759,1.5588431245
82,77342857143,1.5219355599,1.5587634656
83,77371428571,1.5218391338,1.558682833
84,77400000000,1.5216600253,1.5586012258
85,77428571429,1.5238949416,1.5585186447
86,77457142857,1.5232980225,1.5584350891
87,77485714286,1.5227012055,1.5583505593
88,77514285714,1.5221064626,1.5582650549
89,77542857143,1.5215098537,1.5581785758
90,77571428571,1.5208926276,1.5580911223
91,77600000000,1.5202963128,1.5580026938
92,77628571429,1.5196795219,1.5579132905
93,77657142857,1.5188375394,1.5578229122
94,77685714286,1.5184876375,1.5577315589
95,77714285714,1.5178714923,1.5576392303
96,77742857143,1.5169089325,1.5575459265
97,77771428571,1.5166381112,1.5574516472
98,77800000000,1.5160429803,1.5573563927
99,77828571429,1.5154479952,1.5572601624
100,77857142857,1.5148312208,1.5571629565
101,77885714286,1.5142166206,1.557064775
102,77914285714,1.5136222306,1.5569656174
103,77942857143,1.5130062897,1.5568654838
104,77971428571,1.5118406542,1.5567643742
105,78000000000,1.511818468,1.5566622884
106,78028571429,1.5112033227,1.5565592262
107,78057142857,1.5106295017,1.5564551875
108,78085714286,1.5100362042,1.5563501726
109,78114285714,1.5094430878,1.5562441809
110,78142857143,1.5088695562,1.5561372125
111,78171428571,1.5082960879,1.5560292671
112,78200000000,1.5105461709,1.5559203449
113,78228571429,1.509982297,1.5558104454
114,78257142857,1.50941848,1.5556995692
115,78285714286,1.5088547232,1.5555877152
116,78314285714,1.5083116439,1.555474884
117,78342857143,1.5077479515,1.5553610752
118,78371428571,1.5072030873,1.555246289
119,78400000000,1.5066394791,1.5551305247
120,78428571429,1.5061149595,1.5550137828
121,78457142857,1.5055699782,1.5548960629
122,78485714286,1.5050452188,1.5547773647
123,78514285714,1.5045001186,1.5546576884
124,78542857143,1.5039751314,1.5545370338
125,78571428571,1.5034500076,1.5544154007
126,78600000000,1.502943101,1.5542927893
127,78628571429,1.5024176636,1.5541691989
128,78657142857,1.5019901378,1.5540446298
129,78685714286,1.5014824151,1.5539190816
130,78714285714,1.5009744765,1.5537925546
131,78742857143,1.5004465182,1.5536650484
132,78771428571,1.4999382056,1.553536563
133,78800000000,1.4994477441,1.5534070979
134,78828571429,1.4989586381,1.5532766535
135,78857142857,1.4985264923,1.5531452294
136,78885714286,1.4982509734,1.5530128256
137,78914285714,1.497994638,1.5528794418
138,78942857143,1.497698411,1.552745078
139,78971428571,1.4974394561,1.5526097341
140,79000000000,1.4971619253,1.5524734099
141,79028571429,1.4970010718,1.5523361054
142,79057142857,1.4997696268,1.5521978206
143,79085714286,1.4995546857,1.552058555
144,79114285714,1.4992801825,1.5519183086
145,79142857143,1.4990232891,1.5517770814
146,79171428571,1.4986093912,1.5516348731
147,79200000000,1.4983513462,1.5514916837
148,79228571429,1.4980730357,1.5513475131
149,79257142857,1.4978140384,1.5512023613
150,79285714286,1.4975545789,1.5510562278
151,79314285714,1.4972747733,1.5509091128
152,79342857143,1.497272042,1.550761016
153,79371428571,1.4970098652,1.5506119373
154,79400000000,1.4967472196,1.5504618766
155,79428571429,1.496223673,1.5503108339
156,79457142857,1.4959597269,1.5501588089
157,79485714286,1.4956953118,1.5500058015
158,79514285714,1.4954287533,1.5498518116
159,79542857143,1.4951633972,1.5496968392
160,79571428571,1.4948958922,1.5495408841
161,79600000000,1.4949917589,1.5493839461
162,79628571429,1.4947423953,1.5492260251
163,79657142857,1.4944536477,1.5490671209
164,79685714286,1.4926726012,1.5489072334
165,79714285714,1.4924178025,1.548746363
166,79742857143,1.4921642375,1.5485845087
167,79771428571,1.4915698567,1.5484216709
168,79800000000,1.4944805057,1.5482578494
169,79828571429,1.494229797,1.5480930439
170,79857142857,1.4939786687,1.5479272548
171,79885714286,1.4951802723,1.5477604811
172,79914285714,1.4949306082,1.5475927234
173,79942857143,1.4946805208,1.5474239817
174,79971428571,1.4944096303,1.5472542551
175,80000000000,1.4941586629,1.547083544
176,80028571429,1.4939055698,1.5469118483
177,80057142857,1.4936332819,1.5467391676
178,80085714286,1.4933792991,1.5465655022
179,80114285714,1.4931248852,1.5463908516
180,80142857143,1.49287004,1.5462152158
181,80171428571,1.4926147631,1.5460385947
182,80200000000,1.4923779611,1.5458609881
183,80228571429,1.4921011926,1.545682396
184,80257142857,1.4918635789,1.5455028183
185,80285714286,1.4916048712,1.5453222548
186,80314285714,1.4913457246,1.5451407053
187,80342857143,1.4911069223,1.54495817
188,80371428571,1.4908469271,1.5447746483
189,80400000000,1.4906056049,1.5445901406
190,80428571429,1.4903238767,1.5444046463
191,80457142857,1.4900817254,1.5442181656
192,80485714286,1.489819993,1.5440306983
193,80514285714,1.4895770471,1.5438422443
194,80542857143,1.4893127077,1.5436528033
195,80571428571,1.4923323191,1.5434623757
196,80600000000,1.4920928349,1.5432709608
197,80628571429,1.4918337546,1.5430785588
198,80657142857,1.4915934745,1.5428851696
199,80685714286,1.4913335374,1.5426907929
200,80714285714,1.4910924597,1.5424954286
201,80742857143,1.4908509988,1.542299077
202,80771428571,1.4905897873,1.5421017378
203,80800000000,1.4903475264,1.5419034103
204,80828571429,1.4903809315,1.5417040953
205,80857142857,1.4901365904,1.541503792
206,80885714286,1.4898936346,1.5413025007
207,80914285714,1.4896289123,1.5411002212
208,80942857143,1.4893851482,1.5408969534
209,80971428571,1.4894616687,1.5406926972
210,81000000000,1.4892176607,1.5404873943
211,81028571429,1.488993083,1.5402811608
212,81057142857,1.4887266741,1.5400739384
213,81085714286,1.4881119555,1.5398657275
214,81114285714,1.484789945,1.5396565276
215,81142857143,1.4844702839,1.5394463386
216,81171428571,1.4841954515,1.5392351605
217,81200000000,1.4839619757,1.5390229933
218,81228571429,1.483706307,1.5388098365
219,81257142857,1.4834502337,1.5385956904
220,81285714286,1.482996675,1.538380555
221,81314285714,1.4827394869,1.53816443
222,81342857143,1.4824818933,1.5379473152
223,81371428571,1.4813631966,1.5377292108
224,81400000000,1.4811905019,1.5375101164
225,81428571429,1.4809305097,1.5372900323
226,81457142857,1.4806482784,1.537068958
227,81485714286,1.4812541687,1.5368468938
228,81514285714,1.4809942336,1.5366238393
229,81542857143,1.4807782852,1.5363997948
230,81571428571,1.4804953649,1.5361747597
231,81600000000,1.4837265565,1.5359487344
232,81628571429,1.4834717069,1.5357217185
233,81657142857,1.4832164546,1.5354937122
234,81685714286,1.4829404231,1.5352647152
235,81714285714,1.4826843331,1.5350347276
236,81742857143,1.4825840696,1.5348037493
237,81771428571,1.4818479066,1.53457178
238,81800000000,1.4817238439,1.5343388199
239,81828571429,1.4816205446,1.5341048691
240,81857142857,1.4814970407,1.533869927
241,81885714286,1.4813737822,1.5336339938
242,81914285714,1.4812281593,1.5333970698
243,81942857143,1.4810845336,1.5331591544
244,81971428571,1.4809618678,1.5329202479
245,82000000000,1.4813621752,1.53268035
246,82028571429,1.4812205764,1.5324394608
247,82057142857,1.4810559777,1.5321975802
248,82085714286,1.4809145396,1.531954708
249,82114285714,1.4807499689,1.5317108446
250,82142857143,1.4806086899,1.5314659895
251,82171428571,1.4804227345,1.5312201429
252,82200000000,1.4802581147,1.5309733046
253,82228571429,1.48032877,1.5307254748
254,82257142857,1.4801430995,1.5304766532
255,82285714286,1.4799789911,1.5302268399
256,82314285714,1.4797931155,1.5299760349
257,82342857143,1.4796071108,1.5297242381
258,82371428571,1.479397127,1.5294714492
259,82400000000,1.4790198107,1.5292176688
260,82428571429,1.4788329072,1.5289628963
261,82457142857,1.4786219167,1.5287071321
262,82485714286,1.4784127085,1.5284503759
263,82514285714,1.4748433931,1.5281926278
264,82542857143,1.4746033621,1.5279338876
265,82571428571,1.4744094457,1.5276741557
266,82600000000,1.4741688303,1.5274134316
267,82628571429,1.4739522239,1.5271517156
268,82657142857,1.4737109835,1.5268890077
269,82685714286,1.4734694085,1.5266253075
270,82714285714,1.4732274985,1.5263606154
271,82742857143,1.4729628137,1.5260949316
272,82771428571,1.4727201935,1.5258282555
273,82800000000,1.4724547267,1.5255605872
274,82828571429,1.472188852,1.5252919274
275,82857142857,1.471922569,1.5250222755
276,82885714286,1.4716784839,1.5247516314
277,82914285714,1.4713640502,1.5244799954
278,82942857143,1.4710965035,1.5242073676
279,82971428571,1.4708037572,1.5239337479
280,83000000000,1.470535354,1.5236591362
281,83028571429,1.4702189439,1.5233835327
282,83057142857,1.4699020133,1.5231069373
283,83085714286,1.4696322401,1.52282935
284,83114285714,1.469314309,1.5225507709
285,83142857143,1.4689958566,1.5222712003
286,83171428571,1.4686768827,1.5219906378
287,83200000000,1.4683573872,1.5217090836
288,83228571429,1.4680144839,1.5214265378
289,83257142857,1.4715675054,1.5211430005
290,83285714286,1.4712537573,1.5208584715
291,83314285714,1.4708688253,1.5205729512
292,83342857143,1.4705082653,1.5202864393
293,83371428571,1.4701471326,1.5199989362
294,83400000000,1.469851948,1.5197104415
295,83428571429,1.4695125889,1.5194209558
296,83457142857,1.4691247548,1.5191304789
297,83485714286,1.4651598976,1.5188390108
298,83514285714,1.4651138388,1.5185465518
299,83542857143,1.4647173168,1.5182531019
300,83571428571,1.4643454109,1.517958661
301,83600000000,1.4639707959,1.5176632294
302,83628571429,1.4635977402,1.5173668069
303,83657142857,1.4631988908,1.5170693937
304,83685714286,1.4627994605,1.5167709901
305,83714285714,1.4623994497,1.5164715963
306,83742857143,1.4619988587,1.5161712118
307,83771428571,1.4615976881,1.5158698372
308,83800000000,1.4608687836,1.5155674725
309,83828571429,1.4604183667,1.5152641177
310,83857142857,1.4601304472,1.5149597731
311,83885714286,1.459611999,1.5146544386
312,83914285714,1.4592309325,1.5143481146
313,83942857143,1.4588241854,1.5140408007
314,83971428571,1.4584649623,1.5137324977
315,84000000000,1.4580591851,1.5134232054
316,84028571429,1.4576047386,1.5131129237
317,84057142857,1.4571978147,1.5128016532
318,84085714286,1.4567903171,1.5124893937
319,84114285714,1.4563341861,1.5121761454
320,84142857143,1.4559255452,1.5118619088
321,84171428571,1.4554683047,1.5115466835
322,84200000000,1.4550355786,1.5112304698
323,84228571429,1.4546001759,1.5109132681
324,84257142857,1.4541663271,1.5105950785
325,84285714286,1.4537298053,1.510275901
326,84314285714,1.4532698195,1.509955736
327,84342857143,1.4491164443,1.5096345834
328,84371428571,1.4486732978,1.5093124435
329,84400000000,1.4482274727,1.5089893167
330,84428571429,1.4477832129,1.5086652029
331,84457142857,1.4473133476,1.5083401023
332,84485714286,1.4468679862,1.5080140152
333,84514285714,1.4462368727,1.5076869417
334,84542857143,1.4457904759,1.5073588822
335,84571428571,1.445318579,1.5070298367
336,84600000000,1.4448482635,1.5066998056
337,84628571429,1.4442011379,1.5063687889
338,84657142857,1.443727796,1.5060367871
339,84685714286,1.4432787585,1.5057038
340,84714285714,1.4471775149,1.5053698284
341,84742857143,1.4467350197,1.5050348721
342,84771428571,1.44626722,1.5046989311
343,84800000000,1.4458236391,1.5043620063
344,84828571429,1.4453795114,1.5040240977
345,84857142857,1.4448874848,1.5036852053
346,84885714286,1.4439910303,1.5033453296
347,84914285714,1.4434984385,1.5030044708
348,84942857143,1.4429543008,1.5026626291
349,84971428571,1.4424852895,1.5023198049
350,85000000000,1.4420137122,1.5019759985
351,85028571429,1.441566074,1.5016312101
352,85057142857,1.4410710737,1.5012854396
353,85085714286,1.4406223792,1.5009386879
354,85114285714,1.4401263927,1.5005909551
355,85142857143,1.4396766453,1.5002422414
356,85171428571,1.43516099,1.499892547
357,85200000000,1.4346808981,1.4995418724
358,85228571429,1.4341982572,1.4991902179
359,85257142857,1.4337881549,1.4988375836
360,85285714286,1.433377501,1.4984839701
361,85314285714,1.4329662957,1.4981293776
362,85342857143,1.4325322218,1.4977738066
363,85371428571,1.4321199123,1.4974172571
364,85400000000,1.4323343132,1.4970597296
365,85428571429,1.431920957,1.4967012244
366,85457142857,1.4315070488,1.496341742
367,85485714286,1.4311150833,1.4959812827
368,85514285714,1.4307225756,1.4956198469
369,85542857143,1.4303070157,1.4952574346
370,85571428571,1.4299134162,1.4948940466
371,85600000000,1.4294967554,1.4945296833
372,85628571429,1.4291020644,1.4941643446
373,85657142857,1.4287068317,1.4937980315
374,85685714286,1.4282864557,1.4934307439
375,85714285714,1.427867595,1.4930624825
376,85742857143,1.4274707217,1.4926932475
377,85771428571,1.4270486959,1.4923230393
378,85800000000,1.4266507318,1.4919518585
379,85828571429,1.4308629253,1.4915797055
380,85857142857,1.4304468531,1.4912065807
381,85885714286,1.430054847,1.4908324844
382,85914285714,1.4296376808,1.490457417
383,85942857143,1.4292445901,1.4900813794
384,85971428571,1.4288263306,1.4897043714
385,86000000000,1.424148132,1.4893263939
386,86028571429,1.4237464514,1.4889474472
387,86057142857,1.4234654761,1.4885675317
388,86085714286,1.4230380646,1.4881866479
389,86114285714,1.4226101056,1.4878047966
390,86142857143,1.4221815996,1.4874219779
391,86171428571,1.4217751583,1.4870381922
392,86200000000,1.4213208765,1.4866534404
393,86228571429,1.4209133407,1.4862677226
394,86257142857,1.4204826482,1.4858810398
395,86285714286,1.4200493394,1.4854933918
396,86314285714,1.4195682099,1.4851047798
397,86342857143,1.4196344609,1.4847152038
398,86371428571,1.4192015692,1.4843246648
399,86400000000,1.4187908621,1.483933163
400,86428571429,1.4183796131,1.4835406991
401,86457142857,1.4179202637,1.4831472735
402,86485714286,1.4175079209,1.4827528868
403,86514285714,1.4170950366,1.4823575397
404,86542857143,1.4166588684,1.4819612328
405,86571428571,1.4162200721,1.4815639663
406,86600000000,1.415805554,1.4811657411
407,86628571429,1.4147764959,1.4807665578
408,86657142857,1.4143833631,1.4803664168
409,86685714286,1.4139424475,1.4799653188
410,86714285714,1.4135256476,1.4795632642
411,86742857143,1.4130836476,1.479160254
412,86771428571,1.4126657653,1.4787562887
413,86800000000,1.4122452775,1.4783513688
414,86828571429,1.4118263176,1.477945495
415,86857142857,1.4113821486,1.4775386677
416,86885714286,1.4163219224,1.4771308881
417,86914285714,1.4114323298,1.4767221563
418,86942857143,1.4104228746,1.4763124729
419,86971428571,1.4099997866,1.4759018392
420,87000000000,1.4095535807,1.4754902553
421,87028571429,1.4091068371,1.4750777222
422,87057142857,1.4087067723,1.4746642403
423,87085714286,1.4082589472,1.4742498105
424,87114285714,1.4078331651,1.4738344335
425,87142857143,1.4073842631,1.47341811
426,87171428571,1.4069348249,1.4730008406
427,87200000000,1.4069829216,1.4725826259
428,87228571429,1.4065571142,1.4721634671
429,87257142857,1.4061059825,1.4717433643
430,87285714286,1.4056770198,1.4713223186
431,87314285714,1.4046365569,1.4709003308
432,87342857143,1.4042064597,1.4704774016
433,87371428571,1.4037532801,1.4700535319
434,87400000000,1.4032995668,1.4696287219
435,87428571429,1.4028453203,1.469202973
436,87457142857,1.4024622769,1.4687762858
437,87485714286,1.4021054265,1.468348661
438,87514285714,1.4017234696,1.4679200993
439,87542857143,1.4013163523,1.4674906018
440,87571428571,1.4009313239,1.467060169
441,87600000000,1.4005231706,1.4666288017
442,87628571429,1.4001144946,1.4661965012
443,87657142857,1.400252552,1.4657632681
444,87685714286,1.3998430457,1.465329103
445,87714285714,1.3994330148,1.4648940069
446,87742857143,1.3990224592,1.4644579807
447,87771428571,1.3986362967,1.464021025
448,87800000000,1.398224701,1.4635831412
449,87828571429,1.3978125801,1.4631443298
450,87857142857,1.3974248885,1.4627045918
451,87885714286,1.4021607428,1.462263928
452,87914285714,1.3970139232,1.4618223394
453,87942857143,1.3967503603,1.4613798268
454,87971428571,1.3965368361,1.4609363911
455,88000000000,1.3961223493,1.4604920334
456,88028571429,1.395707336,1.4600467546
457,88057142857,1.3952917961,1.4596005553
458,88085714286,1.394750168,1.459153437
459,88114285714,1.3943335293,1.4587054004
460,88142857143,1.393916364,1.4582564464
461,88171428571,1.3935007798,1.457806576
462,88200000000,1.3930825618,1.4573557901
463,88228571429,1.3926889589,1.45690409
464,88257142857,1.3922696955,1.456451476
465,88285714286,1.391849905,1.4559979502
466,88314285714,1.3914317002,1.4555435125
467,88342857143,1.3910108557,1.4550881646
468,88371428571,1.390614677,1.4546319075
469,88400000000,1.3901927857,1.4541747418
470,88428571429,1.3897472732,1.453716669
471,88457142857,1.3891731686,1.4532576898
472,88485714286,1.3887748179,1.4527978057
473,88514285714,1.3883276931,1.4523370172
474,88542857143,1.3879283047,1.4518753259
475,88571428571,1.3875031991,1.4514127326
476,88600000000,1.3870544694,1.4509492384
477,88628571429,1.3866535222,1.4504848445
478,88657142857,1.3862037224,1.450019552
479,88685714286,1.3857764982,1.4495533618
480,88714285714,1.3853508656,1.4490862754
481,88742857143,1.3849225854,1.4486182937
482,88771428571,1.3844706445,1.4481494178
483,88800000000,1.3840413005,1.4476796491
484,88828571429,1.3836135503,1.4472089885
485,88857142857,1.3885693786,1.4467374375
486,88885714286,1.3881464018,1.4462649968
487,88914285714,1.3877250238,1.4457916678
488,88942857143,1.382635515,1.4453174519
489,88971428571,1.3822037444,1.4448423503
490,89000000000,1.3817481858,1.4443663637
491,89028571429,1.3813174845,1.4438894938
492,89057142857,1.3808608542,1.4434117418
493,89085714286,1.3804269529,1.4429331087
494,89114285714,1.379969251,1.4424535961
495,89142857143,1.3795110137,1.4419732049
496,89171428571,1.379052241,1.4414919365
497,89200000000,1.3785675355,1.4410097921
498,89228571429,1.3778035447,1.4405267735
499,89257142857,1.3773663528,1.4400428812
500,89285714286,1.3769054504,1.4395581169
501,89314285714,1.3764440141,1.4390724821
502,89342857143,1.3759820441,1.4385859777
503,89371428571,1.3755195405,1.4380986051
504,89400000000,1.3750565034,1.437610366
505,89428571429,1.3745929329,1.4371212614
506,89457142857,1.3741288292,1.4366312929
507,89485714286,1.3736641924,1.4361404615
508,89514285714,1.3731758567,1.435648769
509,89542857143,1.3727101555,1.4351562165
510,89571428571,1.3722439216,1.4346628054
511,89600000000,1.3717518773,1.4341685372
512,89628571429,1.3712845802,1.4336734134
513,89657142857,1.370816751,1.4331774353
514,89685714286,1.3703483896,1.4326806043
515,89714285714,1.3754698237,1.432182922
516,89742857143,1.3750083431,1.4316843894
517,89771428571,1.3745463328,1.4311850084
518,89800000000,1.3740584467,1.4306847804
519,89828571429,1.373595379,1.4301837068
520,89857142857,1.3731085671,1.4296817893
521,89885714286,1.3726191157,1.4291790291
522,89914285714,1.3721544639,1.4286754277
523,89942857143,1.371663968,1.4281709866
524,89971428571,1.3711750727,1.4276657076
525,90000000000,1.3706835422,1.4271595922
526,90028571429,1.3702167821,1.4266526417
527,90057142857,1.3697010475,1.4261448576
528,90085714286,1.3692079683,1.4256362418
529,90114285714,1.3687396311,1.4251267957
530,90142857143,1.3682455117,1.4246165209
531,90171428571,1.3624525477,1.4241054188
532,90200000000,1.3619753482,1.4235934912
533,90228571429,1.3614725116,1.4230807399
534,90257142857,1.360946176,1.4225671659
535,90285714286,1.3604423236,1.4220527716
536,90314285714,1.3599379587,1.4215375579
537,90342857143,1.3594581373,1.4210215271
538,90371428571,1.3589297926,1.4205046802
539,90400000000,1.3584238915,1.4199870195
540,90428571429,1.3579174796,1.4194685464
541,90457142857,1.3573876513,1.4189492624
542,90485714286,1.3619438262,1.4184291695
543,90514285714,1.3613985108,1.4179082693
544,90542857143,1.3608755096,1.4173865634
545,90571428571,1.3603520289,1.4168640538
546,90600000000,1.3606962161,1.4163407419
547,90628571429,1.3601690483,1.4158166296
548,90657142857,1.3596664289,1.4152917188
549,90685714286,1.359163302,1.4147660111
550,90714285714,1.3586596679,1.4142395081
551,90742857143,1.3581326229,1.4137122119
552,90771428571,1.3576030158,1.4131841242
553,90800000000,1.3570978855,1.4126552468
554,90828571429,1.3565922499,1.4121255814
555,90857142857,1.3560861091,1.41159513
556,90885714286,1.3555545496,1.4110638942
557,90914285714,1.3550474123,1.4105318762
558,90942857143,1.3545397712,1.4099990775
559,90971428571,1.3540067577,1.4094655002
560,91000000000,1.3534981228,1.4089311461
561,91028571429,1.3529641496,1.408396017
562,91057142857,1.352431776,1.4078601149
563,91085714286,1.3519195919,1.4073234417
564,91114285714,1.3514089749,1.4067859993
565,91142857143,1.3508730888,1.4062477895
566,91171428571,1.3503614837,1.4057088144
567,91200000000,1.3498246445,1.405169076
568,91228571429,1.349312053,1.404628576
569,91257142857,1.3547466489,1.4040873164
570,91285714286,1.3542160575,1.4035452995
571,91314285714,1.3537098,1.403002527
572,91342857143,1.3531782574,1.4024590009
573,91371428571,1.3526462503,1.4019147233
574,91400000000,1.3521612239,1.4013696961
575,91428571429,1.3516282504,1.4008239215
576,91457142857,1.3510948141,1.4002774016
577,91485714286,1.3509322223,1.3997301382
578,91514285714,1.3504223428,1.3991821334
579,91542857143,1.3499099088,1.3986333892
580,91571428571,1.3493990382,1.398083908
581,91600000000,1.3484925352,1.3975336914
582,91628571429,1.3479562741,1.3969827419
583,91657142857,1.347442109,1.3964310617
584,91685714286,1.3469049121,1.3958786525
585,91714285714,1.346367258,1.3953255166
586,91742857143,1.3458761919,1.3947716564
587,91771428571,1.3453375837,1.3942170923
588,91800000000,1.3447985199,1.393661789
589,91828571429,1.344281458,1.3931057676
590,91857142857,1.3437414653,1.3925490306
591,91885714286,1.3432234422,1.3919915801
592,91914285714,1.3426825228,1.3914334176
593,91942857143,1.3421655613,1.390874546
594,91971428571,1.3416460918,1.3903149675
595,92000000000,1.3411037743,1.3897546843
596,92028571429,1.3405833486,1.3891936982
597,92057142857,1.3461483807,1.388632012
598,92085714286,1.3456347615,1.3880696276
599,92114285714,1.3450982133,1.3875065475
600,92142857143,1.3445836392,1.3869427738
601,92171428571,1.3440461703,1.3863783088
602,92200000000,1.3435306434,1.385813155
603,92228571429,1.3429922559,1.3852473148
604,92257142857,1.3368577153,1.3846807901
605,92285714286,1.3363114392,1.3841135831
606,92314285714,1.3357869008,1.3835456973
607,92342857143,1.3352397146,1.3829771339
608,92371428571,1.3347142316,1.3824078954
609,92400000000,1.3341661375,1.3818379846
610,92428571429,1.3336397119,1.3812674038
611,92457142857,1.3331128083,1.3806961553
612,92485714286,1.3325633462,1.3801242412
613,92514285714,1.332035503,1.3795516643
614,92542857143,1.3314851389,1.378978427
615,92571428571,1.3309803678,1.3784045317
616,92600000000,1.3304510944,1.3778299809
617,92628571429,1.3298993466,1.3772547768
618,92657142857,1.3293691385,1.3766789222
619,92685714286,1.3288384561,1.3761024194
620,92714285714,1.3282853534,1.3755252708
621,92742857143,1.3267518491,1.3749474793
622,92771428571,1.3262204847,1.3743690469
623,92800000000,1.3257338009,1.3737899763
624,92828571429,1.3261580253,1.3732102702
625,92857142857,1.3319399514,1.372629931
626,92885714286,1.3314136994,1.3720489615
627,92914285714,1.3308869755,1.3714673637
628,92942857143,1.3303377921,1.3708851407
629,92971428571,1.3298340791,1.3703022949
630,93000000000,1.3293059406,1.3697188288
631,93028571429,1.3287773319,1.3691347453
632,93057142857,1.3282482536,1.3685500464
633,93085714286,1.3277425832,1.3679647356
634,93114285714,1.3272125494,1.3673788149
635,93142857143,1.3266820471,1.3667922869
636,93171428571,1.3261530313,1.3662051546
637,93200000000,1.3256215917,1.3656174204
638,93228571429,1.325089685,1.3650290873
639,93257142857,1.3245810923,1.3644401579
640,93285714286,1.3240482348,1.3638506347
641,93314285714,1.323633756,1.3632605205
642,93342857143,1.323145484,1.3626698178
643,93371428571,1.3226111052,1.3620785296
644,93400000000,1.3221000153,1.3614866587
645,93428571429,1.3215646885,1.3608942076
646,93457142857,1.3212189262,1.3603011792
647,93485714286,1.3207062954,1.3597075763
648,93514285714,1.3201694106,1.3591134016
649,93542857143,1.3196776061,1.3585186579
650,93571428571,1.319163498,1.357923348
651,93600000000,1.3186488976,1.3573274747
652,93628571429,1.3181338051,1.3567310409
653,93657142857,1.3176399896,1.3561340493
654,93685714286,1.3235878323,1.3555365029
655,93714285714,1.3230791672,1.3549384042
656,93742857143,1.3225919464,1.3543397565
657,93771428571,1.3220822908,1.3537405624
658,93800000000,1.3215940678,1.353140825
659,93828571429,1.3147247149,1.3525405469
660,93857142857,1.3143223283,1.3519397311
661,93885714286,1.313803583,1.3513383807
662,93914285714,1.3133059688,1.3507364984
663,93942857143,1.312807851,1.350134087
664,93971428571,1.3123111583,1.3495311498
665,94000000000,1.3119298346,1.3489276898
666,94028571429,1.3114537633,1.3483237095
667,94057142857,1.3109319603,1.347719212
668,94085714286,1.3102430202,1.3471142004
669,94114285714,1.3097418954,1.3465086779
670,94142857143,1.3092402674,1.3459026472
671,94171428571,1.3087381361,1.3452961112
672,94200000000,1.3082139456,1.3446890733
673,94228571429,1.3077342877,1.3440815362
674,94257142857,1.3072306467,1.3434735032
675,94285714286,1.3067265025,1.342864977
676,94314285714,1.3062218551,1.342255961
677,94342857143,1.3057401664,1.3416464581
678,94371428571,1.3052345074,1.3410364713
679,94400000000,1.3047498807,1.340426004
680,94428571429,1.30424321,1.3398150589
681,94457142857,1.3104306415,1.3392036396
682,94485714286,1.3099311018,1.3385917486
683,94514285714,1.309454739,1.3379793893
684,94542857143,1.3089541924,1.3373665653
685,94571428571,1.3084748843,1.3367532786
686,94600000000,1.3079970091,1.3361395337
687,94628571429,1.3074949493,1.3355253327
688,94657142857,1.3070160645,1.3349106795
689,94685714286,1.3065347384,1.3342955768
690,94714285714,1.3060548457,1.333680028
691,94742857143,1.3055507653,1.3330640362
692,94771428571,1.304902353,1.3324476049
693,94800000000,1.3044209266,1.3318307369
694,94828571429,1.3039370629,1.3312134358
695,94857142857,1.2972382369,1.3305957044
696,94885714286,1.2967241684,1.3299775464
697,94914285714,1.296231073,1.3293589647
698,94942857143,1.2957393886,1.3287399628
699,94971428571,1.2952452747,1.328120544
700,95000000000,1.2947525719,1.3275007117
701,95028571429,1.2942574385,1.3268804687
702,95057142857,1.2937637167,1.3262598187
703,95085714286,1.2932675631,1.3256387649
704,95114285714,1.2927728214,1.3250173107
705,95142857143,1.2922756469,1.3243954592
706,95171428571,1.2917798846,1.3237732139
707,95200000000,1.291305096,1.323150578
708,95228571429,1.2907849046,1.3225275552
709,95257142857,1.2903090935,1.3219041487
710,95285714286,1.2966915283,1.3212803618
711,95314285714,1.2962234076,1.3206561981
712,95342857143,1.2957093923,1.3200316606
713,95371428571,1.2952402572,1.319406753
714,95400000000,1.2947252248,1.3187814785
715,95428571429,1.2942550742,1.3181558409
716,95457142857,1.2937390243,1.3175298431
717,95485714286,1.2932678572,1.316903489
718,95514285714,1.2927744569,1.3162767819
719,95542857143,1.2922568793,1.3156497253
720,95571428571,1.2917841861,1.3150223222
721,95600000000,1.2912655897,1.314394577
722,95628571429,1.2907701523,1.3137664921
723,95657142857,1.2902722616,1.3131380718
724,95685714286,1.2897758047,1.3125093194
725,95714285714,1.28949216,1.3118802383
726,95742857143,1.2889689976,1.3112508319
727,95771428571,1.2884472845,1.310621104
728,95800000000,1.281458372,1.3099910581
729,95828571429,1.2807641349,1.3093606972
730,95857142857,1.2802333849,1.3087300259
731,95885714286,1.2797255057,1.3080990468
732,95914285714,1.2791937384,1.3074677639
733,95942857143,1.2786614672,1.3068361808
734,95971428571,1.2781286921,1.3062043006
735,96000000000,1.2776187575,1.3055721276
736,96028571429,1.277084965,1.304939665
737,96057142857,1.2765506687,1.3043069165
738,96085714286,1.2760158686,1.3036738855
739,96114285714,1.2755038775,1.3030405759
740,96142857143,1.2749466795,1.3024069912
741,96171428571,1.2744103677,1.3017731352
742,96200000000,1.2810376558,1.3011390114
743,96228571429,1.2804870109,1.3005046234
744,96257142857,1.2799574907,1.299869975
745,96285714286,1.2794058752,1.2992350696
746,96314285714,1.2788753605,1.2985999112
747,96342857143,1.2783227752,1.2979645035
748,96371428571,1.2777912666,1.2973288501
749,96400000000,1.2772377122,1.2966929543
750,96428571429,1.276660231,1.2960568204
751,96457142857,1.2761057415,1.2954204522
752,96485714286,1.2749730556,1.2947838528
753,96514285714,1.2744180471,1.2941470262
754,96542857143,1.2738181262,1.2935099762
755,96571428571,1.2732409626,1.2928727066
756,96600000000,1.2733009079,1.292235221
757,96628571429,1.2727435874,1.2915975234
758,96657142857,1.2721625007,1.2909596171
759,96685714286,1.2715828969,1.2903215068
760,96714285714,1.2710009491,1.2896831953
761,96742857143,1.2704185728,1.2890446867
762,96771428571,1.2698589564,1.288405985
763,96800000000,1.2692544397,1.2877670939
764,96828571429,1.2680788922,1.2871280169
765,96857142857,1.2674744637,1.2864887582
766,96885714286,1.2668696664,1.2858493218
767,96914285714,1.266264501,1.2852097109
768,96942857143,1.2648272639,1.2845699298
769,96971428571,1.264201976,1.2839299824
770,97000000000,1.2635763934,1.2832898722
771,97028571429,1.2638401731,1.2826496034
772,97057142857,1.2632331781,1.2820091798
773,97085714286,1.2628070193,1.281368605
774,97114285714,1.2621555923,1.2807278832
775,97142857143,1.2615247029,1.2800870182
776,97171428571,1.2608728294,1.2794460138
777,97200000000,1.2609058077,1.2788048741
778,97228571429,1.2602728595,1.2781636028
779,97257142857,1.2596169882,1.2775222037
780,97285714286,1.2663373712,1.2768806811
781,97314285714,1.2657106965,1.2762390385
782,97342857143,1.2650627841,1.2755972802
783,97371428571,1.2644128144,1.2749554102
784,97400000000,1.2637399518,1.2743134322
785,97428571429,1.2630914971,1.2736713498
786,97457142857,1.2624428438,1.2730291677
787,97485714286,1.2618147091,1.2723868896
788,97514285714,1.2611656167,1.2717445192
789,97542857143,1.2537020683,1.2711020609
790,97571428571,1.2530667909,1.2704595183
791,97600000000,1.2524109772,1.2698168955
792,97628571429,1.2517549786,1.2691741967
793,97657142857,1.2510768458,1.2685314255
794,97685714286,1.2504205321,1.267888586
795,97714285714,1.2498077402,1.2672456827
796,97742857143,1.2492382594,1.2666027189
797,97771428571,1.2486901421,1.2659596993
798,97800000000,1.248119718,1.2653166277
799,97828571429,1.2467944831,1.2646735079
800,97857142857,1.2462238083,1.2640303443
801,97885714286,1.2456741579,1.2633871402
802,97914285714,1.2451025469,1.2627439006
803,97942857143,1.2445322145,1.2621006291
804,97971428571,1.2439811192,1.2614573298
805,98000000000,1.2434081134,1.2608140067
806,98028571429,1.2428363832,1.260170664
807,98057142857,1.2422838442,1.2595273058
808,98085714286,1.2424602818,1.2588839359
809,98114285714,1.2419063531,1.2582405586
810,98142857143,1.2405039594,1.257597178
811,98171428571,1.239928244,1.2569537984
812,98200000000,1.2393537948,1.2563104232
813,98228571429,1.2387984179,1.2556670575
814,98257142857,1.2382425531,1.2550237048
815,98285714286,1.2376454737,1.2543803691
816,98314285714,1.2379127297,1.2537370548
817,98342857143,1.244979363,1.253093766
818,98371428571,1.2444293755,1.2524505067
819,98400000000,1.2438588587,1.2518072813
820,98428571429,1.2432861135,1.2511640936
821,98457142857,1.2427146774,1.2505209481
822,98485714286,1.2421627681,1.2498778485
823,98514285714,1.2415903944,1.2492347993
824,98542857143,1.2410157988,1.2485918048
825,98571428571,1.2404624471,1.2479488686
826,98600000000,1.2398886789,1.2473059955
827,98628571429,1.2393126935,1.2466631893
828,98657142857,1.2387380093,1.246020454
829,98685714286,1.2381827397,1.2453777944
830,98714285714,1.2366206218,1.2447352142
831,98742857143,1.2360649763,1.2440927171
832,98771428571,1.2354876275,1.2434503087
833,98800000000,1.2349310263,1.2428079922
834,98828571429,1.2353146089,1.2421657715
835,98857142857,1.2347151756,1.2415236519
836,98885714286,1.2341565664,1.2408816364
837,98914285714,1.2335759908,1.2402397303
838,98942857143,1.2329949624,1.2395979369
839,98971428571,1.2324349176,1.238956261
840,99000000000,1.2318529627,1.2383147067
841,99028571429,1.231721705,1.237673278
842,99057142857,1.2311383922,1.2370319798
843,99085714286,1.2305744027,1.2363908152
844,99114285714,1.2299901637,1.2357497892
845,99142857143,1.2294054718,1.2351089061
846,99171428571,1.2288203274,1.2344681698
847,99200000000,1.2282329845,1.233827585
848,99228571429,1.2354658145,1.233187155
849,99257142857,1.23490728,1.2325468851
850,99285714286,1.2338515099,1.2319067792
851,99314285714,1.233292325,1.2312668414
852,99342857143,1.2255202197,1.2306270757
853,99371428571,1.2249313061,1.2299874871
854,99400000000,1.2243436642,1.2293480794
855,99428571429,1.2237538591,1.2287088569
856,99457142857,1.2231636096,1.228069824
857,99485714286,1.2215175459,1.2274309851
858,99514285714,1.2209086138,1.2267923439
859,99542857143,1.2203182502,1.2261539051
860,99571428571,1.2197085111,1.225515673
861,99600000000,1.2202232859,1.2248776516
862,99628571429,1.2196303566,1.2242398456
863,99657142857,1.219056229,1.2236022592
864,99685714286,1.2184414738,1.222964896
865,99714285714,1.217845525,1.2223277617
866,99742857143,1.2172700082,1.221690859
867,99771428571,1.2166731601,1.2210541934
868,99800000000,1.2160758753,1.2204177684
869,99828571429,1.2154781542,1.2197815891
870,99857142857,1.2148799971,1.2191456586
871,99885714286,1.2142814044,1.2185099827
872,99914285714,1.2136823763,1.2178745647
873,99942857143,1.2130812341,1.2172394092
874,99971428571,1.2124813386,1.2166045205
875,100000000000,1.2118999793,1.2159699029
876,100028571430,1.2038491159,1.2153355606
877,100057142860,1.211343065,1.2147014978
878,100085714290,1.2107610092,1.2140677194
879,100114285710,1.2101579041,1.2134342295
880,100142857140,1.2095543707,1.2128010319
881,100171428570,1.2089504093,1.2121681315
882,100200000000,1.2083460204,1.2115355321
883,100228571430,1.2077600106,1.2109032386
884,100257142860,1.2071343048,1.2102712551
885,100285714290,1.2065286376,1.2096395857
886,100314285710,1.2059208926,1.2090082352
887,100342857140,1.20533308,1.2083772075
888,100371428570,1.204705787,1.2077465072
889,100400000000,1.2041170747,1.207116138
890,100428571430,1.203507617,1.2064861054
891,100457142860,1.2028977397,1.2058564126
892,100485714290,1.2022874434,1.2052270647
893,100514285710,1.2016767283,1.2045980658
894,100542857140,1.2010655949,1.2039694199
895,100571428570,1.192914426,1.2033411312
896,100600000000,1.1922756415,1.2027132051
897,100628571430,1.1916561708,1.2020856453
898,100657142860,1.1910346921,1.2014584557
899,100685714290,1.1904143952,1.2008316413
900,100714285710,1.1897920963,1.200205206
901,100742857140,1.1891693895,1.1995791545
902,100771428570,1.1885657871,1.1989534907
903,100800000000,1.1879243331,1.1983282198
904,100828571430,1.1873004019,1.1977033446
905,100857142860,1.1866760643,1.1970788714
906,100885714290,1.1943898211,1.1964548024
907,100914285710,1.1937723145,1.195831144
908,100942857140,1.193134634,1.1952078993
909,100971428570,1.1925163434,1.1945850726
910,101000000000,1.19187795,1.1939626692
911,101028571430,1.1912769524,1.1933406924
912,101057142860,1.1906378127,1.1927191467
913,101085714290,1.1823592662,1.192098037
914,101114285710,1.1817127825,1.1914773671
915,101142857140,1.1810835324,1.1908571416
916,101171428570,1.1804538863,1.1902373649
917,101200000000,1.1798253856,1.1896180412
918,101228571430,1.1791949458,1.1889991747
919,101257142860,1.1785641115,1.1883807701
920,101285714290,1.1772055361,1.1877628315
921,101314285710,1.1766094617,1.1871453631
922,101342857140,1.1759957883,1.1865283693
923,101371428570,1.1753816695,1.1859118547
924,101400000000,1.174765614,1.1852958232
925,101428571430,1.174733308,1.1846802799
926,101457142860,1.1740997924,1.1840652279
927,101485714290,1.1734471987,1.1834506727
928,101514285710,1.1727942912,1.1828366182
929,101542857140,1.1721767817,1.1822230688
930,101571428570,1.1717092747,1.1816100281
931,101600000000,1.1712413957,1.1809975015
932,101628571430,1.1629098023,1.1803854927
933,101657142860,1.1624470802,1.179774006
934,101685714290,1.161985522,1.179163046
935,101714285710,1.1615052343,1.1785526166
936,101742857140,1.1610599279,1.1779427227
937,101771428570,1.1605788995,1.1773333687
938,101800000000,1.1601159911,1.176724558
939,101828571430,1.1683478557,1.1761162956
940,101857142860,1.1678777833,1.175508586
941,101885714290,1.1677323863,1.1749014331
942,101914285710,1.1672621493,1.1742948408
943,101942857140,1.1668108793,1.1736888142
944,101971428570,1.1660868007,1.1730833571
945,102000000000,1.1654028079,1.1724784743
946,102028571430,1.1649494424,1.1718741692
947,102057142860,1.1644941632,1.171270447
948,102085714290,1.1637020856,1.170667312
949,102114285710,1.1632277547,1.1700647677
950,102142857140,1.1627353156,1.1694628189
951,102171428570,1.1630072917,1.1688614699
952,102200000000,1.1630871475,1.1682607249
953,102228571430,1.1625935643,1.1676605882
954,102257142860,1.1616030849,1.167061064
955,102285714290,1.1611672438,1.1664621568
956,102314285710,1.1604737639,1.1658638705
957,102342857140,1.1595457692,1.1652662098
958,102371428570,1.1590499835,1.164669179
959,102400000000,1.1506448305,1.1640727817
960,102428571430,1.1501373664,1.1634770224
961,102457142860,1.1496471087,1.1628819057
962,102485714290,1.1491564047,1.1622874361
963,102514285710,1.1486281042,1.1616936171
964,102542857140,1.1481364407,1.1611004535
965,102571428570,1.147484343,1.1605079491
966,102600000000,1.146954339,1.1599161085
967,102628571430,1.1465856861,1.1593249361
968,102657142860,1.1460547178,1.1587344355
969,102685714290,1.1455427256,1.1581446115
970,102714285710,1.1450106699,1.1575554681
971,102742857140,1.1444065148,1.1569670099
972,102771428570,1.1438554073,1.1563792407
973,102800000000,1.1433037206,1.1557921645
974,102828571430,1.1427514536,1.1552057864
975,102857142860,1.142286527,1.1546201097
976,102885714290,1.1417331305,1.1540351391
977,102914285710,1.1411791497,1.1534508787
978,102942857140,1.1406049456,1.1528673322
979,102971428570,1.1400121972,1.1522845052
980,103000000000,1.1394367969,1.1517024009
981,103028571430,1.1388428571,1.1511210231
982,103057142860,1.1382662571,1.1505403766
983,103085714290,1.1376711228,1.1499604656
984,103114285710,1.1370557864,1.1493812941
985,103142857140,1.1449112908,1.1488028662
986,103171428570,1.1442852977,1.1482251863
987,103200000000,1.1436771374,1.1476482588
988,103228571430,1.1430500468,1.1470720872
989,103257142860,1.1424023619,1.1464966762
990,103285714290,1.1417742137,1.1459220298
991,103314285710,1.1411255213,1.1453481519
992,103342857140,1.1404780573,1.1447750469
993,103371428570,1.1398101606,1.1442027192
994,103400000000,1.1391401249,1.1436311724
995,103428571430,1.1384532273,1.1430604111
996,103457142860,1.1377840864,1.1424904389
997,103485714290,1.1370947437,1.1419212605
998,103514285710,1.1363870312,1.1413528798
999,103542857140,1.1356790654,1.1407853006
1000,103571428570,1.134970847,1.1402185276
1001,103600000000,1.1342428196,1.1396525648
1002,103628571430,1.133514655,1.1390874162
1003,103657142860,1.1327880239,1.1385230852
1004,103685714290,1.132041878,1.1379595772
1005,103714285710,1.1312764229,1.1373968952
1006,103742857140,1.1398251515,1.1368350437
1007,103771428570,1.139046942,1.1362740272
1008,103800000000,1.1382869667,1.1357138489
1009,103828571430,1.1375092083,1.1351545134
1010,103857142860,1.1367317145,1.1345960248
1011,103885714290,1.135936739,1.1340383871
1012,103914285710,1.1351405441,1.1334816046
1013,103942857140,1.1351215232,1.1329256803
1014,103971428570,1.1343047685,1.1323706194
1015,104000000000,1.1335079781,1.1318164256
1016,104028571430,1.1318909096,1.1312631029
1017,104057142860,1.1310628216,1.1307106556
1018,104085714290,1.1387359885,1.1301590873
1019,104114285710,1.137892945,1.1296084015
1020,104142857140,1.1370509082,1.129058603
1021,104171428570,1.1362098784,1.1285096961
1022,104200000000,1.1353526439,1.1279616843
1023,104228571430,1.1345137308,1.127414572
1024,104257142860,1.1336402753,1.1268683618
1025,104285714290,1.1327682836,1.1263230596
1026,104314285710,1.1319160475,1.1257786681
1027,104342857140,1.1310468553,1.1252351922
1028,104371428570,1.1291169738,1.1246926351
1029,104400000000,1.1282245948,1.1241510005
1030,104428571430,1.1279598975,1.1236102936
1031,104457142860,1.1270839473,1.1230705168
1032,104485714290,1.1266556331,1.1225316756
1033,104514285710,1.1349699442,1.1219937732
1034,104542857140,1.133528141,1.1214568132
1035,104571428570,1.1326590701,1.1209207993
1036,104600000000,1.1323194409,1.1203857369
1037,104628571430,1.1314338584,1.1198516285
1038,104657142860,1.1302622029,1.1193184787
1039,104685714290,1.1299962545,1.1187862913
1040,104714285710,1.1290981108,1.1182550695
1041,104742857140,1.1278800504,1.1177248185
1042,104771428570,1.1269877689,1.1171955413
1043,104800000000,1.12609903,1.1166672417
1044,104828571430,1.1252124812,1.1161399235
1045,104857142860,1.1243430582,1.115613591
1046,104885714290,1.1325707571,1.1150882483
1047,104914285710,1.1317055065,1.1145638985
1048,104942857140,1.1308271064,1.1140405456
1049,104971428570,1.121575937,1.1135181941
1050,105000000000,1.1207023822,1.1129968468
1051,105028571430,1.1198309991,1.1124765088
1052,105057142860,1.1190523038,1.1119571827
1053,105085714290,1.1182135795,1.1114388725
1054,105114285710,1.1173626244,1.110921583
1055,105142857140,1.1165422364,1.1104053165
1056,105171428570,1.124660439,1.1098900781
1057,105200000000,1.1238150848,1.1093758706
1058,105228571430,1.1229716278,1.1088626984
1059,105257142860,1.122219316,1.1083505649
1060,105285714290,1.1215565373,1.1078394744
1061,105314285710,1.1208935058,1.1073294305
1062,105342857140,1.1202302219,1.1068204364
1063,105371428570,1.1195802952,1.1063124958
1064,105400000000,1.1279757306,1.1058056128
1065,105428571430,1.1189966705,1.105299792
1066,105457142860,1.118331768,1.1047950356
1067,105485714290,1.1176812177,1.1042913476
1068,105514285710,1.1170157873,1.1037887329
1069,105542857140,1.1163501165,1.1032871939
1070,105571428570,1.1156975782,1.1027867347
1071,105600000000,1.1150458144,1.1022873587
1072,105628571430,1.1234972777,1.1017890701
1073,105657142860,1.1228507652,1.1012918726
1074,105685714290,1.1222039342,1.1007957692
1075,105714285710,1.1215704872,1.1003007639
1076,105742857140,1.1127411135,1.0998068605
1077,105771428570,1.1121139804,1.0993140622
1078,105800000000,1.111215287,1.098822373
1079,105828571430,1.1197186921,1.098331797
1080,105857142860,1.1190840653,1.0978423364
1081,105885714290,1.1184479557,1.0973539961
1082,105914285710,1.1177979628,1.0968667794
1083,105942857140,1.1171611352,1.0963806896
1084,105971428570,1.1165093969,1.0958957299
1085,106000000000,1.1074238127,1.0954119046
1086,106028571430,1.115993791,1.0949292165
1087,106057142860,1.1153415888,1.0944476704
1088,106085714290,1.114716887,1.0939672693
1089,106114285710,1.1140773384,1.0934880159
1090,106142857140,1.1134374236,1.0930099151
1091,106171428570,1.1128104154,1.0925329686
1092,106200000000,1.1121973171,1.0920571816
1093,106228571430,1.120735103,1.0915825572
1094,106257142860,1.1116638872,1.0911090984
1095,106285714290,1.1110490564,1.0906368092
1096,106314285710,1.1104205682,1.0901656922
1097,106342857140,1.1098048239,1.0896957521
1098,106371428570,1.1091743976,1.0892269912
1099,106400000000,1.1085577411,1.0887594146
1100,106428571430,1.117152595,1.088293024
1101,106457142860,1.1165433973,1.0878278238
1102,106485714290,1.107444141,1.0873638167
1103,106514285710,1.1068252433,1.0869010068
1104,106542857140,1.1062200029,1.0864393974
1105,106571428570,1.1056001548,1.0859789913
1106,106600000000,1.1049798424,1.0855197924
1107,106628571430,1.1136490352,1.0850618043
1108,106657142860,1.1130361115,1.0846050303
1109,106685714290,1.1124362157,1.0841494735
1110,106714285710,1.1032774845,1.0836951371
1111,106742857140,1.1026814151,1.083242025
1112,106771428570,1.102071856,1.0827901404
1113,106800000000,1.1014747431,1.082339485
1114,106828571430,1.1008631047,1.0818900651
1115,106857142860,1.1096047317,1.0814418816
1116,106885714290,1.1090009221,1.0809949397
1117,106914285710,1.1084111485,1.0805492406
1118,106942857140,1.1078063258,1.0801047893
1119,106971428570,1.0986022772,1.0796615882
1120,107000000000,1.0980011819,1.0792196406
1121,107028571430,1.0974135123,1.0787789506
1122,107057142860,1.0968113449,1.0783395204
1123,107085714290,1.0962086461,1.0779013539
1124,107114285710,1.10503415,1.0774644538
1125,107142857140,1.1044398088,1.0770288234
1126,107171428570,1.1038438331,1.0765944666
1127,107200000000,1.1032618243,1.0761613858
1128,107228571430,1.0939945818,1.0757295854
1129,107257142860,1.0934012021,1.0752990668
1130,107285714290,1.0928083374,1.074869834
1131,107314285710,1.0922138507,1.0744418901
1132,107342857140,1.0916198786,1.0740152387
1133,107371428570,1.0910242818,1.0735898837
1134,107400000000,1.0999341364,1.0731658253
1135,107428571430,1.0993474389,1.072743069
1136,107457142860,1.0987735823,1.0723216185
1137,107485714290,1.0981857789,1.0719014751
1138,107514285710,1.0976108096,1.0714826421
1139,107542857140,1.0970207761,1.0710651236
1140,107571428570,1.0876553839,1.0706489223
1141,107600000000,1.0870550093,1.070234041
1142,107628571430,1.0864679968,1.0698204832
1143,107657142860,1.086414059,1.0694082512
1144,107685714290,1.0857821588,1.0689973493
1145,107714285710,1.0847002686,1.0685877788
1146,107742857140,1.0840959513,1.0681795436
1147,107771428570,1.0835049768,1.0677726473
1148,107800000000,1.082899513,1.0673670926
1149,107828571430,1.0823062926,1.0669628819
1150,107857142860,1.0816996786,1.0665600186
1151,107885714290,1.0811052929,1.0661585057
1152,107914285710,1.0805231228,1.0657583461
1153,107942857140,1.089608632,1.0653595425
1154,107971428570,1.0890086475,1.0649620984
1155,108000000000,1.0884214604,1.0645658905
1156,108028571430,1.0878336919,1.0641711722
1157,108057142860,1.0872453411,1.063777822
1158,108085714290,1.0866419119,1.0633858423
1159,108114285710,1.0762936509,1.0629952372
1160,108142857140,1.0756917652,1.0626060081
1161,108171428570,1.0750892807,1.0622181584
1162,108200000000,1.0744723745,1.0618316906
1163,108228571430,1.0738686953,1.0614466092
1164,108257142860,1.0732506117,1.0610629155
1165,108285714290,1.0726308506,1.0606806117
1166,108314285710,1.0720242795,1.0602997022
1167,108342857140,1.0714033363,1.0599201894
1168,108371428570,1.0798524081,1.059542076
1169,108400000000,1.0792395,1.0591653641
1170,108428571430,1.0786392118,1.0587900574
1171,108457142860,1.0780239878,1.0584161585
1172,108485714290,1.0774081827,1.0580436687
1173,108514285710,1.0668814978,1.0576725935
1174,108542857140,1.066254526,1.0573029333
1175,108571428570,1.0656394767,1.0569346924
1176,108600000000,1.0741506139,1.0565678724
1177,108628571430,1.0735168881,1.056202476
1178,108657142860,1.0728956492,1.055838507
1179,108685714290,1.0716938979,1.055475967
1180,108714285710,1.0616747606,1.0551148583
1181,108742857140,1.0700679726,1.0547551856
1182,108771428570,1.0695973329,1.0543969501
1183,108800000000,1.0689852727,1.0540401538
1184,108828571430,1.0583078764,1.0536848009
1185,108857142860,1.0668956771,1.0533308929
1186,108885714290,1.066378664,1.0529784322
1187,108914285710,1.0659889484,1.0526274226
1188,108942857140,1.0644357764,1.0522778665
1189,108971428570,1.0636838167,1.0519297655
1190,109000000000,1.0629447883,1.0515831225
1191,109028571430,1.06158904,1.0512379406
1192,109057142860,1.0610546825,1.0508942214
1193,109085714290,1.0689393623,1.0505519688
1194,109114285710,1.0580207233,1.0502111843
1195,109142857140,1.0575269676,1.0498718701
1196,109171428570,1.0561739997,1.0495340297
1197,109200000000,1.055458269,1.0491976647
1198,109228571430,1.0640252457,1.048862779
1199,109257142860,1.0531765562,1.0485293732
1200,109285714290,1.0617726833,1.0481974509
1201,109314285710,1.0509038715,1.047867015
1202,109342857140,1.0595293267,1.0475380662
1203,109371428570,1.0579827922,1.0472106081
1204,109400000000,1.0572680738,1.0468846434
1205,109428571430,1.0557311918,1.0465601741
1206,109457142860,1.0550278901,1.0462372019
1207,109485714290,1.0534871095,1.0459157306
1208,109514285710,1.0519441722,1.045595761
1209,109542857140,1.051667242,1.0452772974
1210,109571428570,1.0501296739,1.0449603398
1211,109600000000,1.05880141,1.0446448923
1212,109628571430,1.0572731869,1.044330956
1213,109657142860,1.0463333678,1.0440185347
1214,109685714290,1.0550482985,1.0437076296
1215,109714285710,1.0530794701,1.0433982437
1216,109742857140,1.0509598018,1.0430903787
1217,109771428570,1.0494394666,1.0427840373
1218,109800000000,1.0580944815,1.0424792199
1219,109828571430,1.0477813899,1.0421759316
1220,109857142860,1.046249574,1.041874173
1221,109885714290,1.0447142752,1.0415739468
1222,109914285710,1.0534526152,1.0412752549
1223,109942857140,1.0519396488,1.0409780998
1224,109971428570,1.0504111907,1.0406824841
1225,110000000000,1.0488792497,1.0403884084
