freq            ,ref_ind         ,kappa           ,alpha           ,epsilon_r       ,epsilon_i       ,ref_ind_S       ,kappa_S         ,alpha_S         ,alpha_max       ,epsilonS_r      ,epsilonS_i      ,delta_N         ,delta_A         ,H_measure_r     ,H_measure_i     ,H_calc_r        ,H_calc_i        ,T_measure       ,T_calc          ,thickness       ,allThicknesses  ,QSnValue        ,QSkValue        ,Num_Thickness   ,N_std           ,delta_K         ,delta_Eps_1     ,delta_Eps_2     ,
+1.46937553e+011,+1.34379489e+000,+1.01569257e-002,+6.25149215e-001,+1.80568153e+000,+2.72976497e-002,+1.35187707e+000,+8.27766284e-003,+5.09835061e-001,+7.48969277e+000,+1.82750309e+000,+2.23807651e-002,+8.43488091e-003,+5.06789445e-001,-4.00342953e-001,+7.65034955e-001,-4.00342953e-001,+7.65034955e-001,+8.63454088e-001,+8.63454088e-001,+4.00000000e-003,+4.00000000e-003,+1.00000000e+000,+1.00000000e+000,+3.00000000e+001,+2.00000000e+000,+8.22821435e-003,+2.29420649e-002,+2.23867108e-002
+1.56733390e+011,+1.35360455e+000,+1.00452531e-003,+6.59494259e-002,+1.83224428e+000,+2.71946006e-003,+1.35906730e+000,+7.51671728e-003,+4.93831631e-001,+7.85151862e+000,+1.84700741e+000,+2.04314493e-002,+7.38231397e-003,+4.71914045e-001,-6.75961039e-002,+9.62282888e-001,-6.75961040e-002,+9.62282888e-001,+9.64654130e-001,+9.64654130e-001,                ,+4.00000000e-003,                ,                ,                ,                ,+7.18310500e-003,+2.01741097e-002,+1.96356277e-002
+1.66529227e+011,+1.36804143e+000,+4.51913706e-003,+3.15235115e-001,+1.87151694e+000,+1.23647335e-002,+1.36656851e+000,+6.42163030e-003,+4.48254776e-001,+7.76433188e+000,+1.86746825e+000,+1.75511955e-002,+6.87063680e-003,+4.87773792e-001,+3.74574966e-001,+8.36156826e-001,+3.74574966e-001,+8.36156826e-001,+9.16223031e-001,+9.16223031e-001,                ,+4.00000000e-003,                ,                ,                ,                ,+6.98777375e-003,+1.88681376e-002,+1.91867845e-002
+1.76325064e+011,+1.37259946e+000,+7.89547143e-003,+5.83150598e-001,+1.88396695e+000,+2.16746397e-002,+1.37445322e+000,+5.00411202e-003,+3.69853927e-001,+8.12411926e+000,+1.88909661e+000,+1.37558358e-002,+6.10895529e-003,+4.51480958e-001,+6.16641144e-001,+6.10799321e-001,+6.16641144e-001,+6.10799322e-001,+8.67941306e-001,+8.67941306e-001,                ,+4.00000000e-003,                ,                ,                ,                ,+6.10852318e-003,+1.68540820e-002,+1.68528985e-002
+1.86120901e+011,+1.38215351e+000,+5.73765448e-003,+4.47319825e-001,+1.91031539e+000,+1.58606385e-002,+1.38269703e+000,+3.60123197e-003,+2.80954119e-001,+8.89627113e+000,+1.91183811e+000,+9.95882551e-003,+5.01669403e-003,+3.85151130e-001,+8.44074901e-001,+2.84954986e-001,+8.44074901e-001,+2.84954987e-001,+8.90876974e-001,+8.90876974e-001,                ,+4.00000000e-003,                ,                ,                ,                ,+4.93681518e-003,+1.39086931e-002,+1.36883720e-002
+1.95916738e+011,+1.38878159e+000,+5.37881651e-003,+4.41414788e-001,+1.92868538e+000,+1.49400027e-002,+1.39112039e+000,+2.20567102e-003,+1.81134610e-001,+9.02434759e+000,+1.93521109e+000,+6.13670789e-003,+4.63502056e-003,+3.70396655e-001,+8.87059627e-001,-8.62357528e-002,+8.87059627e-001,-8.62357527e-002,+8.91241487e-001,+8.91241487e-001,                ,+4.00000000e-003,                ,                ,                ,                ,+4.51030961e-003,+1.29156398e-002,+1.25692140e-002
+2.05712574e+011,+1.39669724e+000,-2.24669359e-003,-1.93594625e-001,+1.95075814e+000,-6.27590149e-003,+1.39954376e+000,+8.10110081e-004,+6.98544435e-002,+9.37851193e+000,+1.95872207e+000,+2.26756901e-003,+4.00422041e-003,+3.47886724e-001,+8.60190629e-001,-5.31364566e-001,+8.60190629e-001,-5.31364567e-001,+1.01107676e+000,+1.01107676e+000,                ,+4.00000000e-003,                ,                ,                ,                ,+4.03448268e-003,+1.12147001e-002,+1.12993578e-002
+2.15508411e+011,+1.40981520e+000,-2.29871113e-003,-2.07509141e-001,+1.98757360e+000,-6.48151576e-003,+1.40864829e+000,+3.43827502e-004,+3.10594670e-002,+1.08100165e+001,+1.98428988e+000,+9.68664044e-004,+2.91525936e-003,+2.64136740e-001,+4.44775418e-001,-9.09364365e-001,+4.44775418e-001,-9.09364365e-001,+1.01230861e+000,+1.01230861e+000,                ,+4.00000000e-003,                ,                ,                ,                ,+2.92398692e-003,+8.21516090e-003,+8.23974304e-003
+2.25304248e+011,+1.41746844e+000,+3.31906148e-004,+3.13237167e-002,+2.00921667e+000,+9.40932980e-004,+1.41775679e+000,-1.08877660e-004,-1.02824669e-002,+1.14733446e+001,+2.01003432e+000,-3.08724084e-004,+2.51505846e-003,+2.32981502e-001,-2.47310772e-002,-9.63847024e-001,-2.47310773e-002,-9.63847024e-001,+9.64164256e-001,+9.64164256e-001,                ,+4.00000000e-003,                ,                ,                ,                ,+2.46696450e-003,+7.13094524e-003,+6.99456368e-003
+2.35100085e+011,+1.42686530e+000,-5.61582822e-004,-5.53038302e-002,+2.03594427e+000,-1.60260608e-003,+1.42686530e+000,-5.61582822e-004,-5.53421162e-002,+1.12311629e+001,+2.03594427e+000,-1.60260608e-003,+2.52652941e-003,+2.44725951e-001,-5.15153466e-001,-8.33556865e-001,-5.15153466e-001,-8.33556865e-001,+9.79898025e-001,+9.79898025e-001,                ,+4.00000000e-003,                ,                ,                ,                ,+2.48335082e-003,+7.20724507e-003,+7.08397653e-003
+2.44895922e+011,+1.44074595e+000,+3.80999234e-003,+3.90835735e-001,+2.07573436e+000,+1.09784620e-002,+1.44074595e+000,+3.80999234e-003,+3.91106304e-001,+1.15811376e+001,+2.07573436e+000,+1.09784620e-002,+2.28482796e-003,+2.21130812e-001,-8.30003308e-001,-3.33913402e-001,-8.30003308e-001,-3.33913402e-001,+8.94652810e-001,+8.94652810e-001,                ,+4.00000000e-003,                ,                ,                ,                ,+2.15416292e-003,+6.60012793e-003,+6.22461334e-003
+2.54691759e+011,+1.44801160e+000,+1.30109060e-002,+1.38806895e+000,+2.09656832e+000,+3.76798856e-002,+1.44801160e+000,+1.30109060e-002,+1.38902989e+000,+1.22387087e+001,+2.09656832e+000,+3.76798856e-002,+1.91543236e-003,+1.99675363e-001,-7.25638804e-001,+9.72222225e-002,-7.25638804e-001,+9.72222226e-002,+7.32122827e-001,+7.32122827e-001,                ,+4.00000000e-003,                ,                ,                ,                ,+1.87033943e-003,+5.59580619e-003,+5.46638940e-003
+2.64487596e+011,+1.44961223e+000,+2.20124675e-002,+2.43872396e+000,+2.10089107e+000,+6.38190841e-002,+1.44961223e+000,+2.20124675e-002,+2.44041225e+000,+1.22767315e+001,+2.10089107e+000,+6.38190841e-002,+1.84743240e-003,+2.06920585e-001,-5.10226360e-001,+3.02534912e-001,-5.10226360e-001,+3.02534911e-001,+5.93176459e-001,+5.93176459e-001,                ,+4.00000000e-003,                ,                ,                ,                ,+1.86641934e-003,+5.43829021e-003,+5.49250171e-003
+2.74283433e+011,+1.44239225e+000,+2.82809811e-002,+3.24924647e+000,+2.07969560e+000,+8.15845361e-002,+1.44239225e+000,+2.82809811e-002,+3.25149588e+000,+1.24709267e+001,+2.07969560e+000,+8.15845361e-002,+1.78000997e-003,+2.04427250e-001,-3.73671910e-001,+3.39434661e-001,-3.73671910e-001,+3.39434661e-001,+5.04823321e-001,+5.04823321e-001,                ,+4.00000000e-003,                ,                ,                ,                ,+1.77807489e-003,+5.23551661e-003,+5.23004375e-003
+2.84079270e+011,+1.43796831e+000,+2.16460105e-002,+2.57576369e+000,+2.06728430e+000,+6.22525541e-002,+1.43796831e+000,+2.16460105e-002,+2.57754685e+000,+1.30412357e+001,+2.06728430e+000,+6.22525541e-002,+1.53626384e-003,+1.82005305e-001,-3.14235431e-001,+4.85087280e-001,-3.14235431e-001,+4.85087280e-001,+5.77973680e-001,+5.77973680e-001,                ,+4.00000000e-003,                ,                ,                ,                ,+1.52846445e-003,+4.48436774e-003,+4.46227484e-003
+2.93875106e+011,+1.44421112e+000,+1.63309318e-002,+2.01030695e+000,+2.08547906e+000,+4.71706268e-002,+1.44421112e+000,+1.63309318e-002,+2.01169866e+000,+1.33487946e+001,+2.08547906e+000,+4.71706268e-002,+1.49397247e-003,+1.59138221e-001,-3.93864984e-002,+6.45511240e-001,-3.93864984e-002,+6.45511240e-001,+6.46711726e-001,+6.46711726e-001,                ,+4.00000000e-003,                ,                ,                ,                ,+1.29188108e-003,+4.35741856e-003,+3.78029397e-003
+3.03670943e+011,+1.45096636e+000,+1.71209690e-002,+2.17781101e+000,+2.10501024e+000,+4.96838999e-002,+1.45096636e+000,+1.71209690e-002,+2.17931867e+000,+1.36217380e+001,+2.10501024e+000,+4.96838999e-002,+1.27631031e-003,+1.66048643e-001,+2.86035175e-001,+5.55546767e-001,+2.86035175e-001,+5.55546767e-001,+6.24858650e-001,+6.24858650e-001,                ,+4.00000000e-003,                ,                ,                ,                ,+1.30449654e-003,+3.74843512e-003,+3.82926451e-003
+3.13466780e+011,+1.45351051e+000,+1.74650439e-002,+2.29324161e+000,+2.11238778e+000,+5.07712498e-002,+1.45408880e+000,+1.69096105e-002,+2.22184771e+000,+1.39385087e+001,+2.11408832e+000,+4.91761507e-002,+1.20754948e-003,+1.54444972e-001,+4.82799157e-001,+3.73474572e-001,+4.82799157e-001,+3.73474572e-001,+6.10391909e-001,+6.10391909e-001,                ,+4.00000000e-003,                ,                ,                ,                ,+1.17542004e-003,+3.55152016e-003,+3.45916862e-003
+3.23262617e+011,+1.45733114e+000,+1.59133094e-002,+2.15478825e+000,+2.12356083e+000,+4.63819227e-002,+1.45724850e+000,+1.67713883e-002,+2.27255111e+000,+1.40022283e+001,+2.12329190e+000,+4.88801607e-002,+1.13722940e-003,+1.54966263e-001,+6.16819535e-001,+1.13828650e-001,+6.16819535e-001,+1.13828650e-001,+6.27234646e-001,+6.27234646e-001,                ,+4.00000000e-003,                ,                ,                ,                ,+1.14364837e-003,+3.35281280e-003,+3.37130557e-003
+3.33058454e+011,+1.46166159e+000,+1.70061834e-002,+2.37255303e+000,+2.13616538e+000,+4.97145699e-002,+1.46045729e+000,+1.66586073e-002,+2.32567119e+000,+1.40273677e+001,+2.13265800e+000,+4.86583690e-002,+1.13886516e-003,+1.46951900e-001,+5.70882801e-001,-1.85141627e-001,+5.70882801e-001,-1.85141627e-001,+6.00153809e-001,+6.00153809e-001,                ,+4.00000000e-003,                ,                ,                ,                ,+1.05260537e-003,+3.36159775e-003,+3.11251420e-003
+3.42854291e+011,+1.46362079e+000,+1.77679839e-002,+2.55173958e+000,+2.14187010e+000,+5.20111810e-002,+1.46375294e+000,+1.65535823e-002,+2.37897973e+000,+1.42170915e+001,+2.14229866e+000,+4.84607096e-002,+1.04326200e-003,+1.49521195e-001,+4.24062613e-001,-3.94028958e-001,+4.24062614e-001,-3.94028958e-001,+5.78867791e-001,+5.78867791e-001,                ,+4.00000000e-003,                ,                ,                ,                ,+1.04040878e-003,+3.08860063e-003,+3.08034228e-003
+3.52650128e+011,+1.46665919e+000,+1.68359622e-002,+2.48697029e+000,+2.15080573e+000,+4.93852374e-002,+1.46714669e+000,+1.64502525e-002,+2.43167638e+000,+1.44095715e+001,+2.15224880e+000,+4.82698671e-002,+1.08443942e-003,+1.33605523e-001,+2.01915569e-001,-5.50316760e-001,+2.01915569e-001,-5.50316760e-001,+5.86189759e-001,+5.86189759e-001,                ,+4.00000000e-003,                ,                ,                ,                ,+9.03839270e-004,+3.21180017e-003,+2.68780819e-003
+3.62445965e+011,+1.46995418e+000,+1.66824025e-002,+2.53273920e+000,+2.16048698e+000,+4.90447344e-002,+1.47061682e+000,+1.63466790e-002,+2.48348742e+000,+1.45710848e+001,+2.16244663e+000,+4.80794023e-002,+9.88946059e-004,+1.41400303e-001,-7.61085268e-002,-5.75587322e-001,-7.61085269e-002,-5.75587322e-001,+5.80597342e-001,+5.80597342e-001,                ,+4.00000000e-003,                ,                ,                ,                ,+9.30717564e-004,+2.93914971e-003,+2.76978978e-003
+3.72241801e+011,+1.47297204e+000,+1.59278486e-002,+2.48353834e+000,+2.16939294e+000,+4.69225513e-002,+1.47412515e+000,+1.62429836e-002,+2.53442887e+000,+1.46201506e+001,+2.17278113e+000,+4.78883813e-002,+9.21067723e-004,+1.46047526e-001,-3.36451392e-001,-4.79925299e-001,-3.36451392e-001,-4.79925299e-001,+5.86112474e-001,+5.86112474e-001,                ,+4.00000000e-003,                ,                ,                ,                ,+9.36008736e-004,+2.74594534e-003,+2.78950981e-003
+3.82037638e+011,+1.47763348e+000,+1.61392882e-002,+2.58273077e+000,+2.18314022e+000,+4.76959050e-002,+1.47763348e+000,+1.61392882e-002,+2.58451876e+000,+1.46248317e+001,+2.18314022e+000,+4.76959050e-002,+8.98155799e-004,+1.47264523e-001,-5.23881633e-001,-2.35167153e-001,-5.23881633e-001,-2.35167153e-001,+5.74243463e-001,+5.74243463e-001,                ,+4.00000000e-003,                ,                ,                ,                ,+9.19608174e-004,+2.68397380e-003,+2.74667884e-003
+3.91833475e+011,+1.48102870e+000,+1.87360955e-002,+3.07517076e+000,+2.19309498e+000,+5.54973904e-002,+1.48102870e+000,+1.87360955e-002,+3.07729965e+000,+1.47708381e+001,+2.19309498e+000,+5.54973904e-002,+9.99485420e-004,+1.24883790e-001,-5.18404104e-001,+4.22144350e-002,-5.18404104e-001,+4.22144350e-002,+5.20120057e-001,+5.20120057e-001,                ,+4.00000000e-003,                ,                ,                ,                ,+7.60353191e-004,+2.98902529e-003,+2.28966271e-003
+4.01629312e+011,+1.48216701e+000,+1.94970257e-002,+3.28006443e+000,+2.19643890e+000,+5.77956964e-002,+1.48216701e+000,+1.94970257e-002,+3.28233517e+000,+1.48280403e+001,+2.19643890e+000,+5.77956964e-002,+8.94361719e-004,+1.40191788e-001,-4.34585858e-001,+2.45530505e-001,-4.34585858e-001,+2.45530505e-001,+4.99149373e-001,+4.99149373e-001,                ,+4.00000000e-003,                ,                ,                ,                ,+8.32737291e-004,+2.68365866e-003,+2.50338626e-003
+4.11425149e+011,+1.48509379e+000,+1.82749371e-002,+3.14945448e+000,+2.20516959e+000,+5.42799912e-002,+1.48509379e+000,+1.82749371e-002,+3.15163480e+000,+1.48135509e+001,+2.20516959e+000,+5.42799912e-002,+8.84519469e-004,+1.35056792e-001,-2.71927852e-001,+4.34021089e-001,-2.71927852e-001,+4.34021090e-001,+5.12170931e-001,+5.12170931e-001,                ,+4.00000000e-003,                ,                ,                ,                ,+7.83134641e-004,+2.65581221e-003,+2.35838586e-003
+4.21220986e+011,+1.48926350e+000,+1.90998553e-002,+3.36999058e+000,+2.21754098e+000,+5.68894350e-002,+1.48926350e+000,+1.90998553e-002,+3.37232358e+000,+1.48998037e+001,+2.21754098e+000,+5.68894350e-002,+8.36055594e-004,+1.40387028e-001,-7.07485434e-003,+4.89737368e-001,-7.07485408e-003,+4.89737368e-001,+4.89788468e-001,+4.89788467e-001,                ,+4.00000000e-003,                ,                ,                ,                ,+7.95111105e-004,+2.52058718e-003,+2.40019698e-003
+4.31016823e+011,+1.49127385e+000,+2.22765234e-002,+4.02189052e+000,+2.22340147e+000,+6.64407939e-002,+1.49127385e+000,+2.22765234e-002,+4.02467481e+000,+1.47525425e+001,+2.22340147e+000,+6.64407939e-002,+8.36888531e-004,+1.48219383e-001,+1.90535111e-001,+3.85223515e-001,+1.90535111e-001,+3.85223515e-001,+4.29768293e-001,+4.29768293e-001,                ,+4.00000000e-003,                ,                ,                ,                ,+8.20392382e-004,+2.53261095e-003,+2.48414535e-003
+4.40812660e+011,+1.48886749e+000,+2.37300935e-002,+4.38169472e+000,+2.21616327e+000,+7.06619292e-002,+1.48886749e+000,+2.37300935e-002,+4.38472810e+000,+1.45485310e+001,+2.21616327e+000,+7.06619292e-002,+8.53615533e-004,+1.57289435e-001,+2.79460206e-001,+2.86237297e-001,+2.79460206e-001,+2.86237297e-001,+4.00037244e-001,+4.00037244e-001,                ,                ,                ,                ,                ,                ,+8.51248449e-004,+2.58224124e-003,+2.57530503e-003
+4.50608496e+011,+1.48816840e+000,+1.98462535e-002,+3.74598919e+000,+2.21425131e+000,+5.90691345e-002,+1.48816840e+000,+1.98462535e-002,+3.74858248e+000,+1.47405987e+001,+2.21425131e+000,+5.90691345e-002,+8.97926224e-004,+1.44170910e-001,+4.14482643e-001,+1.86113343e-001,+4.14482643e-001,+1.86113343e-001,+4.54350126e-001,+4.54350126e-001,                ,                ,                ,                ,                ,                ,+7.63289174e-004,+2.70282772e-003,+2.30744660e-003
+4.60404333e+011,+1.49039802e+000,+1.70302655e-002,+3.28434999e+000,+2.22099622e+000,+5.07637479e-002,+1.49020169e+000,+1.71218234e-002,+3.30429320e+000,+1.47980444e+001,+2.22040791e+000,+5.10299402e-002,+9.48719797e-004,+1.32411075e-001,+4.97125608e-001,-3.23764293e-002,+4.97125608e-001,-3.23764293e-002,+4.98178786e-001,+4.98178786e-001,                ,                ,                ,                ,                ,                ,+6.86113155e-004,+2.85106270e-003,+2.07738159e-003
+4.70200170e+011,+1.49178159e+000,+1.48810408e-002,+2.93092495e+000,+2.22519086e+000,+4.43985253e-002,+1.49223631e+000,+1.43959708e-002,+2.83734993e+000,+1.47567473e+001,+2.22656196e+000,+4.29643807e-002,+7.78571386e-004,+1.64546161e-001,+4.63306930e-001,-2.66714040e-001,+4.63306930e-001,-2.66714040e-001,+5.34593015e-001,+5.34593014e-001,                ,                ,                ,                ,                ,                ,+8.34864146e-004,+2.34766234e-003,+2.51404577e-003
+4.79996007e+011,+1.49427093e+000,+1.16701182e-002,+2.34639697e+000,+2.23270943e+000,+3.48766368e-002,+1.49427093e+000,+1.16701182e-002,+2.34802135e+000,+1.49777280e+001,+2.23270943e+000,+3.48766368e-002,+7.61404380e-004,+1.53883161e-001,+3.11043029e-001,-5.13942811e-001,+3.11043029e-001,-5.13942811e-001,+6.00737029e-001,+6.00737029e-001,                ,                ,                ,                ,                ,                ,+7.64828941e-004,+2.29334015e-003,+2.30349467e-003
+4.89791844e+011,+1.49904465e+000,+9.67570891e-003,+1.98510258e+000,+2.24704125e+000,+2.90086394e-002,+1.49904465e+000,+9.67570891e-003,+1.98647683e+000,+1.49885270e+001,+2.24704125e+000,+2.90086394e-002,+7.91353016e-004,+1.39289830e-001,-3.72162200e-002,-6.44299643e-001,-3.72162201e-002,-6.44299643e-001,+6.45373595e-001,+6.45373595e-001,                ,                ,                ,                ,                ,                ,+6.78451329e-004,+2.38567601e-003,+2.04937148e-003
+4.99587681e+011,+1.50388010e+000,+1.02159957e-002,+2.13786871e+000,+2.26155100e+000,+3.07272653e-002,+1.50388010e+000,+1.02159957e-002,+2.13934872e+000,+1.50346073e+001,+2.26155100e+000,+3.07272653e-002,+7.16651476e-004,+1.44441260e-001,-3.88315745e-001,-4.90415512e-001,-3.88315746e-001,-4.90415512e-001,+6.25536963e-001,+6.25536963e-001,                ,                ,                ,                ,                ,                ,+6.89747900e-004,+2.16960872e-003,+2.08923890e-003
+5.09383518e+011,+1.50612429e+000,+1.08769130e-002,+2.32080767e+000,+2.26829208e+000,+3.27639657e-002,+1.50612429e+000,+1.08769130e-002,+2.32241433e+000,+1.52817681e+001,+2.26829208e+000,+3.27639657e-002,+7.68247665e-004,+1.21741556e-001,-5.57191604e-001,-2.30188917e-001,-5.57191604e-001,-2.30188917e-001,+6.02867664e-001,+6.02867664e-001,                ,                ,                ,                ,                ,                ,+5.70170575e-004,+2.32655633e-003,+1.73420783e-003
+5.19179355e+011,+1.50814227e+000,+9.62059009e-003,+2.09222185e+000,+2.27440054e+000,+2.90184371e-002,+1.50878663e+000,+1.00786202e-002,+2.19334858e+000,+1.50840875e+001,+2.27633553e+000,+3.04129750e-002,+7.60908148e-004,+1.35742956e-001,-6.26990018e-001,+7.02832708e-002,-6.26990018e-001,+7.02832709e-002,+6.30916968e-001,+6.30916968e-001,                ,                ,                ,                ,                ,                ,+6.23750242e-004,+2.30866917e-003,+1.89754987e-003
+5.28975192e+011,+1.51144898e+000,+9.28032752e-003,+2.05630351e+000,+2.28439188e+000,+2.80534830e-002,+1.51114103e+000,+9.91818984e-003,+2.19916028e+000,+1.50151211e+001,+2.28344884e+000,+2.99755672e-002,+6.98274881e-004,+1.57415783e-001,-4.95747418e-001,+3.97109279e-001,-4.95747418e-001,+3.97109279e-001,+6.35186022e-001,+6.35186022e-001,                ,                ,                ,                ,                ,                ,+7.09943535e-004,+2.12446635e-003,+2.15950085e-003
+5.38771028e+011,+1.51351910e+000,+1.04206836e-002,+2.35173863e+000,+2.29063148e+000,+3.15438074e-002,+1.51314272e+000,+1.03519458e-002,+2.33784322e+000,+1.51317020e+001,+2.28949372e+000,+3.13279426e-002,+6.90107718e-004,+1.62032305e-001,-2.23297061e-001,+5.55339654e-001,-2.23297061e-001,+5.55339654e-001,+5.98551342e-001,+5.98551342e-001,                ,                ,                ,                ,                ,                ,+7.17477383e-004,+2.10331751e-003,+2.18557927e-003
+5.48566865e+011,+1.51482826e+000,+1.05910827e-002,+2.43365235e+000,+2.29459247e+000,+3.20873426e-002,+1.51513601e+000,+1.07998490e-002,+2.48334132e+000,+1.38008616e+001,+2.29552048e+000,+3.27264801e-002,+8.46305564e-004,+1.80967663e-001,+5.83909764e-002,+5.85811839e-001,+5.83909764e-002,+5.85811839e-001,+5.88714716e-001,+5.88714716e-001,                ,                ,                ,                ,                ,                ,+7.87013613e-004,+2.58153532e-003,+2.40314527e-003
+5.58362702e+011,+1.51794512e+000,+1.05346776e-002,+2.46391806e+000,+2.30404640e+000,+3.19821250e-002,+1.51712930e+000,+1.12477522e-002,+2.63251770e+000,+1.17044035e+001,+2.30155480e+000,+3.41285887e-002,+1.09361207e-003,+2.54626960e-001,+3.62212605e-001,+4.59265707e-001,+3.62212605e-001,+4.59265707e-001,+5.84912781e-001,+5.84912781e-001,                ,                ,                ,                ,                ,                ,+1.08792467e-003,+3.34277525e-003,+3.32564612e-003
+5.68158539e+011,+1.51871673e+000,+1.22603129e-002,+2.91782811e+000,+2.30635019e+000,+3.72398848e-002,+1.51809319e+000,+1.17313220e-002,+2.79386654e+000,+1.40065170e+001,+2.30446931e+000,+3.56184802e-002,+7.97420561e-004,+1.85062709e-001,+4.82882825e-001,+2.28141467e-001,+4.82882825e-001,+2.28141467e-001,+5.34063995e-001,+5.34063995e-001,                ,                ,                ,                ,                ,                ,+7.77070132e-004,+2.43934957e-003,+2.37803934e-003
+5.77954376e+011,+1.51905708e+000,+1.22148919e-002,+2.95713937e+000,+2.30738521e+000,+3.71102361e-002,+1.51857861e+000,+1.19944028e-002,+2.90577075e+000,+1.49940368e+001,+2.30593713e+000,+3.64288871e-002,+6.87134178e-004,+1.66655140e-001,+5.29853948e-001,-4.59209351e-004,+5.29853948e-001,-4.59209416e-004,+5.29854147e-001,+5.29854147e-001,                ,                ,                ,                ,                ,                ,+6.87916928e-004,+2.10343683e-003,+2.10579539e-003
+5.87750213e+011,+1.51972952e+000,+1.22351030e-002,+3.01223628e+000,+2.30942811e+000,+3.71880945e-002,+1.51905530e+000,+1.22554664e-002,+3.01933847e+000,+1.46707371e+001,+2.30737879e+000,+3.72334623e-002,+7.35057844e-004,+1.59164039e-001,+4.69523613e-001,-2.32635201e-001,+4.69523614e-001,-2.32635201e-001,+5.23995764e-001,+5.23995764e-001,                ,                ,                ,                ,                ,                ,+6.46045334e-004,+2.24902219e-003,+1.98077413e-003
+5.97546050e+011,+1.52012509e+000,+1.27415444e-002,+3.18920224e+000,+2.31061793e+000,+3.87374825e-002,+1.51953198e+000,+1.25165300e-002,+3.13505010e+000,+1.47841623e+001,+2.30882078e+000,+3.80385353e-002,+6.69861945e-004,+1.67775578e-001,+3.11852880e-001,-3.98140371e-001,+3.11852881e-001,-3.98140371e-001,+5.05735083e-001,+5.05735083e-001,                ,                ,                ,                ,                ,                ,+6.69835565e-004,+2.05252133e-003,+2.05244182e-003
+6.07341887e+011,+1.51982524e+000,+1.27352322e-002,+3.23987841e+000,+2.30970659e+000,+3.87106548e-002,+1.51999722e+000,+1.23322071e-002,+3.13951963e+000,+1.50512898e+001,+2.31023947e+000,+3.74898409e-002,+7.73640886e-004,+1.22518797e-001,+1.25233369e-001,-4.84736121e-001,+1.25233369e-001,-4.84736121e-001,+5.00652079e-001,+5.00652079e-001,                ,                ,                ,                ,                ,                ,+4.81260623e-004,+2.36373400e-003,+1.48211102e-003
+6.17137723e+011,+1.52003357e+000,+1.16277774e-002,+3.00585076e+000,+2.31036685e+000,+3.53492241e-002,+1.52070135e+000,+1.19704855e-002,+3.09658509e+000,+1.49597738e+001,+2.31238930e+000,+3.64070668e-002,+6.89017698e-004,+1.57216310e-001,-9.63800770e-002,-5.15714996e-001,-9.63800770e-002,-5.15714996e-001,+5.24643761e-001,+5.24643761e-001,                ,                ,                ,                ,                ,                ,+6.07751925e-004,+2.11013046e-003,+1.86491410e-003
+6.26933560e+011,+1.52123597e+000,+1.11048175e-002,+2.91622852e+000,+2.31403557e+000,+3.37860957e-002,+1.52145693e+000,+1.16128410e-002,+3.05175146e+000,+1.50117881e+001,+2.31469632e+000,+3.53368749e-002,+6.42398621e-004,+1.71368519e-001,-3.33662330e-001,-4.16989838e-001,-3.33662330e-001,-4.16989838e-001,+5.34051566e-001,+5.34051566e-001,                ,                ,                ,                ,                ,                ,+6.52109253e-004,+1.96990935e-003,+1.99923243e-003
+6.36729397e+011,+1.52166874e+000,+1.12010471e-002,+2.98746025e+000,+2.31535029e+000,+3.40885665e-002,+1.52223823e+000,+1.12572352e-002,+3.00452486e+000,+1.49764905e+001,+2.31708250e+000,+3.42723875e-002,+6.22535311e-004,+1.77103965e-001,-4.75177078e-001,-2.26645272e-001,-4.75177078e-001,-2.26645272e-001,+5.26461142e-001,+5.26461142e-001,                ,                ,                ,                ,                ,                ,+6.63566146e-004,+1.91023394e-003,+2.03422756e-003
+6.46525234e+011,+1.52236255e+000,+1.04808995e-002,+2.83839379e+000,+2.31747788e+000,+3.19114579e-002,+1.52301953e+000,+1.09016293e-002,+2.95437795e+000,+1.48496404e+001,+2.31946965e+000,+3.32067888e-002,+7.71475961e-004,+1.34870862e-001,-5.42235072e-001,+1.12875182e-002,-5.42235072e-001,+1.12875182e-002,+5.42352543e-001,+5.42352543e-001,                ,                ,                ,                ,                ,                ,+4.97672326e-004,+2.36079679e-003,+1.53275004e-003
+6.56321071e+011,+1.52430795e+000,+1.07825409e-002,+2.96432673e+000,+2.32339847e+000,+3.28718257e-002,+1.52387840e+000,+1.14725543e-002,+3.15620810e+000,+1.48501791e+001,+2.32207376e+000,+3.49655554e-002,+6.83391348e-004,+1.68728107e-001,-4.48923143e-001,+2.79296674e-001,-4.48923143e-001,+2.79296674e-001,+5.28714120e-001,+5.28714120e-001,                ,                ,                ,                ,                ,                ,+6.13312654e-004,+2.09688316e-003,+1.88490830e-003
+6.66116908e+011,+1.52534361e+000,+1.25316045e-002,+3.49659835e+000,+2.32651609e+000,+3.82300058e-002,+1.52473727e+000,+1.20434793e-002,+3.36272682e+000,+1.46961741e+001,+2.32467870e+000,+3.67262834e-002,+7.28150412e-004,+1.64337584e-001,-2.38730753e-001,+4.10905279e-001,-2.38730753e-001,+4.10905279e-001,+4.75221549e-001,+4.75221549e-001,                ,                ,                ,                ,                ,                ,+5.88568859e-004,+2.23465298e-003,+1.81236468e-003
+6.75912745e+011,+1.52523826e+000,+1.36140954e-002,+3.85449987e+000,+2.32616640e+000,+4.15294784e-002,+1.52497285e+000,+1.29717540e-002,+3.67517904e+000,+1.45767050e+001,+2.32537392e+000,+3.95631453e-002,+7.16466500e-004,+1.80835098e-001,-4.47167279e-002,+4.40113285e-001,-4.47167279e-002,+4.40113285e-001,+4.42379124e-001,+4.42379124e-001,                ,                ,                ,                ,                ,                ,+6.38267792e-004,+2.20174282e-003,+1.96526976e-003
+6.85708582e+011,+1.52556008e+000,+1.44105171e-002,+4.13911753e+000,+2.32712589e+000,+4.39682191e-002,+1.52520842e+000,+1.39000288e-002,+3.99525445e+000,+1.45862144e+001,+2.32606752e+000,+4.24008818e-002,+6.81617588e-004,+1.88990339e-001,+1.42591710e-001,+3.92784835e-001,+1.42591710e-001,+3.92784835e-001,+4.17866393e-001,+4.17866393e-001,                ,                ,                ,                ,                ,                ,+6.57522862e-004,+2.09749694e-003,+2.02466782e-003
+6.95504418e+011,+1.52523374e+000,+1.52134955e-002,+4.43218126e+000,+2.32610651e+000,+4.64082733e-002,+1.52533833e+000,+1.43665936e-002,+4.18834899e+000,+1.45484421e+001,+2.32645061e+000,+4.38278317e-002,+6.61969323e-004,+1.90710160e-001,+2.71621173e-001,+2.85518996e-001,+2.71621173e-001,+2.85518996e-001,+3.94080142e-001,+3.94080142e-001,                ,                ,                ,                ,                ,                ,+6.54161190e-004,+2.03825049e-003,+2.01465476e-003
+7.05300255e+011,+1.52538930e+000,+1.49370090e-002,+4.41292243e+000,+2.32658941e+000,+4.55695075e-002,+1.52542162e+000,+1.47529443e-002,+4.36156053e+000,+1.46100749e+001,+2.32669347e+000,+4.50089203e-002,+7.27910893e-004,+1.63178992e-001,+3.68821353e-001,+1.43055881e-001,+3.68821353e-001,+1.43055881e-001,+3.95593448e-001,+3.95593448e-001,                ,                ,                ,                ,                ,                ,+5.51951659e-004,+2.23702785e-003,+1.70539565e-003
+7.15096092e+011,+1.52609742e+000,+1.54794625e-002,+4.63669885e+000,+2.32873373e+000,+4.72463356e-002,+1.52550026e+000,+1.51312735e-002,+4.53554048e+000,+1.45497624e+001,+2.32692208e+000,+4.61655233e-002,+7.66599078e-004,+1.45592547e-001,+3.76203494e-001,-3.91105012e-002,+3.76203494e-001,-3.91105013e-002,+3.78231015e-001,+3.78231015e-001,                ,                ,                ,                ,                ,                ,+4.85719543e-004,+2.35359329e-003,+1.50512982e-003
+7.24891929e+011,+1.52557889e+000,+1.55096028e-002,+4.70936713e+000,+2.32715041e+000,+4.73222452e-002,+1.52557889e+000,+1.55096028e-002,+4.71262735e+000,+1.45471839e+001,+2.32715041e+000,+4.73222452e-002,+6.21965691e-004,+2.01588405e-001,+3.26464057e-001,-1.79995325e-001,+3.26464057e-001,-1.79995325e-001,+3.72796322e-001,+3.72796322e-001,                ,                ,                ,                ,                ,                ,+6.63442247e-004,+1.91829491e-003,+2.04355986e-003
+7.34687766e+011,+1.52642545e+000,+1.43144084e-002,+4.40519180e+000,+2.32976976e+000,+4.36997548e-002,+1.52665856e+000,+1.51641000e-002,+4.66991105e+000,+1.46166655e+001,+2.33045641e+000,+4.63008061e-002,+6.55425849e-004,+1.95390793e-001,+2.18171518e-001,-3.30659455e-001,+2.18171518e-001,-3.30659455e-001,+3.96149576e-001,+3.96149576e-001,                ,                ,                ,                ,                ,                ,+6.34471511e-004,+2.02046535e-003,+1.95712061e-003
+7.44483603e+011,+1.52830103e+000,+1.44360080e-002,+4.50184834e+000,+2.33549563e+000,+4.41251317e-002,+1.52769993e+000,+1.49169020e-002,+4.65503482e+000,+1.36233962e+001,+2.33364456e+000,+4.55771002e-002,+7.10527922e-004,+2.18293873e-001,+1.32540386e-002,-3.88234229e-001,+1.32540386e-002,-3.88234229e-001,+3.88460405e-001,+3.88460405e-001,                ,                ,                ,                ,                ,                ,+6.99515350e-004,+2.19181612e-003,+2.15849685e-003
+7.54279440e+011,+1.52849808e+000,+1.54968595e-002,+4.89626116e+000,+2.33606623e+000,+4.73738400e-002,+1.52870409e+000,+1.47549305e-002,+4.66507467e+000,+1.22499634e+001,+2.33671849e+000,+4.51118453e-002,+9.21374182e-004,+2.32487270e-001,-1.43680371e-001,-3.28957251e-001,-1.43680372e-001,-3.28957252e-001,+3.58966464e-001,+3.58966464e-001,                ,                ,                ,                ,                ,                ,+7.35322317e-004,+2.83871622e-003,+2.27537009e-003
+7.64075277e+011,+1.52909472e+000,+1.43878169e-002,+4.60489423e+000,+2.33792364e+000,+4.40006696e-002,+1.52968700e+000,+1.46683126e-002,+4.69791836e+000,+1.36591726e+001,+2.33972715e+000,+4.48758541e-002,+7.34214210e-004,+2.20331082e-001,-2.94212278e-001,-2.41270759e-001,-2.94212278e-001,-2.41270759e-001,+3.80489742e-001,+3.80489741e-001,                ,                ,                ,                ,                ,                ,+6.87939835e-004,+2.26641769e-003,+2.12620461e-003
+7.73871114e+011,+1.53035793e+000,+1.42032557e-002,+4.60410426e+000,+2.34179366e+000,+4.34721299e-002,+1.53065795e+000,+1.46357416e-002,+4.74758262e+000,+1.42932688e+001,+2.34269954e+000,+4.48046285e-002,+7.11291099e-004,+1.89684272e-001,-3.74959852e-001,-6.46002843e-002,-3.74959852e-001,-6.46002842e-002,+3.80484017e-001,+3.80484017e-001,                ,                ,                ,                ,                ,                ,+5.84754436e-004,+2.19460338e-003,+1.81093859e-003
+7.83666950e+011,+1.53138409e+000,+1.39857282e-002,+4.59097814e+000,+2.34494163e+000,+4.28350433e-002,+1.53162890e+000,+1.46031707e-002,+4.79697940e+000,+1.38008371e+001,+2.34567382e+000,+4.47332763e-002,+6.42621726e-004,+2.16678082e-001,-3.60585229e-001,+1.24370425e-001,-3.60585229e-001,+1.24370425e-001,+3.81431134e-001,+3.81431134e-001,                ,                ,                ,                ,                ,                ,+6.59620721e-004,+1.98778112e-003,+2.03935694e-003
+7.93462787e+011,+1.53282027e+000,+1.41155355e-002,+4.69150876e+000,+2.34933874e+000,+4.32731580e-002,+1.53258789e+000,+1.46246466e-002,+4.86408444e+000,+1.37989590e+001,+2.34861175e+000,+4.48271126e-002,+6.30442834e-004,+2.15423179e-001,-2.42778654e-001,+2.84174208e-001,-2.42778654e-001,+2.84174208e-001,+3.73759890e-001,+3.73759890e-001,                ,                ,                ,                ,                ,                ,+6.47704189e-004,+1.95136299e-003,+2.00376720e-003
+8.03258624e+011,+1.53356262e+000,+1.49825791e-002,+5.04116120e+000,+2.35158982e+000,+4.59534463e-002,+1.53282272e+000,+1.50350623e-002,+5.06232228e+000,+1.38276666e+001,+2.34931943e+000,+4.60921701e-002,+7.37485803e-004,+1.73822595e-001,-7.59802741e-002,+3.40079394e-001,-7.59802741e-002,+3.40079394e-001,+3.48463766e-001,+3.48463767e-001,                ,                ,                ,                ,                ,                ,+5.16251910e-004,+2.27639375e-003,+1.60482160e-003
+8.13054461e+011,+1.53305755e+000,+1.54454779e-002,+5.26028891e+000,+2.35002689e+000,+4.73576131e-002,+1.53305755e+000,+1.54454779e-002,+5.26393053e+000,+1.35547465e+001,+2.35002689e+000,+4.73576131e-002,+7.57597903e-004,+1.85625098e-001,+6.09053088e-002,+3.27927266e-001,+6.09053088e-002,+3.27927266e-001,+3.33535228e-001,+3.33535228e-001,                ,                ,                ,                ,                ,                ,+5.44663030e-004,+2.33970753e-003,+1.69340246e-003
+8.22850298e+011,+1.53222983e+000,+1.48140652e-002,+5.10603386e+000,+2.34750880e+000,+4.53971051e-002,+1.53232862e+000,+1.44115320e-002,+4.97072964e+000,+1.38057648e+001,+2.34782330e+000,+4.41664058e-002,+6.32986709e-004,+2.32125241e-001,+1.83951254e-001,+2.90722596e-001,+1.83951254e-001,+2.90722596e-001,+3.44031528e-001,+3.44031528e-001,                ,                ,                ,                ,                ,                ,+6.72995834e-004,+1.95928510e-003,+2.08074617e-003
+8.32646135e+011,+1.53159968e+000,+1.33775861e-002,+4.66580769e+000,+2.34561863e+000,+4.09782133e-002,+1.53159968e+000,+1.33775861e-002,+4.66903776e+000,+1.38142721e+001,+2.34561863e+000,+4.09782133e-002,+6.51184038e-004,+2.24929247e-001,+3.07205352e-001,+2.16362661e-001,+3.07205352e-001,+2.16362661e-001,+3.75749823e-001,+3.75749823e-001,                ,                ,                ,                ,                ,                ,+6.44460492e-004,+2.01194919e-003,+1.99153351e-003
+8.42441972e+011,+1.53237995e+000,+1.15945052e-002,+4.09148368e+000,+2.34805388e+000,+3.55343744e-002,+1.53237995e+000,+1.15945052e-002,+4.09431616e+000,+1.36055231e+001,+2.34805388e+000,+3.55343744e-002,+6.72932905e-004,+2.17789068e-001,+4.18344974e-001,+5.12632152e-002,+4.18344974e-001,+5.12632152e-002,+4.21474121e-001,+4.21474121e-001,                ,                ,                ,                ,                ,                ,+6.16746820e-004,+2.07667953e-003,+1.90578557e-003
+8.52237809e+011,+1.53360628e+000,+1.16255032e-002,+4.15012490e+000,+2.35181307e+000,+3.56578895e-002,+1.53285620e+000,+1.17344525e-002,+4.19191810e+000,+1.38156354e+001,+2.34951042e+000,+3.59744564e-002,+7.02877331e-004,+1.85491409e-001,+3.83179334e-001,-1.63200864e-001,+3.83179334e-001,-1.63200864e-001,+4.16486403e-001,+4.16486403e-001,                ,                ,                ,                ,                ,                ,+5.19246816e-004,+2.16700590e-003,+1.60835716e-003
+8.62033645e+011,+1.53333244e+000,+1.18743998e-002,+4.28770101e+000,+2.35096738e+000,+3.64148049e-002,+1.53313270e+000,+1.17507076e-002,+4.24597465e+000,+1.37563495e+001,+2.35035778e+000,+3.60307880e-002,+6.11625915e-004,+2.18677084e-001,+2.76195616e-001,-2.96471528e-001,+2.76195616e-001,-2.96471528e-001,+4.05190554e-001,+4.05190554e-001,                ,                ,                ,                ,                ,                ,+6.05187427e-004,+1.88963014e-003,+1.87003934e-003
+8.71829482e+011,+1.53340092e+000,+1.12432887e-002,+4.10594875e+000,+2.35119196e+000,+3.44809385e-002,+1.53340920e+000,+1.17669627e-002,+4.30016470e+000,+1.36219138e+001,+2.35120530e+000,+3.60871377e-002,+7.00185472e-004,+1.91488018e-001,+1.27052099e-001,-4.00528402e-001,+1.27052099e-001,-4.00528402e-001,+4.20196664e-001,+4.20196664e-001,                ,                ,                ,                ,                ,                ,+5.23987458e-004,+2.15967316e-003,+1.62345249e-003
+8.81625319e+011,+1.53391909e+000,+1.15937087e-002,+4.28149111e+000,+2.35277337e+000,+3.55676222e-002,+1.53349522e+000,+1.23018491e-002,+4.54614842e+000,+1.37098924e+001,+2.35145627e+000,+3.77296537e-002,+6.16643998e-004,+2.29249022e-001,-6.81827643e-002,-3.99890575e-001,-6.81827642e-002,-3.99890575e-001,+4.05661634e-001,+4.05661634e-001,                ,                ,                ,                ,                ,                ,+6.20346415e-004,+1.90650407e-003,+1.91776825e-003
+8.91421156e+011,+1.53373293e+000,+1.22508191e-002,+4.57442671e+000,+2.35218663e+000,+3.75789695e-002,+1.53350650e+000,+1.28901313e-002,+4.81647644e+000,+1.34558454e+001,+2.35147603e+000,+3.95342003e-002,+6.73264064e-004,+2.28372779e-001,-2.13834149e-001,-3.17232835e-001,-2.13834149e-001,-3.17232835e-001,+3.82572496e-001,+3.82572496e-001,                ,                ,                ,                ,                ,                ,+6.11184369e-004,+2.08066613e-003,+1.89186733e-003
+9.01216993e+011,+1.53384478e+000,+1.29407819e-002,+4.88515670e+000,+2.35251236e+000,+3.96983016e-002,+1.53351777e+000,+1.34784136e-002,+5.09163556e+000,+1.33516191e+001,+2.35149509e+000,+4.13387735e-002,+6.65603451e-004,+2.52706621e-001,-3.09949539e-001,-1.82130967e-001,-3.09949539e-001,-1.82130967e-001,+3.59500217e-001,+3.59500217e-001,                ,                ,                ,                ,                ,                ,+6.68956823e-004,+2.05946240e-003,+2.06965691e-003
+9.11012830e+011,+1.53356691e+000,+1.44084890e-002,+5.49833938e+000,+2.35161988e+000,+4.41927642e-002,+1.53338731e+000,+1.41525717e-002,+5.40441906e+000,+1.34378737e+001,+2.35107634e+000,+4.34027475e-002,+8.20660105e-004,+1.68373042e-001,-3.15911432e-001,-3.63373747e-002,-3.15911432e-001,-3.63373747e-002,+3.17994399e-001,+3.17994399e-001,                ,                ,                ,                ,                ,                ,+4.40919091e-004,+2.52925986e-003,+1.37542838e-003
+9.20808667e+011,+1.53270586e+000,+1.50727496e-002,+5.81367154e+000,+2.34896007e+000,+4.62041833e-002,+1.53325684e+000,+1.48267298e-002,+5.72273889e+000,+1.31779639e+001,+2.35065671e+000,+4.54663696e-002,+7.18171627e-004,+2.26753082e-001,-2.88785925e-001,+7.58525188e-002,-2.88785925e-001,+7.58525188e-002,+2.98581505e-001,+2.98581505e-001,                ,                ,                ,                ,                ,                ,+5.87482101e-004,+2.21970400e-003,+1.82281817e-003
+9.30604504e+011,+1.53333487e+000,+1.54103579e-002,+6.00712245e+000,+2.35087836e+000,+4.72584784e-002,+1.53382137e+000,+1.59306109e-002,+6.21422169e+000,+1.32967039e+001,+2.35235421e+000,+4.88694230e-002,+6.34924616e-004,+2.51693096e-001,-2.11497122e-001,+1.94326891e-001,-2.11497122e-001,+1.94326891e-001,+2.87217641e-001,+2.87217641e-001,                ,                ,                ,                ,                ,                ,+6.45233626e-004,+1.96827982e-003,+1.99957572e-003
+9.40400341e+011,+1.53438590e+000,+1.70344921e-002,+6.71012447e+000,+2.35404991e+000,+5.22749690e-002,+1.53420982e+000,+1.75251243e-002,+6.90817048e+000,+1.34687692e+001,+2.35349263e+000,+5.37744355e-002,+6.19127034e-004,+2.48505092e-001,-7.54661454e-002,+2.37798076e-001,-7.54661454e-002,+2.37798076e-001,+2.49485599e-001,+2.49485599e-001,                ,                ,                ,                ,                ,                ,+6.30424893e-004,+1.92183810e-003,+1.95610868e-003
+9.50196177e+011,+1.53503210e+000,+1.90774797e-002,+7.59316588e+000,+2.35595960e+000,+5.85690873e-002,+1.53459699e+000,+1.91197617e-002,+7.61526316e+000,+1.31160516e+001,+2.35462234e+000,+5.86822574e-002,+7.30717927e-004,+2.32512055e-001,+3.79411428e-002,+2.05580814e-001,+3.79411428e-002,+2.05580814e-001,+2.09052629e-001,+2.09052629e-001,                ,                ,                ,                ,                ,                ,+5.83771697e-004,+2.26503821e-003,+1.81965088e-003
+9.59992014e+011,+1.53498416e+000,+2.07143991e-002,+8.32968483e+000,+2.35574727e+000,+6.35925489e-002,+1.53498416e+000,+2.07143991e-002,+8.33545135e+000,+1.31951583e+001,+2.35574727e+000,+6.35925489e-002,+7.24152996e-004,+2.67823436e-001,+1.04461542e-001,+1.47081111e-001,+1.04461542e-001,+1.47081111e-001,+1.80402514e-001,+1.80402514e-001,                ,                ,                ,                ,                ,                ,+6.65567023e-004,+2.25070039e-003,+2.07327046e-003
+9.69787851e+011,+1.53494246e+000,+2.04693602e-002,+8.31514100e+000,+2.35562937e+000,+6.28385804e-002,+1.53494246e+000,+2.04693602e-002,+8.32089745e+000,+1.32889153e+001,+2.35562937e+000,+6.28385804e-002,+7.33471094e-004,+2.57270321e-001,+1.57238932e-001,+8.95060822e-002,+1.57238932e-001,+8.95060822e-002,+1.80929325e-001,+1.80929325e-001,                ,                ,                ,                ,                ,                ,+6.32883522e-004,+2.27758130e-003,+1.97290695e-003
+9.79583688e+011,+1.53668215e+000,+1.88119344e-002,+7.71904564e+000,+2.36103816e+000,+5.78159277e-002,+1.53668215e+000,+1.88119344e-002,+7.72438942e+000,+1.24055863e+001,+2.36103816e+000,+5.78159277e-002,+8.26117863e-004,+2.50530035e-001,+2.03379314e-001,-1.31702089e-002,+2.03379314e-001,-1.31702089e-002,+2.03805298e-001,+2.03805298e-001,                ,                ,                ,                ,                ,                ,+6.10139431e-004,+2.56191696e-003,+1.90626250e-003
+9.89379525e+011,+1.53984327e+000,+1.89891607e-002,+7.86968405e+000,+2.37075671e+000,+5.84806625e-002,+1.53984327e+000,+1.89891607e-002,+7.87513212e+000,+1.17597421e+001,+2.37075671e+000,+5.84806625e-002,+8.00207138e-004,+3.31706200e-001,+1.42274504e-001,-1.37222493e-001,+1.42274504e-001,-1.37222493e-001,+1.97666504e-001,+1.97666504e-001,                ,                ,                ,                ,                ,                ,+7.99837035e-004,+2.49476362e-003,+2.49363787e-003
+9.99175362e+011,+1.53952974e+000,+1.94581263e-002,+8.14387959e+000,+2.36977319e+000,+5.99127281e-002,+1.53952974e+000,+1.94581263e-002,+8.14951748e+000,+1.24136451e+001,+2.36977319e+000,+5.99127281e-002,+7.44635367e-004,+3.15587683e-001,+7.05704491e-002,-1.73302024e-001,+7.05704491e-002,-1.73302024e-001,+1.87119694e-001,+1.87119694e-001,                ,                ,                ,                ,                ,                ,+7.53510256e-004,+2.32210038e-003,+2.34908131e-003
+1.00897120e+012,+1.53984737e+000,+1.72031962e-002,+7.27070497e+000,+2.37083396e+000,+5.29805928e-002,+1.53984737e+000,+1.72031962e-002,+7.27573837e+000,+1.28692465e+001,+2.37083396e+000,+5.29805928e-002,+8.22888452e-004,+2.12049257e-001,-1.85420975e-002,-2.22067644e-001,-1.85420975e-002,-2.22067644e-001,+2.22840409e-001,+2.22840409e-001,                ,                ,                ,                ,                ,                ,+5.01382099e-004,+2.55149598e-003,+1.57241643e-003
+1.01876704e+012,+1.54136795e+000,+1.59970246e-002,+6.82657249e+000,+2.37555926e+000,+4.93146022e-002,+1.54107908e+000,+1.65339072e-002,+7.06056639e+000,+1.28480422e+001,+2.37465136e+000,+5.09601171e-002,+6.74166673e-004,+2.80342391e-001,-1.48608803e-001,-1.92897434e-001,-1.48608803e-001,-1.92897434e-001,+2.43503586e-001,+2.43503586e-001,                ,                ,                ,                ,                ,                ,+6.56484881e-004,+2.09959683e-003,+2.04568345e-003
+1.02856287e+012,+1.54231080e+000,+1.58646182e-002,+6.83516618e+000,+2.37847091e+000,+4.89363438e-002,+1.54231080e+000,+1.58646182e-002,+6.83989806e+000,+1.26045445e+001,+2.37847091e+000,+4.89363438e-002,+7.77568458e-004,+2.47411514e-001,-2.24921832e-001,-9.21147580e-002,-2.24921832e-001,-9.21147580e-002,+2.43053408e-001,+2.43053408e-001,                ,                ,                ,                ,                ,                ,+5.73852004e-004,+2.41671234e-003,+1.79478794e-003
+1.03835871e+012,+1.54295112e+000,+1.62662696e-002,+7.07495993e+000,+2.38043357e+000,+5.01961177e-002,+1.54246365e+000,+1.66835671e-002,+7.26148567e+000,+1.26709405e+001,+2.37891576e+000,+5.14675917e-002,+6.93098193e-004,+2.84406778e-001,-2.30190075e-001,+2.59121710e-002,-2.30190075e-001,+2.59121711e-002,+2.31643932e-001,+2.31643932e-001,                ,                ,                ,                ,                ,                ,+6.53436471e-004,+2.15996084e-003,+2.03893071e-003
+1.04815455e+012,+1.54261650e+000,+1.75025161e-002,+7.68447881e+000,+2.37935933e+000,+5.39993402e-002,+1.54261650e+000,+1.75025161e-002,+7.68979866e+000,+1.27572916e+001,+2.37935933e+000,+5.39993402e-002,+6.50529703e-004,+2.89629946e-001,-1.77109751e-001,+1.03335912e-001,-1.77109751e-001,+1.03335912e-001,+2.05051639e-001,+2.05051639e-001,                ,                ,                ,                ,                ,                ,+6.59217882e-004,+2.03011165e-003,+2.05661258e-003
+1.05795038e+012,+1.54088650e+000,+1.74145900e-002,+7.71733162e+000,+2.37402793e+000,+5.36678131e-002,+1.54088650e+000,+1.74145900e-002,+7.72267422e+000,+1.24135287e+001,+2.37402793e+000,+5.36678131e-002,+6.81474504e-004,+3.05644719e-001,-1.38990056e-001,+1.48991529e-001,-1.38990056e-001,+1.48991529e-001,+2.03756500e-001,+2.03756500e-001,                ,                ,                ,                ,                ,                ,+6.89227243e-004,+2.12415494e-003,+2.14777710e-003
+1.06774622e+012,+1.54117985e+000,+1.61545106e-002,+7.22520972e+000,+2.37497435e+000,+4.97940123e-002,+1.54117985e+000,+1.61545106e-002,+7.23021162e+000,+1.25502396e+001,+2.37497435e+000,+4.97940123e-002,+7.08739836e-004,+3.06222035e-001,-6.22002726e-002,+2.16061942e-001,-6.22002726e-002,+2.16061942e-001,+2.24836911e-001,+2.24836911e-001,                ,                ,                ,                ,                ,                ,+6.84193958e-004,+2.20669674e-003,+2.13183057e-003
+1.07754206e+012,+1.54203324e+000,+1.67182380e-002,+7.54593989e+000,+2.37758701e+000,+5.15601572e-002,+1.54144705e+000,+1.69780821e-002,+7.66852821e+000,+1.25987991e+001,+2.37577077e+000,+5.23416292e-002,+8.14349513e-004,+2.75091993e-001,+5.02995317e-002,+2.04745341e-001,+5.02995317e-002,+2.04745341e-001,+2.10833340e-001,+2.10833340e-001,                ,                ,                ,                ,                ,                ,+6.09052260e-004,+2.53123440e-003,+1.90529581e-003
+1.08733789e+012,+1.54171426e+000,+1.78016536e-002,+8.10799511e+000,+2.37656597e+000,+5.48901265e-002,+1.54171426e+000,+1.78016536e-002,+8.11360816e+000,+1.06304123e+001,+2.37656597e+000,+5.48901265e-002,+9.96633981e-004,+4.39165399e-001,+1.15005596e-001,+1.49239350e-001,+1.15005596e-001,+1.49239350e-001,+1.88410909e-001,+1.88410909e-001,                ,                ,                ,                ,                ,                ,+9.63550389e-004,+3.10735523e-003,+3.00652222e-003
+1.09713373e+012,+1.53673189e+000,+1.62147676e-002,+7.45176080e+000,+2.36128198e+000,+4.98355009e-002,+1.53673189e+000,+1.62147676e-002,+7.45691955e+000,+1.44490127e+000,+2.36128198e+000,+4.98355009e-002,+5.06043161e-003,+2.28165560e+000,+1.28941722e-001,+1.72046136e-001,+1.28941722e-001,+1.72046136e-001,+2.15001955e-001,+2.15001955e-001,                ,                ,                ,                ,                ,                ,+4.96136711e-003,+1.57139481e-002,+1.54126895e-002
+1.10692957e+012,+1.54316663e+000,+1.81871878e-002,+8.43284559e+000,+2.38103246e+000,+5.61317224e-002,+1.54316663e+000,+1.81871878e-002,+8.43868353e+000,+7.43017063e+000,+2.38103246e+000,+5.61317224e-002,+1.66615313e-003,+6.74486220e-001,+1.75453892e-001,-1.93324303e-002,+1.75453892e-001,-1.93324303e-002,+1.76515753e-001,+1.76515753e-001,                ,                ,                ,                ,                ,                ,+1.45366365e-003,+5.19517991e-003,+4.54709575e-003
+1.11672540e+012,+1.54178604e+000,+1.78086679e-002,+8.33041122e+000,+2.37678703e+000,+5.49143110e-002,+1.54269755e+000,+1.77951624e-002,+8.32985637e+000,+9.77091261e+000,+2.37959905e+000,+5.49051067e-002,+9.66077506e-004,+4.55449918e-001,+1.64072926e-001,-7.45273293e-002,+1.64072926e-001,-7.45273293e-002,+1.80206126e-001,+1.80206126e-001,                ,                ,                ,                ,                ,                ,+9.72982594e-004,+3.01535956e-003,+3.03641873e-003
+1.12652124e+012,+1.54147507e+000,+1.72777190e-002,+8.15294289e+000,+2.37584687e+000,+5.32663462e-002,+1.54226438e+000,+1.75544120e-002,+8.28924229e+000,+1.11891230e+001,+2.37827125e+000,+5.41470887e-002,+7.63872709e-004,+3.55850128e-001,+1.24389910e-001,-1.39266253e-001,+1.24389910e-001,-1.39266253e-001,+1.86729588e-001,+1.86729588e-001,                ,                ,                ,                ,                ,                ,+7.53595993e-004,+2.38264521e-003,+2.35130718e-003
+1.13631708e+012,+1.54117053e+000,+1.69324202e-002,+8.05948296e+000,+2.37491989e+000,+5.21914940e-002,+1.54183121e+000,+1.73136617e-002,+8.24665111e+000,+1.19408302e+001,+2.37694372e+000,+5.33894878e-002,+7.29531875e-004,+3.10022858e-001,+5.86872030e-002,-1.80985801e-001,+5.86872030e-002,-1.80985801e-001,+1.90263102e-001,+1.90263102e-001,                ,                ,                ,                ,                ,                ,+6.50886136e-004,+2.27216847e-003,+2.03237485e-003
+1.14611291e+012,+1.54113740e+000,+1.65469801e-002,+7.94391814e+000,+2.37483070e+000,+5.10023399e-002,+1.54143395e+000,+1.72241863e-002,+8.27475763e+000,+1.10170140e+001,+2.37572196e+000,+5.30998912e-002,+8.51680260e-004,+3.59701266e-001,-2.47563478e-002,-1.93135541e-001,-2.47563478e-002,-1.93135541e-001,+1.94715726e-001,+1.94715726e-001,                ,                ,                ,                ,                ,                ,+7.48730284e-004,+2.65141028e-003,+2.33757556e-003
+1.15590875e+012,+1.54181014e+000,+1.64265681e-002,+7.95351307e+000,+2.37690869e+000,+5.06532986e-002,+1.54108056e+000,+1.74319233e-002,+8.44613501e+000,+7.40804575e+000,+2.37462541e+000,+5.37279961e-002,+1.45729815e-003,+7.33022242e-001,-1.15557426e-001,-1.56231632e-001,-1.15557426e-001,-1.56231632e-001,+1.94324063e-001,+1.94324063e-001,                ,                ,                ,                ,                ,                ,+1.51287985e-003,+4.54437250e-003,+4.71374647e-003
+1.16570459e+012,+1.53734263e+000,+1.80216760e-002,+8.79978971e+000,+2.36309757e+000,+5.54109816e-002,+1.53991716e+000,+1.83090997e-002,+8.94632472e+000,+1.93623609e+000,+2.37100964e+000,+5.63889937e-002,+4.59876646e-003,+2.32296738e+000,-9.86535636e-002,-1.31195823e-001,-9.86535635e-002,-1.31195823e-001,+1.64148925e-001,+1.64148925e-001,                ,                ,                ,                ,                ,                ,+4.75406859e-003,+1.43375242e-002,+1.48101422e-002
+1.17550043e+012,+1.53891459e+000,+1.98581077e-002,+9.77798264e+000,+2.36786378e+000,+6.11198635e-002,+1.53874416e+000,+1.91682477e-002,+9.44483475e+000,+9.94692972e+000,+2.36736616e+000,+5.89900582e-002,+1.13020765e-003,+5.73616426e-001,-1.27638149e-001,-4.37692224e-002,-1.27638149e-001,-4.37692224e-002,+1.34934213e-001,+1.34934213e-001,                ,                ,                ,                ,                ,                ,+1.16415184e-003,+3.52283034e-003,+3.62599188e-003
+1.18529626e+012,+1.53741411e+000,+2.07350128e-002,+1.02948455e+001,+2.36321220e+000,+6.37566023e-002,+1.53756635e+000,+2.00183813e-002,+9.94592165e+000,+1.19349167e+001,+2.36370955e+000,+6.15591791e-002,+8.56512318e-004,+4.09984829e-001,-1.21614776e-001,-4.53093573e-003,-1.21614776e-001,-4.53093574e-003,+1.21699150e-001,+1.21699150e-001,                ,                ,                ,                ,                ,                ,+8.25185733e-004,+2.66692681e-003,+2.57184762e-003
+1.19509210e+012,+1.53638855e+000,+2.08685150e-002,+1.04467579e+001,+2.36005428e+000,+6.41242949e-002,+1.53638855e+000,+2.08685150e-002,+1.04539900e+001,+1.13578083e+001,+2.36005428e+000,+6.41242949e-002,+8.67628627e-004,+4.47838422e-001,-1.12759817e-001,+3.50156040e-002,-1.12759817e-001,+3.50156040e-002,+1.18071456e-001,+1.18071456e-001,                ,                ,                ,                ,                ,                ,+8.93986198e-004,+2.70334170e-003,+2.78323256e-003
+1.20488794e+012,+1.53799175e+000,+2.12535862e-002,+1.07267334e+001,+2.36496692e+000,+6.53756807e-002,+1.53799175e+000,+2.12535862e-002,+1.07341593e+001,+8.78852908e+000,+2.36496692e+000,+6.53756807e-002,+1.31454532e-003,+6.67115200e-001,-6.90969512e-002,+8.76529621e-002,-6.90969512e-002,+8.76529621e-002,+1.11612860e-001,+1.11612860e-001,                ,                ,                ,                ,                ,                ,+1.32088503e-003,+4.09966680e-003,+4.11889818e-003
+1.21468377e+012,+1.53883687e+000,+2.59292723e-002,+1.31929576e+001,+2.36734657e+000,+7.98018401e-002,+1.53883687e+000,+2.59292723e-002,+1.32020909e+001,+9.24327231e+000,+2.36734657e+000,+7.98018401e-002,+1.85124152e-003,+8.47361661e-001,-9.54576302e-003,+6.74530099e-002,-9.54576302e-003,+6.74530099e-002,+6.81251065e-002,+6.81251065e-002,                ,                ,                ,                ,                ,                ,+1.66424178e-003,+5.78382254e-003,+5.21799589e-003
+1.22447961e+012,+1.53911583e+000,+2.70267567e-002,+1.38622619e+001,+2.36814710e+000,+8.31946183e-002,+1.54039559e+000,+2.63752395e-002,+1.35374583e+001,+9.58732652e+000,+2.37212293e+000,+8.12566055e-002,+1.84261346e-003,+8.84403062e-001,+1.93165548e-002,+5.63640898e-002,+1.93165548e-002,+5.63640898e-002,+5.95822113e-002,+5.95822113e-002,                ,                ,                ,                ,                ,                ,+1.72309618e-003,+5.76760147e-003,+5.40569826e-003
+1.23427545e+012,+1.54195432e+000,+2.68212068e-002,+1.38668882e+001,+2.37690376e+000,+8.27141515e-002,+1.54237805e+000,+2.52964271e-002,+1.30876127e+001,+9.19020589e+000,+2.37829014e+000,+7.80333078e-002,+1.97827739e-003,+1.04087028e+000,+5.20931959e-002,+2.87574170e-002,+5.20931959e-002,+2.87574170e-002,+5.95036981e-002,+5.95036981e-002,                ,                ,                ,                ,                ,                ,+2.01184888e-003,+6.20428842e-003,+6.30614980e-003
+1.24407128e+012,+1.54436051e+000,+2.42176146e-002,+1.26201710e+001,+2.38446288e+000,+7.48014552e-002,+1.54431471e+000,+2.33863470e-002,+1.21954215e+001,+1.10930666e+001,+2.38436101e+000,+7.22317595e-002,+1.24487593e-003,+5.53141429e-001,+7.49424919e-002,-1.45470804e-002,+7.49424919e-002,-1.45470804e-002,+7.63413037e-002,+7.63413037e-002,                ,                ,                ,                ,                ,                ,+1.06072245e-003,+3.89457328e-003,+3.33440477e-003
+1.25386712e+012,+1.54640704e+000,+2.07466406e-002,+1.08965222e+001,+2.39094430e+000,+6.41655021e-002,+1.54622848e+000,+2.10606330e-002,+1.10690945e+001,+1.16645528e+001,+2.39037897e+000,+6.51291012e-002,+8.24146398e-004,+4.40135498e-001,+7.07839250e-002,-8.12494614e-002,+7.07839250e-002,-8.12494614e-002,+1.07758243e-001,+1.07758243e-001,                ,                ,                ,                ,                ,                ,+8.37424613e-004,+2.58391065e-003,+2.62441366e-003
+1.26366296e+012,+1.54814225e+000,+1.87349191e-002,+9.91680300e+000,+2.39639342e+000,+5.80086395e-002,+1.54814225e+000,+1.87349191e-002,+9.92366826e+000,+1.10696967e+001,+2.39639342e+000,+5.80086395e-002,+9.27221586e-004,+3.57907719e-001,+1.10083312e-002,-1.30605970e-001,+1.10083312e-002,-1.30605970e-001,+1.31069076e-001,+1.31069076e-001,                ,                ,                ,                ,                ,                ,+6.75694912e-004,+2.89626000e-003,+2.12688652e-003
+1.27345879e+012,+1.54752390e+000,+1.86472665e-002,+9.94692135e+000,+2.39448250e+000,+5.77141811e-002,+1.54699161e+000,+1.80580103e-002,+9.63926577e+000,+1.12537939e+001,+2.39285696e+000,+5.58711810e-002,+8.39172582e-004,+4.00081297e-001,-3.84814383e-002,-1.24480234e-001,-3.84814383e-002,-1.24480234e-001,+1.30292554e-001,+1.30292554e-001,                ,                ,                ,                ,                ,                ,+7.49504409e-004,+2.62345501e-003,+2.34926164e-003
+1.28325463e+012,+1.54577358e+000,+1.73615486e-002,+9.33232621e+000,+2.38911455e+000,+5.36740466e-002,+1.54582224e+000,+1.74198841e-002,+9.37016550e+000,+1.12996273e+001,+2.38926295e+000,+5.38560885e-002,+7.63801289e-004,+4.20345178e-001,-7.84244971e-002,-1.24783833e-001,-7.84244971e-002,-1.24783833e-001,+1.47381840e-001,+1.47381840e-001,                ,                ,                ,                ,                ,                ,+7.81455168e-004,+2.38862776e-003,+2.44259222e-003
+1.29305047e+012,+1.54470168e+000,+1.63452679e-002,+8.85311545e+000,+2.38583612e+000,+5.04971256e-002,+1.54467544e+000,+1.68747013e-002,+9.14620076e+000,+1.07983756e+001,+2.38573745e+000,+5.21318730e-002,+8.27219770e-004,+4.45092375e-001,-1.26379460e-001,-1.01736542e-001,-1.26379460e-001,-1.01736542e-001,+1.62240846e-001,+1.62240846e-001,                ,                ,                ,                ,                ,                ,+8.21193527e-004,+2.58328691e-003,+2.56487311e-003
+1.30284631e+012,+1.54334171e+000,+1.57520920e-002,+8.59646769e+000,+2.38165550e+000,+4.86217212e-002,+1.54355588e+000,+1.64127662e-002,+8.96322152e+000,+1.09786743e+001,+2.38229536e+000,+5.06680434e-002,+7.65164865e-004,+4.39229121e-001,-1.58691346e-001,-6.32291302e-002,-1.58691346e-001,-6.32291302e-002,+1.70824080e-001,+1.70824080e-001,                ,                ,                ,                ,                ,                ,+8.04282797e-004,+2.38855046e-003,+2.50802782e-003
+1.31264214e+012,+1.54214656e+000,+1.52227389e-002,+8.37004421e+000,+2.37798427e+000,+4.69513889e-002,+1.54243631e+000,+1.59508312e-002,+8.77644878e+000,+1.07897723e+001,+2.37885536e+000,+4.92062825e-002,+8.52878629e-004,+3.93162705e-001,-1.78399249e-001,-1.15479457e-002,-1.78399249e-001,-1.15479458e-002,+1.78772613e-001,+1.78772613e-001,                ,                ,                ,                ,                ,                ,+7.14556889e-004,+2.65381749e-003,+2.23152524e-003
+1.32243798e+012,+1.54094202e+000,+1.50634463e-002,+8.34426843e+000,+2.37427542e+000,+4.64237950e-002,+1.54134400e+000,+1.55721439e-002,+8.63202884e+000,+1.01508194e+001,+2.37549884e+000,+4.80040612e-002,+9.85087978e-004,+3.81943614e-001,-1.74280077e-001,+4.39122256e-002,-1.74280077e-001,+4.39122255e-002,+1.79727095e-001,+1.79727095e-001,                ,                ,                ,                ,                ,                ,+6.89024682e-004,+3.05817808e-003,+2.15472798e-003
+1.33223382e+012,+1.54006849e+000,+1.49865337e-002,+8.36315712e+000,+2.37158635e+000,+4.61605765e-002,+1.54040561e+000,+1.54892598e-002,+8.64968473e+000,+1.04615466e+001,+2.37260954e+000,+4.77194855e-002,+8.19628035e-004,+4.57769729e-001,-1.48470419e-001,+1.00113858e-001,-1.48470419e-001,+1.00113857e-001,+1.79070516e-001,+1.79070516e-001,                ,                ,                ,                ,                ,                ,+8.19742509e-004,+2.55051366e-003,+2.55086279e-003
+1.34202965e+012,+1.53968225e+000,+1.57385264e-002,+8.84738216e+000,+2.37037373e+000,+4.84646594e-002,+1.53982743e+000,+1.67040518e-002,+9.39665111e+000,+1.04502467e+001,+2.37078950e+000,+5.14427145e-002,+8.64677632e-004,+4.35817657e-001,-8.87773775e-002,+1.36153324e-001,-8.87773775e-002,+1.36153324e-001,+1.62539688e-001,+1.62539688e-001,                ,                ,                ,                ,                ,                ,+7.74735664e-004,+2.68879113e-003,+2.41480570e-003
+1.35182549e+012,+1.53917466e+000,+1.73512331e-002,+9.82515894e+000,+2.36875756e+000,+5.34131565e-002,+1.53924925e+000,+1.79188439e-002,+1.01535936e+001,+1.00848237e+001,+2.36896718e+000,+5.51631341e-002,+9.11477301e-004,+5.00206223e-001,-2.55835246e-002,+1.31189424e-001,-2.55835246e-002,+1.31189424e-001,+1.33660696e-001,+1.33660696e-001,                ,                ,                ,                ,                ,                ,+8.82753195e-004,+2.83761734e-003,+2.75021963e-003
+1.36162133e+012,+1.53870837e+000,+1.94174413e-002,+1.10748271e+001,+2.36724642e+000,+5.97555590e-002,+1.53843866e+000,+2.01163623e-002,+1.14814028e+001,+1.02647760e+001,+2.36638886e+000,+6.18955790e-002,+9.94497627e-004,+5.42837695e-001,+2.03161052e-002,+1.02089228e-001,+2.03161052e-002,+1.02089228e-001,+1.04091088e-001,+1.04091088e-001,                ,                ,                ,                ,                ,                ,+9.51096299e-004,+3.09821240e-003,+2.96641799e-003
+1.37141716e+012,+1.53762807e+000,+2.23138807e-002,+1.28183845e+001,+2.36380219e+000,+6.86208987e-002,+1.53762807e+000,+2.23138807e-002,+1.28272585e+001,+9.90593263e+000,+2.36380219e+000,+6.86208987e-002,+1.25743979e-003,+6.93209541e-001,+3.61076446e-002,+6.39505737e-002,+3.61076446e-002,+6.39505737e-002,+7.34400291e-002,+7.34400291e-002,                ,                ,                ,                ,                ,                ,+1.20588471e-003,+3.92076538e-003,+3.76452111e-003
+1.38121300e+012,+1.53639609e+000,+2.20579589e-002,+1.27618780e+001,+2.36002640e+000,+6.77795238e-002,+1.53639609e+000,+2.20579589e-002,+1.27707129e+001,+9.52026396e+000,+2.36002640e+000,+6.77795238e-002,+1.28473931e-003,+7.46245297e-001,+5.39414663e-002,+5.10783843e-002,+5.39414663e-002,+5.10783843e-002,+7.42878397e-002,+7.42878397e-002,                ,                ,                ,                ,                ,                ,+1.28893729e-003,+4.00459955e-003,+4.01731389e-003
+1.39100884e+012,+1.53988964e+000,+2.12872000e-002,+1.24032940e+001,+2.37080697e+000,+6.55598776e-002,+1.53997241e+000,+2.15041808e-002,+1.25383952e+001,+9.71607097e+000,+2.37105260e+000,+6.62316903e-002,+1.27934346e-003,+6.55398268e-001,+7.94565157e-002,-7.13930310e-003,+7.94565157e-002,-7.13930309e-003,+7.97766102e-002,+7.97766102e-002,                ,                ,                ,                ,                ,                ,+1.12405158e-003,+3.98865089e-003,+3.51703930e-003
+1.40080467e+012,+1.54354873e+000,+2.09504027e-002,+1.22930194e+001,+2.38210376e+000,+6.46759349e-002,+1.54354873e+000,+2.09504027e-002,+1.23015297e+001,+8.17298536e+000,+2.38210376e+000,+6.46759349e-002,+1.52277867e-003,+9.02336733e-001,+4.65849042e-002,-6.68927072e-002,+4.65849041e-002,-6.68927072e-002,+8.15155665e-002,+8.15155665e-002,                ,                ,                ,                ,                ,                ,+1.53674530e-003,+4.76535702e-003,+4.80788816e-003
