,freq,E1 ellipticity angle,E2 ellipticity angle
0,75000000000.0,0.33526051951411123,-0.3352605195141113
1,75025000000.0,0.3348841221554619,-0.33488412215546237
2,75050000000.0,0.33452858877696784,-0.33452858877696795
3,75075000000.0,0.3341939682623176,-0.33419396826231784
4,75100000000.0,0.33388027728522596,-0.33388027728522623
5,75125000000.0,0.3335875006921061,-0.3335875006921061
6,75150000000.0,0.33331559191883925,-0.3333155919188392
7,75175000000.0,0.33306447347922674,-0.33306447347922724
8,75200000000.0,0.33283403749352725,-0.33283403749352725
9,75225000000.0,0.33262414629363635,-0.3326241462936363
10,75250000000.0,0.332434633060124,-0.3324346330601241
11,75275000000.0,0.332265302510235,-0.3322653025102352
12,75300000000.0,0.3321159316436513,-0.3321159316436515
13,75325000000.0,0.33198627053565993,-0.33198627053566
14,75350000000.0,0.3318760431522723,-0.33187604315227226
15,75375000000.0,0.3317849482327184,-0.33178494823271854
16,75400000000.0,0.33171266019556056,-0.3317126601955608
17,75425000000.0,0.3316588300854126,-0.3316588300854126
18,75450000000.0,0.3316230865523878,-0.33162308655238804
19,75475000000.0,0.33160503686134085,-0.33160503686134085
20,75500000000.0,0.3316042679435587,-0.3316042679435587
21,75525000000.0,0.33162034745098085,-0.33162034745098073
22,75550000000.0,0.3316528248551025,-0.3316528248551026
23,75575000000.0,0.3317012325546524,-0.3317012325546524
24,75600000000.0,0.3317650870124527,-0.33176508701245294
25,75625000000.0,0.33184388989966285,-0.33184388989966296
26,75650000000.0,0.3319371292490505,-0.33193712924905044
27,75675000000.0,0.3320442806363022,-0.3320442806363023
28,75700000000.0,0.3321648083420169,-0.3321648083420169
29,75725000000.0,0.3322981665497874,-0.3322981665497872
30,75750000000.0,0.3324438005167118,-0.3324438005167118
31,75775000000.0,0.3326011477587275,-0.33260114775872746
32,75800000000.0,0.33276963922886404,-0.33276963922886416
33,75825000000.0,0.33294870049220193,-0.3329487004922017
34,75850000000.0,0.3331377528858724,-0.33313775288587244
35,75875000000.0,0.33333621466674396,-0.33333621466674423
36,75900000000.0,0.33354350215073025,-0.3335435021507302
37,75925000000.0,0.3337590308289249,-0.3337590308289246
38,75950000000.0,0.3339822164721317,-0.3339822164721317
39,75975000000.0,0.3342124761960643,-0.33421247619606465
40,76000000000.0,0.33444922953068484,-0.3344492295306851
41,76025000000.0,0.3346918994343951,-0.33469189943439503
42,76050000000.0,0.33493991330097106,-0.3349399133009713
43,76075000000.0,0.33519270391705813,-0.33519270391705797
44,76100000000.0,0.3354497104085402,-0.33544971040854044
45,76125000000.0,0.3357103791402126,-0.33571037914021284
46,76150000000.0,0.33597416457945517,-0.33597416457945506
47,76175000000.0,0.3362405301303281,-0.3362405301303282
48,76200000000.0,0.3365089489232608,-0.3365089489232606
49,76225000000.0,0.33677890456865,-0.3367789045686503
50,76250000000.0,0.3370498918773718,-0.3370498918773717
51,76275000000.0,0.337321417520519,-0.337321417520519
52,76300000000.0,0.33759300068058945,-0.3375930006805895
53,76325000000.0,0.33786417362516097,-0.33786417362516097
54,76350000000.0,0.338134482268125,-0.33813448226812515
55,76375000000.0,0.33840348666551834,-0.3384034866655182
56,76400000000.0,0.3386707614993464,-0.3386707614993465
57,76425000000.0,0.33893589648559486,-0.33893589648559486
58,76450000000.0,0.33919849676014313,-0.33919849676014324
59,76475000000.0,0.3394581832360327,-0.3394581832360328
60,76500000000.0,0.33971459288570893,-0.3397145928857088
61,76525000000.0,0.3399673790243422,-0.3399673790243425
62,76550000000.0,0.3402162115228592,-0.3402162115228592
63,76575000000.0,0.3404607770005179,-0.340460777000518
64,76600000000.0,0.3407007789824086,-0.3407007789824087
65,76625000000.0,0.3409359380045428,-0.34093593800454264
66,76650000000.0,0.3411659917141196,-0.34116599171411965
67,76675000000.0,0.34139069490409363,-0.34139069490409385
68,76700000000.0,0.34160981954222036,-0.34160981954222047
69,76725000000.0,0.3418231547558507,-0.34182315475585073
70,76750000000.0,0.3420305067989045,-0.34203050679890473
71,76775000000.0,0.3422316989728182,-0.34223169897281835
72,76800000000.0,0.34242657154602774,-0.3424265715460278
73,76825000000.0,0.3426149816272551,-0.3426149816272549
74,76850000000.0,0.342796803026496,-0.34279680302649623
75,76875000000.0,0.3432152460578567,-0.34275040477152074
76,76900000000.0,0.34366672692969874,-0.34266081841464024
77,76925000000.0,0.3441157099420224,-0.3425602456844759
78,76950000000.0,0.3445617783065698,-0.34244895608781534
79,76975000000.0,0.34500451774379864,-0.3423272473237128
80,77000000000.0,0.3454435173827445,-0.3421954438680245
81,77025000000.0,0.34587837071791333,-0.3420538954995885
82,77050000000.0,0.3463086765470159,-0.34190297578127893
83,77075000000.0,0.34673404000208924,-0.3417430804554236
84,77100000000.0,0.3471540735492552,-0.34157462582266696
85,77125000000.0,0.34756839803214773,-0.3413980470510338
86,77150000000.0,0.3479766437269042,-0.3412137964719814
87,77175000000.0,0.34837845140306806,-0.3410223418230577
88,77200000000.0,0.3487734733719846,-0.34082416449249564
89,77225000000.0,0.3491613745446858,-0.34061975776069525
90,77250000000.0,0.34954183346505824,-0.3404096249757711
91,77275000000.0,0.349914543325153,-0.34019427780737427
92,77300000000.0,0.3502792129631001,-0.33997423444401853
93,77325000000.0,0.35063556781017857,-0.3397500178471049
94,77350000000.0,0.35098335081925014,-0.3395221539820922
95,77375000000.0,0.3513223233255537,-0.3392911701201118
96,77400000000.0,0.3516522658787525,-0.339057593126546
97,77425000000.0,0.35197297900095037,-0.3388219478268264
98,77450000000.0,0.3522842838933982,-0.3385847553709438
99,77475000000.0,0.35258602306201453,-0.33834653167100437
100,77500000000.0,0.3528780608831649,-0.3381077858901411
101,77525000000.0,0.3531602840951049,-0.33786901897502497
102,77550000000.0,0.35343260219139355,-0.3376307222344565
103,77575000000.0,0.3536949477576575,-0.33739337600444275
104,77600000000.0,0.35394727669374176,-0.33715744837437894
105,77625000000.0,0.35418956838167315,-0.3369233939441766
106,77650000000.0,0.35442182574245906,-0.3366916526943202
107,77675000000.0,0.3546440751945929,-0.33646264890797967
108,77700000000.0,0.354856366554029,-0.3362367901557292
109,77725000000.0,0.3550587728241808,-0.3360144663698197
110,77750000000.0,0.3552513898951674,-0.33579604898666504
111,77775000000.0,0.3554343361720918,-0.3355818901548523
112,77800000000.0,0.3556077521026422,-0.33537232204038375
113,77825000000.0,0.3557717996269763,-0.33516765617823646
114,77850000000.0,0.3559266615610679,-0.3349681829319827
115,77875000000.0,0.356072540879978,-0.3347741709937879
116,77900000000.0,0.3562096599649069,-0.33458586697969533
117,77925000000.0,0.35633825972913014,-0.33440349511354894
118,77950000000.0,0.35645859874660357,-0.3342272569332444
119,77975000000.0,0.35657095227105584,-0.3340573311217711
120,78000000000.0,0.3566756112176464,-0.3338938733779468
121,78025000000.0,0.35677288111158245,-0.3337370163568413
122,78050000000.0,0.35686308096696934,-0.33358686970145196
123,78075000000.0,0.35694654216953975,-0.3334435200979595
124,78100000000.0,0.3570236072619736,-0.3333070314491069
125,78125000000.0,0.35709462878207093,-0.3331774450459036
126,78150000000.0,0.35715996802088223,-0.3330547798548981
127,78175000000.0,0.35721999379306996,-0.332939032836228
128,78200000000.0,0.357275081189846,-0.3328301793187196
129,78225000000.0,0.35732561032590254,-0.3327281734294948
130,78250000000.0,0.3573719650998931,-0.3326329485888013
131,78275000000.0,0.35741453193833406,-0.33254441803724116
132,78300000000.0,0.3574536985634704,-0.3324624754166423
133,78325000000.0,0.357489852777109,-0.33238699540777644
134,78350000000.0,0.3575233812595927,-0.33231783437816553
135,78375000000.0,0.35755466836881156,-0.33225483112310944
136,78400000000.0,0.3575840950149319,-0.3321978076005776
137,78425000000.0,0.3576120375117027,-0.3321465697141679
138,78450000000.0,0.357638866481286,-0.3321009081466746
139,78475000000.0,0.357664945816633,-0.33206059920931874
140,78500000000.0,0.35769063162182485,-0.3320254057326119
141,78525000000.0,0.35771627125564975,-0.3319950779690842
142,78550000000.0,0.3577422023660248,-0.33196935453766974
143,78575000000.0,0.35776875200711333,-0.33194796339097965
144,78600000000.0,0.3577962357677999,-0.33193062277788576
145,78625000000.0,0.35782495695053795,-0.3319170422745328
146,78650000000.0,0.35785520583386143,-0.33190692377897335
147,78675000000.0,0.35788725890438244,-0.33189996255291676
148,78700000000.0,0.3579213782293001,-0.3318958482636265
149,78725000000.0,0.3579578108076743,-0.3318942660309579
150,78750000000.0,0.3579967879915456,-0.3318948974961382
151,78775000000.0,0.3580385249609519,-0.3318974218709417
152,78800000000.0,0.35808322023996614,-0.3319015170265352
153,78825000000.0,0.3581310552751931,-0.33190686052351054
154,78850000000.0,0.3581821940421414,-0.3319131306954828
155,78875000000.0,0.3582367827054851,-0.3319200076926039
156,78900000000.0,0.35829494933577366,-0.33192717453555387
157,78925000000.0,0.3583568036759825,-0.33193431812650687
158,78950000000.0,0.3584224369371083,-0.3319411302900448
159,78975000000.0,0.35849192166244137,-0.3319473087644121
160,79000000000.0,0.3585653116312058,-0.33195255817495856
161,79025000000.0,0.3586426417949799,-0.3319565909996651
162,79050000000.0,0.3587239282807827,-0.33195912849085357
163,79075000000.0,0.35880916843622584,-0.33195990160265476
164,79100000000.0,0.3588983408936607,-0.3319586518414168
165,79125000000.0,0.35899140574793664,-0.3319551321016768
166,79150000000.0,0.35908830467338926,-0.3319491074941885
167,79175000000.0,0.359188961196102,-0.3319403560871676
168,79200000000.0,0.3592932809308069,-0.3319286696432107
169,79225000000.0,0.3594011519078323,-0.3319138542855455
170,79250000000.0,0.35951244491020895,-0.33189573115683224
171,79275000000.0,0.3596270138811868,-0.3318741369790232
172,79300000000.0,0.359744696362019,-0.3318489246128163
173,79325000000.0,0.3598653139788683,-0.33181996352957993
174,79350000000.0,0.35998867295046794,-0.3317871402457257
175,79375000000.0,0.3601145646699958,-0.33175035870932923
176,79400000000.0,0.3602427663033059,-0.33170954062028657
177,79425000000.0,0.36037304142577403,-0.33166462567958854
178,79450000000.0,0.3605051407266147,-0.3316155718124636
179,79475000000.0,0.3606388027081803,-0.33156235532374945
180,79500000000.0,0.3607737544572053,-0.33150497095859655
181,79525000000.0,0.3609097124294043,-0.33144343196333076
182,79550000000.0,0.36104638328803146,-0.3313777700322061
183,79575000000.0,0.3611834647604239,-0.33130803522848823
184,79600000000.0,0.36132064652729606,-0.331234295832101
185,79625000000.0,0.3614576111353053,-0.3311566381392883
186,79650000000.0,0.3615940349688787,-0.33107516619001537
187,79675000000.0,0.36172958920123854,-0.33099000145131996
188,79700000000.0,0.36186394080796375,-0.33090128243616584
189,79725000000.0,0.3619967535533922,-0.3308091642857049
190,79750000000.0,0.3621276890633125,-0.33071381828033336
191,79775000000.0,0.36225640784963786,-0.33061543130881266
192,79800000000.0,0.36238257037739524,-0.33051420529359193
193,79825000000.0,0.36250583812134085,-0.3304103565667148
194,79850000000.0,0.3626258746731392,-0.3303041152004433
195,79875000000.0,0.36274234677275613,-0.33019572431244915
196,79900000000.0,0.3628549254248509,-0.3300854393034691
197,79925000000.0,0.36296328693372965,-0.3299735271078329
198,79950000000.0,0.3630671139884717,-0.3298602653529737
199,79975000000.0,0.3631660966956127,-0.32974594154927456
200,80000000000.0,0.3632599336149599,-0.32963085221127414
201,80025000000.0,0.3633483327672966,-0.32951530198994305
202,80050000000.0,0.36343101261150457,-0.32939960275860924
203,80075000000.0,0.3635077030100513,-0.3292840726973867
204,80100000000.0,0.3635781461458417,-0.3291690353755776
205,80125000000.0,0.3636420974093263,-0.32905481880018617
206,80150000000.0,0.3636993262465371,-0.32894175448806295
207,80175000000.0,0.363749616948152,-0.3288301765145327
208,80200000000.0,0.36379276942736427,-0.32872042056620454
209,80225000000.0,0.36382859988950556,-0.32861282301828953
210,80250000000.0,0.36385694151163106,-0.32850771998168515
211,80275000000.0,0.3638776450275194,-0.3284054463997326
212,80300000000.0,0.36389057924686924,-0.32830633512476737
213,80325000000.0,0.36389563154102383,-0.32821071604254065
214,80350000000.0,0.36389270824313885,-0.32811891518828273
215,80375000000.0,0.3638817349984526,-0.3280312538789174
216,80400000000.0,0.36386265702678405,-0.3279480479028842
217,80425000000.0,0.3638354393369858,-0.3278696067047228
218,80450000000.0,0.3638000668696749,-0.3277962325975179
219,80475000000.0,0.36375654454849427,-0.32772822001510094
220,80500000000.0,0.3637048972975991,-0.327665854795122
221,80525000000.0,0.36364516996022084,-0.3276094134750683
222,80550000000.0,0.36357742716659447,-0.3275591626493541
223,80575000000.0,0.36350175312207555,-0.3275153583263566
224,80600000000.0,0.36341825134058325,-0.3274782453585434
225,80625000000.0,0.36332704430908036,-0.3274480568627813
226,80650000000.0,0.36322827308307637,-0.3274250137308263
227,80675000000.0,0.36312209683535435,-0.3274093241250218
228,80700000000.0,0.3630086923288445,-0.32740118304576976
229,80725000000.0,0.3628882533674934,-0.327400771920079
230,80750000000.0,0.36276099015841023,-0.3274082582341302
231,80775000000.0,0.36262712864206087,-0.32742379520231535
232,80800000000.0,0.362486909792614,-0.3274475214739363
233,80825000000.0,0.36234058884452636,-0.3274795608753419
234,80850000000.0,0.3621884345186494,-0.3275200221890493
235,80875000000.0,0.36203072818024984,-0.327568998981272
236,80900000000.0,0.36186776300777396,-0.3276265694442382
237,80925000000.0,0.3616998430915868,-0.32769279629053416
238,80950000000.0,0.3615272825440892,-0.3277677266860496
239,80975000000.0,0.3613504045873036,-0.3278513922009964
240,81000000000.0,0.3611695406120345,-0.3279438088165445
241,81025000000.0,0.36098502924781295,-0.32804497693663626
242,81050000000.0,0.36079721541700926,-0.3281548814700309
243,81075000000.0,0.3606064493793954,-0.3282734919080162
244,81100000000.0,0.36041308581560655,-0.3284007624562988
245,81125000000.0,0.3602174828471616,-0.32853663218889934
246,81150000000.0,0.36002000114784566,-0.3286810252393325
247,81175000000.0,0.35982100300733877,-0.32883385100063967
248,81200000000.0,0.35962085143023836,-0.32899500438202345
249,81225000000.0,0.3594199092490922,-0.3291643660787959
250,81250000000.0,0.3592185382784556,-0.32934180285171544
251,81275000000.0,0.3590170984467759,-0.32952716786791825
252,81300000000.0,0.3588159470089907,-0.32972030103053684
253,81325000000.0,0.35861543773504195,-0.32992102936617246
254,81350000000.0,0.35841592015067997,-0.33012916740319853
255,81375000000.0,0.35821773882401925,-0.33034451758943945
256,81400000000.0,0.3580212326434121,-0.33056687073328717
257,81425000000.0,0.3578267341753189,-0.3307960064537251
258,81450000000.0,0.3576345689916224,-0.33103169366752816
259,81475000000.0,0.3574450551101229,-0.3312736910630434
260,81500000000.0,0.35725850240148427,-0.33152174763208464
261,81525000000.0,0.3570752120676256,-0.33177560319594773
262,81550000000.0,0.35689547613922173,-0.33203498893964
263,81575000000.0,0.35671957701836116,-0.3322996279728788
264,81600000000.0,0.35654778704419837,-0.3325692359170901
265,81625000000.0,0.35638036811805474,-0.33284352147890545
266,81650000000.0,0.35621757130964105,-0.3331221870478053
267,81675000000.0,0.35605963657330425,-0.3334049293088866
268,81700000000.0,0.3559067924204825,-0.3336914398721934
269,81725000000.0,0.3557592556842531,-0.3339814058740362
270,81750000000.0,0.35561723127535744,-0.33427451064251734
271,81775000000.0,0.35548091199687676,-0.33457043431800765
272,81800000000.0,0.35535047836148964,-0.3348688545064945
273,81825000000.0,0.355226098472571,-0.3351694469397292
274,81850000000.0,0.355107927904891,-0.3354718861102784
275,81875000000.0,0.3549961096231998,-0.3357758459473343
276,81900000000.0,0.35489077392818436,-0.33608100045848555
277,81925000000.0,0.3547920384263053,-0.3363870243963745
278,81950000000.0,0.354700008026176,-0.3366935938935476
279,81975000000.0,0.35461477496339044,-0.337000387131323
280,82000000000.0,0.3545364188261094,-0.33730708497363976
281,82025000000.0,0.3544650066431254,-0.3376133716019522
282,82050000000.0,0.3544005929490524,-0.3379189351460501
283,82075000000.0,0.3543432199050036,-0.3382234683054305
284,82100000000.0,0.35429291741714375,-0.33852666895360545
285,82125000000.0,0.3542497032822061,-0.338828240737997
286,82150000000.0,0.35421358334835823,-0.3391278936548585
287,82175000000.0,0.35418455170803587,-0.33942534462306495
288,82200000000.0,0.35416259088611785,-0.3397203180199468
289,82225000000.0,0.35414767204607234,-0.34001254622751925
290,82250000000.0,0.35413975524099517,-0.34030177012846197
291,82275000000.0,0.35413878963272966,-0.340587739604494
292,82300000000.0,0.3541447137700954,-0.3408702140000831
293,82325000000.0,0.35415745585715663,-0.34114896255140925
294,82350000000.0,0.35417693402700606,-0.3414237648361034
295,82375000000.0,0.3542030566594868,-0.3416944111193653
296,82400000000.0,0.3542357226854862,-0.34196070275195456
297,82425000000.0,0.3542748219064374,-0.3422224524853071
298,82450000000.0,0.3543202353368713,-0.34247948477218654
299,82475000000.0,0.3543718355444685,-0.34273163606429013
300,82500000000.0,0.354429487013779,-0.3429787550244024
301,82525000000.0,0.3544930465095382,-0.3432207027474876
302,82550000000.0,0.35456236345971004,-0.34345735293748253
303,82575000000.0,0.3546372803329388,-0.3436885920481964
304,82600000000.0,0.35471763304557646,-0.3439143193940803
305,82625000000.0,0.354803251362085,-0.3441344472243609
306,82650000000.0,0.3548939593113229,-0.34434890074713564
307,82675000000.0,0.3549895755936382,-0.34455761816305863
308,82700000000.0,0.355089914018996,-0.344760550618869
309,82725000000.0,0.35519478394690956,-0.3449576621425366
310,82750000000.0,0.3553039907200616,-0.34514892954192494
311,82775000000.0,0.35541733608512066,-0.3453343422973635
312,82800000000.0,0.3555346186957302,-0.34551390236509205
313,82825000000.0,0.3556556345135743,-0.3456876240012651
314,82850000000.0,0.3557801772851893,-0.345855533534779
315,82875000000.0,0.35590803900469,-0.34601766908908665
316,82900000000.0,0.3560390103724863,-0.3461740803064779
317,82925000000.0,0.3561728812449412,-0.346324828028341
318,82950000000.0,0.3563094411041137,-0.34646998395466755
319,82975000000.0,0.3564484795219151,-0.3466096302531809
320,83000000000.0,0.3565897865946284,-0.3467438591874905
321,83025000000.0,0.35673315343351847,-0.3468727726641776
322,83050000000.0,0.35687837257719573,-0.34699648182477394
323,83075000000.0,0.3570252384602907,-0.34711510655445266
324,83100000000.0,0.35717354784803734,-0.3472287750199109
325,83125000000.0,0.35732310025735686,-0.347337623147421
326,83150000000.0,0.3574736983962323,-0.3474417941362851
327,83175000000.0,0.3576251485643974,-0.3475414378965433
328,83200000000.0,0.3577772610663674,-0.3476367105371214
329,83225000000.0,0.35792985059557086,-0.3477277738028885
330,83250000000.0,0.35808273662216605,-0.34781479450780806
331,83275000000.0,0.3582357437463484,-0.3478979439920076
332,83300000000.0,0.3583887020616666,-0.34797739753276236
333,83325000000.0,0.3585414474888006,-0.34805333376626624
334,83350000000.0,0.3586938220863831,-0.34812593414034354
335,83375000000.0,0.3588456743553583,-0.3481953823178584
336,83400000000.0,0.35899685952171906,-0.3482618636164872
337,83425000000.0,0.35914723980718005,-0.3483255644407522
338,83450000000.0,0.3592966846505559,-0.34838667172835575
339,83475000000.0,0.35944507095196104,-0.3484453723792043
340,83500000000.0,0.359592283268192,-0.34850185273067125
341,83525000000.0,0.3597382139683928,-0.34855629802466026
342,83550000000.0,0.3598827634241958,-0.34860889187420435
343,83575000000.0,0.3600258401100046,-0.3486598157660001
344,83600000000.0,0.3601673607271745,-0.34870924856224333
345,83625000000.0,0.36030725028633837,-0.3487573660314699
346,83650000000.0,0.36044544216043306,-0.3488043403846957
347,83675000000.0,0.3605818781257997,-0.34885033982645886
348,83700000000.0,0.36071650837456304,-0.34889552815473757
349,83725000000.0,0.36084929148706085,-0.3489400643364123
350,83750000000.0,0.36098019442490703,-0.3489841021350991
351,83775000000.0,0.36110919243137685,-0.3490277897567908
352,83800000000.0,0.36123626897503963,-0.3490712695071939
353,83825000000.0,0.36136141563207336,-0.3491146774781917
354,83850000000.0,0.361484631961885,-0.3491581432571382
355,83875000000.0,0.3616059253338431,-0.34920178967324356
356,83900000000.0,0.36172531078983455,-0.34924573252670843
357,83925000000.0,0.36184281080756,-0.349290080413626
358,83950000000.0,0.36195845512234387,-0.3493349344886054
359,83975000000.0,0.3620722804773086,-0.3493803883289403
360,84000000000.0,0.36218433037520725,-0.34942652777289734
361,84025000000.0,0.3622946548033548,-0.34947343082697646
362,84050000000.0,0.3624033099668239,-0.3495211675378151
363,84075000000.0,0.36251035796965353,-0.3495697999527924
364,84100000000.0,0.3626158665245241,-0.3496193820655609
365,84125000000.0,0.36271990860387177,-0.3496699598029889
366,84150000000.0,0.3628225621283774,-0.34972157101158985
367,84175000000.0,0.3629239095965746,-0.34977424552212033
368,84200000000.0,0.3630240377575747,-0.3498280051594759
369,84225000000.0,0.36312303722087547,-0.3498828638456512
370,84250000000.0,0.3632210020983591,-0.34993882769429707
371,84275000000.0,0.3633180296520682,-0.34999589510362694
372,84300000000.0,0.3634142198760745,-0.3500540569300828
373,84325000000.0,0.3635096751460247,-0.3501132966277788
374,84350000000.0,0.36360449983125726,-0.3501735904343737
375,84375000000.0,0.36369879991272075,-0.35023490755583864
376,84400000000.0,0.3637926825917773,-0.35029721039981937
377,84425000000.0,0.3638862559275601,-0.3503604548040537
378,84450000000.0,0.363979628460534,-0.35042459026952566
379,84475000000.0,0.3640729088219639,-0.35048956025693107
380,84500000000.0,0.3641662053940693,-0.3505553024327553
381,84525000000.0,0.36425962593914757,-0.3506217489812719
382,84550000000.0,0.3643532772396911,-0.3506888269084319
383,84575000000.0,0.3644472647674641,-0.35075645835980995
384,84600000000.0,0.36454169235192535,-0.3508245609370111
385,84625000000.0,0.3646366618330013,-0.35089304804793786
386,84650000000.0,0.364732272771604,-0.3509618292570511
387,84675000000.0,0.36482862213499034,-0.3510308106243649
388,84700000000.0,0.3649258040030978,-0.3510998950751466
389,84725000000.0,0.3650239092935093,-0.35116898276793046
390,84750000000.0,0.3651230255029684,-0.3512379714586066
391,84775000000.0,0.36522323644240823,-0.35130675688218105
392,84800000000.0,0.36532462201192817,-0.35137523311440216
393,84825000000.0,0.36542725795791303,-0.35144329297625276
394,84850000000.0,0.3655312156860257,-0.35151082837736025
395,84875000000.0,0.36563656205922207,-0.35157773071787746
396,84900000000.0,0.36574335921394036,-0.3516438912510169
397,84925000000.0,0.3658516644082564,-0.3517092014521195
398,84950000000.0,0.36596152985568586,-0.35177355340489785
399,84975000000.0,0.36607300261605613,-0.3518368401334745
400,85000000000.0,0.36618612447704,-0.35189895597495957
401,85025000000.0,0.3663009318319742,-0.35195979693696766
402,85050000000.0,0.3664174556311179,-0.3520192610124997
403,85075000000.0,0.3665357212835422,-0.3520772485318042
404,85100000000.0,0.3666557486205945,-0.35213366247823596
405,85125000000.0,0.366777551871807,-0.3521884087910058
406,85150000000.0,0.36690113962080456,-0.35224139666749454
407,85175000000.0,0.3670265148213665,-0.3522925388498517
408,85200000000.0,0.36715367479744665,-0.3523417519010735
409,85225000000.0,0.3672826112762287,-0.3523889564593723
410,85250000000.0,0.3674133104324838,-0.3524340774676707
411,85275000000.0,0.3675457529387922,-0.3524770444292886
412,85300000000.0,0.3676799140374859,-0.3525177915926702
413,85325000000.0,0.36781576363151747,-0.35255625817076003
414,85350000000.0,0.3679532663803714,-0.35259238849671604
415,85375000000.0,0.368092381820722,-0.3526261321917386
416,85400000000.0,0.3682330644716111,-0.35265744432300633
417,85425000000.0,0.36837526399737097,-0.35268628551119235
418,85450000000.0,0.3685189253394895,-0.3527126220421007
419,85475000000.0,0.3686639889046461,-0.3527364259410254
420,85500000000.0,0.3688103906967808,-0.35275767508136424
421,85525000000.0,0.368958062547709,-0.35277635318870465
422,85550000000.0,0.36910693228957353,-0.35279244989667946
423,85575000000.0,0.36925692393871856,-0.3528059607616532
424,85600000000.0,0.36940795796557024,-0.35281688723980886
425,85625000000.0,0.3695599514565037,-0.35282523668794247
426,85650000000.0,0.3697128183780969,-0.3528310222977078
427,85675000000.0,0.36986646980945775,-0.35283426305540216
428,85700000000.0,0.37002081418125443,-0.3528349836447967
429,85725000000.0,0.3701757575279309,-0.35283321436853127
430,85750000000.0,0.37033120373607076,-0.3528289910312813
431,85775000000.0,0.37048705481743704,-0.3528223548126275
432,85800000000.0,0.3706432111523064,-0.35281335213108084
433,85825000000.0,0.3707995717812768,-0.3528020344686479
434,85850000000.0,0.3709560346403375,-0.3527884582291219
435,85875000000.0,0.371112496861372,-0.3527726845209559
436,85900000000.0,0.37126885502114076,-0.3527547789917339
437,85925000000.0,0.3714250054248421,-0.35273481158822106
438,85950000000.0,0.3715808443622804,-0.3527128563611954
439,85975000000.0,0.37173626838115365,-0.35268899122463876
440,86000000000.0,0.37189117455145787,-0.35266329772045246
441,86025000000.0,0.37204546073047307,-0.3526358607619339
442,86050000000.0,0.3721990258064241,-0.3526067683938192
443,86075000000.0,0.3723517699680594,-0.35257611151107193
444,86100000000.0,0.3725035949338386,-0.35254398361542116
445,86125000000.0,0.3726544041992023,-0.3525104805302282
446,86150000000.0,0.37280410326643204,-0.352475700124967
447,86175000000.0,0.37295259988192203,-0.352439742041393
448,86200000000.0,0.3730998042287454,-0.3524027074176353
449,86225000000.0,0.3732456291487715,-0.3523646986002519
450,86250000000.0,0.37338999032986997,-0.35232581887996606
451,86275000000.0,0.3735328065066764,-0.35228617219407193
452,86300000000.0,0.37367399961867975,-0.35224586286526666
453,86325000000.0,0.3738134949708298,-0.3522049953314683
454,86350000000.0,0.373951221410327,-0.3521636738565517
455,86375000000.0,0.3740871114289786,-0.35212200229671176
456,86400000000.0,0.3742211013211436,-0.3520800838132916
457,86425000000.0,0.3743531312641008,-0.3520380206456828
458,86450000000.0,0.37448314544462347,-0.35199591383990914
459,86475000000.0,0.3746110921215379,-0.35195386304321913
460,86500000000.0,0.3747369237056267,-0.3519119662493533
461,86525000000.0,0.3748605968182899,-0.35187031959546916
462,86550000000.0,0.37498207231291814,-0.3518290171450186
463,86575000000.0,0.37510131533532365,-0.3517881506873113
464,86600000000.0,0.37521829529573436,-0.35174780956286067
465,86625000000.0,0.37533298589976266,-0.3517080804690712
466,86650000000.0,0.3754453651168458,-0.35166904730394927
467,86675000000.0,0.37555541515129454,-0.3516307910100588
468,86700000000.0,0.37566312239685357,-0.35159338944241414
469,86725000000.0,0.37576847737973257,-0.3515569172304684
470,86750000000.0,0.3758714747031595,-0.3515214456606931
471,86775000000.0,0.37597211293538224,-0.35148704258542074
472,86800000000.0,0.3760703945338412,-0.3514537723261994
473,86825000000.0,0.3761663257363634,-0.3514216955981888
474,86850000000.0,0.37625991643784473,-0.3513908694534994
475,86875000000.0,0.3763511800676223,-0.3513613472191744
476,86900000000.0,0.37644013344055194,-0.3513331784733375
477,86925000000.0,0.37652679661135396,-0.35130640902597726
478,86950000000.0,0.3766111927364742,-0.3512810808874934
479,86975000000.0,0.3766933478801552,-0.35125723228558237
480,87000000000.0,0.3767732908630152,-0.35123489769059735
481,87025000000.0,0.37685105306998073,-0.3512141078167934
482,87050000000.0,0.3769266682852985,-0.3511948896866723
483,87075000000.0,0.37700017248616463,-0.3511772666653516
484,87100000000.0,0.37707160365567083,-0.3511612585270566
485,87125000000.0,0.3771410015896025,-0.35114688153110585
486,87150000000.0,0.37720840769383707,-0.35113414850622077
487,87175000000.0,0.37727386479466707,-0.3511230689311456
488,87200000000.0,0.3773374169240305,-0.35111364905397324
489,87225000000.0,0.3773991091255017,-0.3511058919939726
490,87250000000.0,0.37745898726993776,-0.35109979785080536
491,87275000000.0,0.3775170978291469,-0.3510953638539286
492,87300000000.0,0.3775734877003615,-0.3510925844833889
493,87325000000.0,0.3776282040081197,-0.35109145160791577
494,87350000000.0,0.3776812939243313,-0.3510919546361411
495,87375000000.0,0.3777328044673637,-0.3510940806708112
496,87400000000.0,0.37778278233584134,-0.3510978146653005
497,87425000000.0,0.3778312737364769,-0.35110313957214195
498,87450000000.0,0.3778783242244793,-0.35111003651158434
499,87475000000.0,0.37792397851780246,-0.3511184849570892
500,87500000000.0,0.3779682803779083,-0.35112846286847793
501,87525000000.0,0.37801127244876476,-0.3511399468926701
502,87550000000.0,0.37805299611425786,-0.3511529125178964
503,87575000000.0,0.378093491406067,-0.3511673342327335
504,87600000000.0,0.37813279684790696,-0.35118318572611956
505,87625000000.0,0.37817094937560364,-0.35120044001877104
506,87650000000.0,0.37820798421928525,-0.3512190696627092
507,87675000000.0,0.3782439348406446,-0.3512390468762334
508,87700000000.0,0.37827883283901037,-0.351260343709784
509,87725000000.0,0.37831270789061766,-0.35128293222303425
510,87750000000.0,0.37834558769514837,-0.35130678460187337
511,87775000000.0,0.3783774979303473,-0.3513318733299986
512,87800000000.0,0.3784084622233607,-0.35135817131764574
513,87825000000.0,0.3784385021181575,-0.35138565204393174
514,87850000000.0,0.3784676370798166,-0.3514142896717276
515,87875000000.0,0.3784958844690485,-0.35144405918894156
516,87900000000.0,0.3785232595822538,-0.35147493649943884
517,87925000000.0,0.37854977564877546,-0.3515068985477001
518,87950000000.0,0.37857544387499764,-0.35153992340425344
519,87975000000.0,0.37860027346958475,-0.35157399036450704
520,88000000000.0,0.3786242717115287,-0.3516090800244597
521,88025000000.0,0.3786474439906616,-0.3516451743504007
522,88050000000.0,0.3786697938984961,-0.351682256744577
523,88075000000.0,0.3786913232855917,-0.3517203121058459
524,88100000000.0,0.3787120323547321,-0.3517593268527498
525,88125000000.0,0.3787319197580543,-0.35179928898028257
526,88150000000.0,0.37875098268272234,-0.35184018807828543
527,88175000000.0,0.378769216986841,-0.35188201533129526
528,88200000000.0,0.37878661727875246,-0.3519247635465384
529,88225000000.0,0.3788031770597835,-0.35196842713961246
530,88250000000.0,0.378818888848348,-0.35201300211437114
531,88275000000.0,0.3788337442906959,-0.3520584860590467
532,88300000000.0,0.3788477343250597,-0.3521048780812833
533,88325000000.0,0.37886084928864433,-0.3521521788107387
534,88350000000.0,0.37887307908149437,-0.35220039031211703
535,88375000000.0,0.3788844132922706,-0.352249516043103
536,88400000000.0,0.37889484134742,-0.35229956079750624
537,88425000000.0,0.37890435266530753,-0.35235053061022187
538,88450000000.0,0.37891293678964155,-0.3524024326915324
539,88475000000.0,0.37892058354062835,-0.35245527533130994
540,88500000000.0,0.37892728316015717,-0.35250906781487934
541,88525000000.0,0.3789330264496557,-0.35256382030929445
542,88550000000.0,0.3789378049129972,-0.35261954377509885
543,88575000000.0,0.3789416109050457,-0.352676249823909
544,88600000000.0,0.3789444377459724,-0.35273395064372326
545,88625000000.0,0.3789462798677592,-0.352792658845167
546,88650000000.0,0.3789471329373008,-0.3528523873572107
547,88675000000.0,0.378946993969292,-0.35291314930326734
548,88700000000.0,0.3789458614538884,-0.35297495785226213
549,88725000000.0,0.37894373545197296,-0.3530378261179035
550,88750000000.0,0.3789406177190804,-0.3531017670030872
551,88775000000.0,0.37893651176787374,-0.353166793093542
552,88800000000.0,0.3789314229917268,-0.3532329164955256
553,88825000000.0,0.37892535872107436,-0.35330014873394106
554,88850000000.0,0.3789183283017885,-0.3533685006141276
555,88875000000.0,0.378910343161616,-0.3534379820938733
556,88900000000.0,0.37890141685204226,-0.35350860215908564
557,88925000000.0,0.3788915651175446,-0.3535803687036051
558,88950000000.0,0.37888080590203577,-0.3536532884115876
559,88975000000.0,0.3788691593951102,-0.3537273666434384
560,89000000000.0,0.3788566480416172,-0.3538026073328413
561,89025000000.0,0.37884329653674054,-0.35387901288573653
562,89050000000.0,0.3788291318442256,-0.353956584065786
563,89075000000.0,0.3788141831667369,-0.3540353199192518
564,89100000000.0,0.37879848192175275,-0.35411521769282556
565,89125000000.0,0.3787820617210392,-0.3541962727433495
566,89150000000.0,0.3787649583066793,-0.35427847848165145
567,89175000000.0,0.37874720952526897,-0.3543618262937168
568,89200000000.0,0.37872885523665456,-0.35444630550491596
569,89225000000.0,0.378709937252865,-0.3545319033342452
570,89250000000.0,0.37869049927178117,-0.35461860483505203
571,89275000000.0,0.37867058676082965,-0.35470639289225736
572,89300000000.0,0.37865024688586585,-0.3547952481949051
573,89325000000.0,0.3786295283819683,-0.3548851492210809
574,89350000000.0,0.3786084814563796,-0.35497607224904765
575,89375000000.0,0.3785871576464893,-0.35506799136630773
576,89400000000.0,0.37856560972870995,-0.3551608784676448
577,89425000000.0,0.3785438915464988,-0.3552547033169791
578,89450000000.0,0.3785220578837996,-0.3553494335606543
579,89475000000.0,0.37850016432900324,-0.35544503478929157
580,89500000000.0,0.3784782671147886,-0.35554147058010055
581,89525000000.0,0.378456422959037,-0.3556387025851568
582,89550000000.0,0.37843468892797183,-0.35573669057895496
583,89575000000.0,0.3784131222477821,-0.35583539257547064
584,89600000000.0,0.3783917801655422,-0.3559347648828389
585,89625000000.0,0.3783707197559765,-0.3560347622448784
586,89650000000.0,0.3783499977932183,-0.3561353379150467
587,89675000000.0,0.3783296705433576,-0.3562364437983669
588,89700000000.0,0.3783097936321768,-0.35633803055270136
589,89725000000.0,0.37829042184267914,-0.35644004775320015
590,89750000000.0,0.3782716089811179,-0.35654244398709983
591,89775000000.0,0.3782534077055836,-0.356645167031796
592,89800000000.0,0.37823586934583464,-0.3567481639821448
593,89825000000.0,0.37821904377216664,-0.35685138141489303
594,89850000000.0,0.3782029792222261,-0.35695476554413297
595,89875000000.0,0.3781877221535351,-0.3570582623813851
596,89900000000.0,0.3781733171015383,-0.35716181790679236
597,89925000000.0,0.3781598065474183,-0.35726537821569104
598,89950000000.0,0.37814723075203704,-0.3573688897270037
599,89975000000.0,0.3781356276732501,-0.3574722993067411
600,90000000000.0,0.37812503279524273,-0.3575755544845754
601,90025000000.0,0.37811547904927373,-0.3576786035938525
602,90050000000.0,0.3781069967022416,-0.3577813959511632
603,90075000000.0,0.37809961323099106,-0.35788388203921007
604,90100000000.0,0.37809335326244237,-0.3579860136582642
605,90125000000.0,0.37808823847855133,-0.3580877440917667
606,90150000000.0,0.37808428753792106,-0.35818902828904325
607,90175000000.0,0.37808151602756934,-0.35828982299334583
608,90200000000.0,0.3780799363871323,-0.3583900869207893
609,90225000000.0,0.37807955788563496,-0.3584897808982781
610,90250000000.0,0.3780803865820836,-0.35858886799881456
611,90275000000.0,0.3780824252900905,-0.3586873136957722
612,90300000000.0,0.37808567357310113,-0.3587850859788392
613,90325000000.0,0.37809012775021916,-0.35888215547924984
614,90350000000.0,0.37809578089012835,-0.3589784955775034
615,90375000000.0,0.37810262283716367,-0.3590740825198045
616,90400000000.0,0.3781106402332044,-0.35916889551177034
617,90425000000.0,0.3781198165754179,-0.35926291678553307
618,90450000000.0,0.37813013224593683,-0.35935613170548275
619,90475000000.0,0.3781415645822164,-0.3594485288120616
620,90500000000.0,0.3781540879548426,-0.3595400998807632
621,90525000000.0,0.37816767383926453,-0.35963083997477646
622,90550000000.0,0.37818229091606514,-0.3597207474610724
623,90575000000.0,0.3781979051685056,-0.35980982404579165
624,90600000000.0,0.3782144800020143,-0.3598980747719873
625,90625000000.0,0.37823197634853106,-0.35998550802565166
626,90650000000.0,0.3782503528210428,-0.36007213550557
627,90675000000.0,0.3782695658294007,-0.36015797221099116
628,90700000000.0,0.37828956974876815,-0.3602430363907793
629,90725000000.0,0.3783103170591977,-0.3603273494907725
630,90750000000.0,0.37833175851442713,-0.3604109360970976
631,90775000000.0,0.3783538433194963,-0.3604938238451726
632,90800000000.0,0.3783765192961939,-0.36057604333668386
633,90825000000.0,0.3783997330707694,-0.36065762804863266
634,90850000000.0,0.3784234302629736,-0.36073861420498443
635,90875000000.0,0.378447555684074,-0.3608190406518281
636,90900000000.0,0.3784720535229971,-0.36089894874153616
637,90925000000.0,0.3784968675561253,-0.3609783821670266
638,90950000000.0,0.3785219413519696,-0.36105738681353294
639,90975000000.0,0.3785472184744223,-0.3611360105986188
640,91000000000.0,0.37857264268858254,-0.361214303286331
641,91025000000.0,0.3785981581837082,-0.36129231630851727
642,91050000000.0,0.37862370977375537,-0.36137010257813895
643,91075000000.0,0.37864924309815906,-0.3614477162882729
644,91100000000.0,0.3786747048516256,-0.36152521269351734
645,91125000000.0,0.37870004296705134,-0.36160264792507396
646,91150000000.0,0.378725206846349,-0.3616800787443613
647,91175000000.0,0.37875014754201397,-0.3617575623321773
648,91200000000.0,0.37877481795466966,-0.3618351560736908
649,91225000000.0,0.378799173036283,-0.36191291731241243
650,91250000000.0,0.37882316996970516,-0.3619909031241369
651,91275000000.0,0.3788467683539908,-0.36206917008283646
652,91300000000.0,0.37886993037049127,-0.36214777402852416
653,91325000000.0,0.3788926209668532,-0.36222676982181656
654,91350000000.0,0.37891480798858035,-0.3623062111304194
655,91375000000.0,0.3789364623622841,-0.3623861501727725
656,91400000000.0,0.378957558213101,-0.36246663749953645
657,91425000000.0,0.3789780730009898,-0.3625477217692716
658,91450000000.0,0.3789979876517224,-0.3626294495090749
659,91475000000.0,0.3790172866515943,-0.36271186492257196
660,91500000000.0,0.37903595815917557,-0.36279500964832856
661,91525000000.0,0.3790539940873516,-0.3628789225673282
662,91550000000.0,0.37907139017884617,-0.3629636396114149
663,91575000000.0,0.3790881460767521,-0.36304919354511805
664,91600000000.0,0.37910426536209113,-0.36313561380193937
665,91625000000.0,0.3791197555990039,-0.36322292630920994
666,91650000000.0,0.3791346283603884,-0.36331115331463115
667,91675000000.0,0.3791488992428079,-0.3634003132319451
668,91700000000.0,0.3791625878553277,-0.3634904205051593
669,91725000000.0,0.3791757178066672,-0.3635814854714216
670,91750000000.0,0.3791883166821164,-0.3636735142382432
671,91775000000.0,0.37920041600097976,-0.36376650857832343
672,91800000000.0,0.3792120511559085,-0.3638604658398291
673,91825000000.0,0.37922326134805806,-0.3639553788600481
674,91850000000.0,0.37923408950612225,-0.3640512358996623
675,91875000000.0,0.3792445821972483,-0.3641480205848981
676,91900000000.0,0.37925478950724933,-0.3642457118820086
677,91925000000.0,0.37926476494454925,-0.3643442840548572
678,91950000000.0,0.3792745652760927,-0.3644437066830155
679,91975000000.0,0.379284250432008,-0.36454394463016726
680,92000000000.0,0.3792938833084107,-0.3646449581010138
681,92025000000.0,0.37930352962923053,-0.36474670266486225
682,92050000000.0,0.3793132577739225,-0.3648491292891941
683,92075000000.0,0.37932313858000033,-0.3649521844425731
684,92100000000.0,0.3793332451679817,-0.3650558101454999
685,92125000000.0,0.37934365272706216,-0.3651599440922339
686,92150000000.0,0.3793544383280395,-0.36526451973077706
687,92175000000.0,0.37936568068313736,-0.36536946642661644
688,92200000000.0,0.3793774599397045,-0.36547470958352757
689,92225000000.0,0.37938985745050524,-0.36558017080136923
690,92250000000.0,0.37940295554947295,-0.3656857680398549
691,92275000000.0,0.3794168372975484,-0.3657914158180615
692,92300000000.0,0.37943158626199996,-0.3658970253874656
693,92325000000.0,0.3794472862479465,-0.3660025049628769
694,92350000000.0,0.37946402107877886,-0.36610775992465133
695,92375000000.0,0.3794818743332011,-0.3662126930537583
696,92400000000.0,0.3795009290891046,-0.36631720478479995
697,92425000000.0,0.3795212676951437,-0.36642119343940116
698,92450000000.0,0.3795429714973467,-0.3665245555085331
699,92475000000.0,0.3795661206096647,-0.36662718590225746
700,92500000000.0,0.37959079365735315,-0.3667289782466812
701,92525000000.0,0.37961706753205054,-0.36682982516016227
702,92550000000.0,0.3796450171559366,-0.3669296185385185
703,92575000000.0,0.37967471523621,-0.36702824987002924
704,92600000000.0,0.37970623202841075,-0.36712561053377474
705,92625000000.0,0.3797396351251737,-0.36722159208976196
706,92650000000.0,0.3797749892071068,-0.36731608661022036
707,92675000000.0,0.3798123558425387,-0.36740898697907776
708,92700000000.0,0.37985179327187574,-0.3675001872061505
709,92725000000.0,0.3798933561875259,-0.3675895827559202
710,92750000000.0,0.37993709556678223,-0.36767707082956447
711,92775000000.0,0.37998305845812996,-0.36776255071016156
712,92800000000.0,0.3800312878090427,-0.3678459240424118
713,92825000000.0,0.3800818222919928,-0.367927095162884
714,92850000000.0,0.3801346961515631,-0.36800597137704466
715,92875000000.0,0.3801899390427038,-0.36808246327428323
716,92900000000.0,0.38024757588663005,-0.36815648501009274
717,92925000000.0,0.38030762675191415,-0.3682279545826196
718,92950000000.0,0.38037010673623606,-0.368296794106215
719,92975000000.0,0.38043502583671135,-0.36836293008944854
720,93000000000.0,0.38050238888215915,-0.36842629367236235
721,93025000000.0,0.38057219542928955,-0.3684868208770707
722,93050000000.0,0.3806444397008343,-0.36854445284692966
723,93075000000.0,0.38071911052243745,-0.36859913605304606
724,93100000000.0,0.380796191286285,-0.3686508225037517
725,93125000000.0,0.38087565990985944,-0.3686994699422526
726,93150000000.0,0.3809574888241343,-0.368745042019848
727,93175000000.0,0.3810416449593153,-0.3687875084594501
728,93200000000.0,0.3811280897654792,-0.36882684520456155
729,93225000000.0,0.38121677923726455,-0.36886303453473623
730,93250000000.0,0.381307663934992,-0.36889606520043633
731,93275000000.0,0.38140068905801944,-0.36892593249762273
732,93300000000.0,0.38149579449923743,-0.3689526383559883
733,93325000000.0,0.38159291491944813,-0.3689761913978971
734,93350000000.0,0.38169197985599407,-0.3689966069763968
735,93375000000.0,0.381792913822194,-0.36901390719526167
736,93400000000.0,0.381895636440442,-0.3690281209113495
737,93425000000.0,0.38200006256316144,-0.3690392837207873
738,93450000000.0,0.3821061024378106,-0.3690474379256296
739,93475000000.0,0.38221366187601113,-0.3690526324646787
740,93500000000.0,0.3823226424064445,-0.3690549228671731
741,93525000000.0,0.3824329414950272,-0.3690543711314905
742,93550000000.0,0.3825444527360784,-0.36905104562126434
743,93575000000.0,0.38265706606087385,-0.36904502095784547
744,93600000000.0,0.3827706679834882,-0.36903637783527465
745,93625000000.0,0.38288514183325423,-0.36902520288205076
746,93650000000.0,0.3830003680014405,-0.3690115884642395
747,93675000000.0,0.383116224208747,-0.3689956324909688
748,93700000000.0,0.3832325857764052,-0.36897743819934176
749,93725000000.0,0.38334932591175175,-0.3689571139120142
750,93750000000.0,0.38346631598377573,-0.3689347728026539
751,93775000000.0,0.38358342584587446,-0.36891053262355405
752,93800000000.0,0.3837005241072097,-0.3688845154462489
753,93825000000.0,0.38381747848059644,-0.36885684734868945
754,93850000000.0,0.38393415607156284,-0.3688276581434488
755,93875000000.0,0.38405042371677656,-0.3687970810418973
756,93900000000.0,0.38416614829162327,-0.36876525236072183
757,93925000000.0,0.38428119707253267,-0.3687323111555763
758,93950000000.0,0.38439543802043563,-0.36869839892194145
759,93975000000.0,0.384508740152267,-0.3686636592210126
760,94000000000.0,0.384620973845764,-0.36862823735087513
761,94025000000.0,0.3847320111869322,-0.36859227996753874
762,94050000000.0,0.38484172628393676,-0.36855593474048653
763,94075000000.0,0.3849499955994855,-0.3685193499851305
764,94100000000.0,0.3850566982597913,-0.36848267430195125
765,94125000000.0,0.3851617163896723,-0.36844605619713827
766,94150000000.0,0.38526493538850476,-0.368409643741749
767,94175000000.0,0.3853662442601575,-0.3683735841826879
768,94200000000.0,0.3854655358883744,-0.3683380235916536
769,94225000000.0,0.3855627073178058,-0.3683031065168453
770,94250000000.0,0.3856576600258532,-0.36826897561750693
771,94275000000.0,0.38575030019080436,-0.3682357713152654
772,94300000000.0,0.3858405389279173,-0.368203631464578
773,94325000000.0,0.3859282925200276,-0.3681726910126712
774,94350000000.0,0.38601348264426044,-0.3681430816765985
775,94375000000.0,0.3860960365674009,-0.36811493162577397
776,94400000000.0,0.3861758873442779,-0.36808836517667987
777,94425000000.0,0.3862529739728636,-0.36806350250705494
778,94450000000.0,0.38632724155806,-0.36804045936460505
779,94475000000.0,0.386398641438058,-0.3680193468101104
780,94500000000.0,0.3864671313159971,-0.3680002709470328
781,94525000000.0,0.38653267533619545,-0.36798333269271044
782,94550000000.0,0.3865952441861416,-0.36796862754275184
783,94575000000.0,0.3866548151309968,-0.36795624537545324
784,94600000000.0,0.38671137208133133,-0.36794627023276033
785,94625000000.0,0.3867649055832098,-0.3679387801621141
786,94650000000.0,0.38681541283690013,-0.36793384705299936
787,94675000000.0,0.3868628976740495,-0.3679315364735893
788,94700000000.0,0.38690737051506746,-0.36793190756523303
789,94725000000.0,0.3869488483078477,-0.36793501292225217
790,94750000000.0,0.38698735444765325,-0.3679408985030119
791,94775000000.0,0.3870229186885447,-0.3679496035537809
792,94800000000.0,0.38705557702721494,-0.3679611605472849
793,94825000000.0,0.38708537154700734,-0.36797559517282047
794,94850000000.0,0.3871123502959497,-0.3679929262808483
795,94875000000.0,0.38713656710290195,-0.36801316590349425
796,94900000000.0,0.3871580813840962,-0.36803631927590214
797,94925000000.0,0.3871769579728262,-0.368062384850677
798,94950000000.0,0.3871932668659431,-0.36809135437739243
799,94975000000.0,0.3872070830253439,-0.3681232129538369
800,95000000000.0,0.38721848611929655,-0.36815793912784817
801,95025000000.0,0.3872275602798931,-0.36819550498944187
802,95050000000.0,0.38723439382921143,-0.3682358763044253
803,95075000000.0,0.3872390790018302,-0.36827901264821744
804,95100000000.0,0.38724171168228794,-0.3683248675533137
805,95125000000.0,0.3872423910787866,-0.3683733886910119
806,95150000000.0,0.3872412194575542,-0.3684245180382062
807,95175000000.0,0.3872383018053271,-0.36847819210060234
808,95200000000.0,0.38723374554744233,-0.3685343420922542
809,95225000000.0,0.3872276602155766,-0.3685928941828896
810,95250000000.0,0.38722015713375046,-0.36865376972831465
811,95275000000.0,0.3872113490982762,-0.3687168855159746
812,95300000000.0,0.3872013500636466,-0.36878215402538683
813,95325000000.0,0.3871902748137246,-0.36884948369448894
814,95350000000.0,0.3871782386494439,-0.3689187792003702
815,95375000000.0,0.3871653570605689,-0.36898994174815014
816,95400000000.0,0.3871517454203005,-0.36906286935997473
817,95425000000.0,0.38713751867453816,-0.3691374571784637
818,95450000000.0,0.3871227910316968,-0.3692135977745796
819,95475000000.0,0.3871076756597733,-0.3692911814581203
820,95500000000.0,0.3870922843980037,-0.3693700966013532
821,95525000000.0,0.38707672746418537,-0.36945022994743004
822,95550000000.0,0.38706111317387587,-0.36953146694168465
823,95575000000.0,0.38704554767615146,-0.36961369205223693
824,95600000000.0,0.3870301346858736,-0.3696967890964519
825,95625000000.0,0.38701497522803263,-0.3697806415651744
826,95650000000.0,0.3870001673962458,-0.36986513294968304
827,95675000000.0,0.3869858061263857,-0.36995014705692025
828,95700000000.0,0.3869719829698995,-0.3700355683347458
829,95725000000.0,0.3869587858898225,-0.3701212821804337
830,95750000000.0,0.3869462990472726,-0.37020717526688424
831,95775000000.0,0.3869346026394935,-0.3702931358264312
832,95800000000.0,0.38692377271995076,-0.370379053959389
833,95825000000.0,0.38691388102205504,-0.37046482194101227
834,95850000000.0,0.3869049948372389,-0.3705503344789186
835,95875000000.0,0.38689717686894326,-0.37063548900727417
836,95900000000.0,0.3868904851156661,-0.3707201859440094
837,95925000000.0,0.38688497276752126,-0.37080432895469284
838,95950000000.0,0.3868806881066479,-0.3708878251957339
839,95975000000.0,0.38687767445058874,-0.37097058552854534
840,96000000000.0,0.38687597006201707,-0.3710525247775125
841,96025000000.0,0.3868756081195692,-0.3711335619048132
842,96050000000.0,0.3868766166692659,-0.3712136202265948
843,96075000000.0,0.38687901861731777,-0.37129262757857046
844,96100000000.0,0.3868828317096598,-0.37137051649599306
845,96125000000.0,0.38688806854425506,-0.37144722435650734
846,96150000000.0,0.38689473659574847,-0.3715226935206207
847,96175000000.0,0.38690283823136723,-0.3715968714590606
848,96200000000.0,0.38691237078604734,-0.3716697108432149
849,96225000000.0,0.3869233266095428,-0.37174116963601767
850,96250000000.0,0.38693569312568216,-0.37181121118618154
851,96275000000.0,0.386949452947255,-0.37187980425028005
852,96300000000.0,0.38696458395688205,-0.3719469230559602
853,96325000000.0,0.38698105941523625,-0.3720125473253691
854,96350000000.0,0.386998848103876,-0.3720766622545677
855,96375000000.0,0.3870179144425325,-0.3721392585292813
856,96400000000.0,0.3870382186436669,-0.3722003322859451
857,96425000000.0,0.3870597168643677,-0.37225988506628255
858,96450000000.0,0.38708236138550084,-0.3723179237550303
859,96475000000.0,0.38710610077365415,-0.3723744605088778
860,96500000000.0,0.3871308800802803,-0.3724295126571922
861,96525000000.0,0.3871566410395707,-0.3724831025900794
862,96550000000.0,0.3871833222587946,-0.3725352576503466
863,96575000000.0,0.3872108594501088,-0.3725860099748625
864,96600000000.0,0.3872391856346496,-0.37263539636035736
865,96625000000.0,0.3872682313866087,-0.3726834580791325
866,96650000000.0,0.38729792505831845,-0.37273024070839667
867,96675000000.0,0.38732819301049626,-0.3727757939493984
868,96700000000.0,0.38735895987405805,-0.37282017140481755
869,96725000000.0,0.38739014879269634,-0.37286343037073777
870,96750000000.0,0.3874216816694761,-0.3729056316185667
871,96775000000.0,0.38745347943250796,-0.3729468391483005
872,96800000000.0,0.3874854622820797,-0.37298711995792316
873,96825000000.0,0.38751754995972637,-0.3730265437793843
874,96850000000.0,0.3875496620045227,-0.3730651828260598
875,96875000000.0,0.38758171800990066,-0.3731031115286737
876,96900000000.0,0.387613637888894,-0.3731404062609694
877,96925000000.0,0.38764534212798557,-0.3731771450659594
878,96950000000.0,0.3876767520429135,-0.37321340737922865
879,96975000000.0,0.3877077900368541,-0.37324927373942896
880,97000000000.0,0.38773837984156634,-0.37328482551330566
881,97025000000.0,0.38776844675808175,-0.3733201446143104
882,97050000000.0,0.3877979179177207,-0.37335531319479426
883,97075000000.0,0.38782672248070643,-0.37339041339737156
884,97100000000.0,0.3878547918917241,-0.37342552704199355
885,97125000000.0,0.38788206008286114,-0.3734607353618037
886,97150000000.0,0.38790846367843024,-0.3734961187330134
887,97175000000.0,0.3879339422138467,-0.37353175638395175
888,97200000000.0,0.3879584383105375,-0.37356772614621087
889,97225000000.0,0.3879818978677767,-0.37360410418296963
890,97250000000.0,0.38800427021894973,-0.3736409647494951
891,97275000000.0,0.3880255083056923,-0.3736783799317631
892,97300000000.0,0.3880455688166625,-0.3737164194170227
893,97325000000.0,0.38806441231928784,-0.37375515026813366
894,97350000000.0,0.38808200338968446,-0.37379463669594226
895,97375000000.0,0.3880983107074459,-0.3738349398651379
896,97400000000.0,0.38811330717127757,-0.3738761176753348
897,97425000000.0,0.3881269699527597,-0.3739182246026685
898,97450000000.0,0.3881392805934776,-0.37396131149487066
899,97475000000.0,0.3881502250280129,-0.3740054254408408
900,97500000000.0,0.388159793647356,-0.3740506095948576
901,97525000000.0,0.38816798129664226,-0.3740969030686633
902,97550000000.0,0.3881747873125375,-0.37414434078111225
903,97575000000.0,0.3881802154990114,-0.3741929533697445
904,97600000000.0,0.3881842741132393,-0.3742427670909866
905,97625000000.0,0.3881869758247191,-0.3742938037486939
906,97650000000.0,0.38818833768038497,-0.3743460806159264
907,97675000000.0,0.3881883810336145,-0.3743996103939186
908,97700000000.0,0.3881871314656864,-0.37445440118085
909,97725000000.0,0.38818461870425064,-0.3745104564433257
910,97750000000.0,0.38818087651813976,-0.3745677750148125
911,97775000000.0,0.3881759426028995,-0.37462635110496245
912,97800000000.0,0.38816985845318835,-0.374686174324868
913,97825000000.0,0.38816266922666887,-0.37474722972398056
914,97850000000.0,0.388154423590321,-0.37480949784712714
915,97875000000.0,0.3881451735794474,-0.37487295478362725
916,97900000000.0,0.38813497439702827,-0.37493757227883173
917,97925000000.0,0.38812388425879224,-0.3750033178051751
918,97950000000.0,0.3881119642066059,-0.375070154669101
919,97975000000.0,0.38809927790468157,-0.37513804214026664
920,98000000000.0,0.38808589143465705,-0.3752069355862307
921,98025000000.0,0.38807187309866653,-0.37527678660577907
922,98050000000.0,0.38805729320173743,-0.37534754318789226
923,98075000000.0,0.3880422238301715,-0.3754191498803357
924,98100000000.0,0.38802673862575326,-0.3754915479689665
925,98125000000.0,0.3880109125702027,-0.375564675653714
926,98150000000.0,0.38799482174143,-0.3756384682563083
927,98175000000.0,0.38797854309564683,-0.37571285841240126
928,98200000000.0,0.38796215422330516,-0.3757877762938605
929,98225000000.0,0.38794573312609076,-0.37586314981687335
930,98250000000.0,0.38792935796816613,-0.37593890488372145
931,98275000000.0,0.38791310687445496,-0.37601496558290054
932,98300000000.0,0.3878970576530424,-0.3760912544717027
933,98325000000.0,0.38788128761974017,-0.3761676927646322
934,98350000000.0,0.38786587332831435,-0.3762442006207764
935,98375000000.0,0.3878508903776919,-0.3763206973615527
936,98400000000.0,0.38783641317647083,-0.3763971017374452
937,98425000000.0,0.3878225147420309,-0.3764733321652063
938,98450000000.0,0.38780926647795,-0.37654930699363937
939,98475000000.0,0.38779673799847636,-0.37662494472824587
940,98500000000.0,0.3877849968995318,-0.3767001643125447
941,98525000000.0,0.3877741085863759,-0.37677488536005543
942,98550000000.0,0.38776413610661203,-0.37684902838494516
943,98575000000.0,0.3877551399508693,-0.3769225150695174
944,98600000000.0,0.3877471779029269,-0.3769952684861324
945,98625000000.0,0.3877403048756495,-0.3770672133373491
946,98650000000.0,0.38773457277198825,-0.3771382761753867
947,98675000000.0,0.3877300303315143,-0.37720838563687104
948,98700000000.0,0.3877267230233332,-0.3772774726366465
949,98725000000.0,0.38772469290958456,-0.3773454705917527
950,98750000000.0,0.38772397853773355,-0.3774123156188078
951,98775000000.0,0.38772461485101767,-0.377477946715022
952,98800000000.0,0.38772663309669914,-0.3775423059430643
953,98825000000.0,0.3877300607463816,-0.3776053386035872
954,98850000000.0,0.3877349214274893,-0.3776669933981826
955,98875000000.0,0.38774123488310236,-0.3777272225638638
956,98900000000.0,0.38774901690235786,-0.3777859820352566
957,98925000000.0,0.387758279315952,-0.3778432315436809
958,98950000000.0,0.3877690299513691,-0.37789893475329905
959,98975000000.0,0.3877812726380155,-0.37795305934684675
960,99000000000.0,0.38779500719403587,-0.37800557712807836
961,99025000000.0,0.3878102294511711,-0.3780564640847416
962,99050000000.0,0.38782693127711015,-0.3781057004506525
963,99075000000.0,0.38784510059621846,-0.3781532707674828
964,99100000000.0,0.3878647214451707,-0.3781991639096336
965,99125000000.0,0.38788577403123664,-0.3782433731022666
966,99150000000.0,0.38790823479647685,-0.3782858959311748
967,99175000000.0,0.38793207648896705,-0.37832673434141395
968,99200000000.0,0.3879572682594233,-0.3783658946080514
969,99225000000.0,0.387983775747175,-0.3784033873130023
970,99250000000.0,0.3880115611942577,-0.3784392272897865
971,99275000000.0,0.3880405835686132,-0.3784734335563432
972,99300000000.0,0.3880707986759095,-0.37850602925395377
973,99325000000.0,0.3881021593067219,-0.37853704154732826
974,99350000000.0,0.3881346153605472,-0.37856650154401494
975,99375000000.0,0.38816811402314944,-0.37859444415528526
976,99400000000.0,0.38820259989866457,-0.37862090799753745
977,99425000000.0,0.38823801519367485,-0.37864593524125884
978,99450000000.0,0.3882742998886074,-0.37866957146345914
979,99475000000.0,0.3883113919005997,-0.378691865507841
980,99500000000.0,0.3883492272801002,-0.37871286930457115
981,99525000000.0,0.3883877404023899,-0.37873263769371046
982,99550000000.0,0.38842686415534294,-0.37875122824731955
983,99575000000.0,0.3884665301340712,-0.37876870107710886
984,99600000000.0,0.3885066688531681,-0.37878511862960845
985,99625000000.0,0.3885472099492453,-0.3788005454773927
986,99650000000.0,0.38858808237212955,-0.3788150481193527
987,99675000000.0,0.38862921461333355,-0.3788286947503968
988,99700000000.0,0.38867053490896053,-0.3788415550411387
989,99725000000.0,0.38871197143607317,-0.3788536999239255
990,99750000000.0,0.3887534525460723,-0.3788652013426916
991,99775000000.0,0.3887949069500443,-0.37887613204070203
992,99800000000.0,0.38883626393874177,-0.3788865653220874
993,99825000000.0,0.3888774535821784,-0.37889657481585776
994,99850000000.0,0.38891840692953017,-0.37890623424826847
995,99875000000.0,0.3889590562132723,-0.3789156172053828
996,99900000000.0,0.388999335032527,-0.3789247969087065
997,99925000000.0,0.3890391785490983,-0.3789338459843481
998,99950000000.0,0.3890785236692156,-0.3789428362388372
999,99975000000.0,0.3891173092140577,-0.3789518384435683
1000,100000000000.0,0.3891554760990995,-0.378960922112637
1001,100025000000.0,0.389192967486029,-0.3789701552991014
1002,100050000000.0,0.3892297289484754,-0.37897960438760075
1003,100075000000.0,0.38926570860197063,-0.3789893339024143
1004,100100000000.0,0.38930085726219527,-0.37899940631076967
1005,100125000000.0,0.3893351285511649,-0.3790098818509952
1006,100150000000.0,0.389368479029138,-0.37902081835249685
1007,100175000000.0,0.38940086829837567,-0.37903227107472137
1008,100200000000.0,0.3894322590985737,-0.37904429255667693
1009,100225000000.0,0.38946261738764887,-0.37905693247372757
1010,100250000000.0,0.38949191243471154,-0.3790702374942179
1011,100275000000.0,0.3895201168638211,-0.37908425117082245
1012,100300000000.0,0.38954720670837895,-0.37909901383206396
1013,100325000000.0,0.38957316145636217,-0.3791145624745614
1014,100350000000.0,0.38959796408146796,-0.3791309306754061
1015,100375000000.0,0.3896216010475138,-0.37914814853176587
1016,100400000000.0,0.38964406232225524,-0.37916624258238246
1017,100425000000.0,0.3896653413644404,-0.37918523577079316
1018,100450000000.0,0.38968543509939957,-0.37920514740700434
1019,100475000000.0,0.3897043438939835,-0.37922599314035577
1020,100500000000.0,0.3897220715106118,-0.37924778495068
1021,100525000000.0,0.38973862504619133,-0.3792705311529122
1022,100550000000.0,0.3897540148735649,-0.37929423640747595
1023,100575000000.0,0.38976825455735453,-0.3793189017534485
1024,100600000000.0,0.38978136077246456,-0.37934452464146684
1025,100625000000.0,0.38979335319911484,-0.379371098991477
1026,100650000000.0,0.38980425441489736,-0.37939861525705054
1027,100675000000.0,0.38981408977341914,-0.37942706050766856
1028,100700000000.0,0.38982288728579756,-0.3794564185023169
1029,100725000000.0,0.38983067748669203,-0.3794866697934253
1030,100750000000.0,0.38983749326958517,-0.3795177918539204
1031,100775000000.0,0.3898433697644273,-0.379549759168922
1032,100800000000.0,0.3898483441577988,-0.37958254338930825
1033,100825000000.0,0.3898524555351085,-0.3796161134650247
1034,100850000000.0,0.38985574471690937,-0.37965043578505875
1035,100875000000.0,0.389858254073161,-0.3796854743513542
1036,100900000000.0,0.3898600273417708,-0.37972119093763096
1037,100925000000.0,0.38986110946462565,-0.37975754525113203
1038,100950000000.0,0.3898615463738103,-0.37979449513027275
1039,100975000000.0,0.3898613848243344,-0.37983199671900353
1040,101000000000.0,0.38986067219399656,-0.37987000465853504
1041,101025000000.0,0.38985945627490304,-0.37990847230029984
1042,101050000000.0,0.38985778511767927,-0.3799473518745863
1043,101075000000.0,0.38985570679871895,-0.3799865947305163
1044,101100000000.0,0.3898532692492286,-0.38002615151852126
1045,101125000000.0,0.3898505200707667,-0.38006597240057305
1046,101150000000.0,0.38984750632249926,-0.3801060072744459
1047,101175000000.0,0.38984427435141467,-0.38014620597774745
1048,101200000000.0,0.38984086961357495,-0.38018651848646984
1049,101225000000.0,0.38983733646553,-0.38022689515870933
1050,101250000000.0,0.38983371803469885,-0.38026728689535116
1051,101275000000.0,0.3898300560034214,-0.3803076453966199
1052,101300000000.0,0.38982639047735446,-0.38034792332550005
1053,101325000000.0,0.3898227598136222,-0.3803880745278089
1054,101350000000.0,0.38981920045950913,-0.3804280542305758
1055,101375000000.0,0.389815746823085,-0.38046781922070194
1056,101400000000.0,0.3898124311341168,-0.38050732803036963
1057,101425000000.0,0.3898092832969534,-0.3805465411303139
1058,101450000000.0,0.38980633079058374,-0.38058542108238913
1059,101475000000.0,0.3898035985345467,-0.38062393272280476
1060,101500000000.0,0.38980110880077495,-0.38066204330215675
1061,101525000000.0,0.38979888111734123,-0.3806997226321615
1062,101550000000.0,0.38979693217234335,-0.38073694323767304
1063,101575000000.0,0.38979527574774914,-0.38077368047332205
1064,101600000000.0,0.3897939226440144,-0.3808099126498087
1065,101625000000.0,0.3897928806466409,-0.38084562112465653
1066,101650000000.0,0.38979215446341176,-0.38088079041047596
1067,101675000000.0,0.3897917456907083,-0.380915408265471
1068,101700000000.0,0.38979165280338424,-0.3809494657473619
1069,101725000000.0,0.3897918711295392,-0.3809829572939757
1070,101750000000.0,0.3897923928656704,-0.3810158807506484
1071,101775000000.0,0.3897932070800869,-0.38104823741655036
1072,101800000000.0,0.3897942997297159,-0.3810800320688409
1073,101825000000.0,0.3897956536974331,-0.38111127297102765
1074,101850000000.0,0.38979724884449146,-0.381141971861045
1075,101875000000.0,0.3897990620621053,-0.38117214393592674
1076,101900000000.0,0.3898010673235395,-0.38120180783906543
1077,101925000000.0,0.38980323578727977,-0.38123098559191376
1078,101950000000.0,0.38980553587598477,-0.3812597025431136
1079,101975000000.0,0.3898079333572086,-0.38128798732200264
1080,102000000000.0,0.38981039147917207,-0.38131587172788456
1081,102025000000.0,0.389812871075343,-0.3813433906497513
1082,102050000000.0,0.38981533070440905,-0.3813705819495305
1083,102075000000.0,0.38981772676469684,-0.38139748636742155
1084,102100000000.0,0.38982001368069574,-0.3814241473513247
1085,102125000000.0,0.3898221440094991,-0.3814506109646916
1086,102150000000.0,0.3898240686624595,-0.3814769256784393
1087,102175000000.0,0.38982573701958895,-0.3815031422629418
1088,102200000000.0,0.38982709715879166,-0.38152931356785474
1089,102225000000.0,0.3898280959928241,-0.3815554943858557
1090,102250000000.0,0.3898286795135399,-0.38158174121421057
1091,102275000000.0,0.38982879294846173,-0.3816081120913114
1092,102300000000.0,0.3898283809790714,-0.3816346663787392
1093,102325000000.0,0.3898273879440409,-0.38166146455012917
1094,102350000000.0,0.3898257580622678,-0.3816885679586724
1095,102375000000.0,0.38982343562594307,-0.3817160386324214
1096,102400000000.0,0.3898203652277841,-0.3817439390350546
1097,102425000000.0,0.3898164919787462,-0.3817723318276944
1098,102450000000.0,0.38981176171928594,-0.38180127964367805
1099,102475000000.0,0.3898061212454683,-0.3818308448382449
1100,102500000000.0,0.38979951852053224,-0.38186108925275586
1101,102525000000.0,0.38979190288537113,-0.3818920739808237
1102,102550000000.0,0.38978322529317805,-0.3819238591037182
1103,102575000000.0,0.38977343849239976,-0.38195650347576493
1104,102600000000.0,0.3897624972471241,-0.3819900644730607
1105,102625000000.0,0.38975035854257,-0.38202459775336317
1106,102650000000.0,0.389736981776787,-0.3820601570254631
1107,102675000000.0,0.38972232894747105,-0.38209679382303224
1108,102700000000.0,0.3897063648439384,-0.3821345572724542
1109,102725000000.0,0.3896890572159548,-0.38217349387956934
1110,102750000000.0,0.3896703769474908,-0.38221364731200613
1111,102775000000.0,0.38965029821293273,-0.3822550581931245
1112,102800000000.0,0.3896287986303675,-0.3822977639024134
1113,102825000000.0,0.38960585939959325,-0.38234179838501137
1114,102850000000.0,0.3895814654257566,-0.38238719197567483
1115,102875000000.0,0.38955560544326145,-0.38243397122073614
1116,102900000000.0,0.389528272128504,-0.38248215871320085
1117,102925000000.0,0.38949946218374415,-0.38253177294790186
1118,102950000000.0,0.3894691764217912,-0.3825828281814297
1119,102975000000.0,0.3894374198383115,-0.38263533430302454
1120,103000000000.0,0.3894042016685922,-0.38268929671567403
1121,103025000000.0,0.3893695354260959,-0.3827447162410743
1122,103050000000.0,0.3893334389403602,-0.3828015890187255
1123,103075000000.0,0.38929593436098925,-0.3828599064452278
1124,103100000000.0,0.3892570481692107,-0.3829196551010956
1125,103125000000.0,0.38921681116614903,-0.38298081670418765
1126,103150000000.0,0.38917525844131745,-0.383043368082888
1127,103175000000.0,0.38913242933956904,-0.38310728115093035
1128,103200000000.0,0.3890883674118735,-0.3831725229015557
1129,103225000000.0,0.38904312033217514,-0.38323905543628306
1130,103250000000.0,0.3889967398408993,-0.38330683596802834
1131,103275000000.0,0.38894928164701736,-0.3833758168694708
1132,103300000000.0,0.38890080530028787,-0.3834459457526673
1133,103325000000.0,0.3888513741141238,-0.3835171655018905
1134,103350000000.0,0.388801055000144,-0.3835894143969528
1135,103375000000.0,0.38874991835403,-0.3836626261888162
1136,103400000000.0,0.3886980378849728,-0.383736730237123
1137,103425000000.0,0.3886454904671126,-0.3838116516249456
1138,103450000000.0,0.38859235596148106,-0.38388731131541476
1139,103475000000.0,0.38853871703167603,-0.38396362631037684
1140,103500000000.0,0.38848465896373074,-0.38404050981599464
1141,103525000000.0,0.38843026944118736,-0.3841178714544815
1142,103550000000.0,0.38837563837847555,-0.38419561742457065
1143,103575000000.0,0.38832085766953145,-0.3842736507521795
1144,103600000000.0,0.3882660209856768,-0.38435187149646627
1145,103625000000.0,0.3882112235409008,-0.38443017699297377
1146,103650000000.0,0.3881565618596623,-0.38450846210292616
1147,103675000000.0,0.3881021335440279,-0.3845866194666835
1148,103700000000.0,0.3880480370352232,-0.3846645397678283
1149,103725000000.0,0.3879943713548906,-0.3847421120273817
1150,103750000000.0,0.38794123586303086,-0.3848192238799885
1151,103775000000.0,0.387888730019605,-0.38489576185794966
1152,103800000000.0,0.3878369531066109,-0.3849716117189817
1153,103825000000.0,0.38778600399814506,-0.3850466587271953
1154,103850000000.0,0.38773598090772915,-0.385120787968585
1155,103875000000.0,0.38768698110402966,-0.38519388469459814
1156,103900000000.0,0.3876391007021686,-0.38526583460188035
1157,103925000000.0,0.3875924343734535,-0.38533652419395115
1158,103950000000.0,0.3875470751145582,-0.3854058410876184
1159,103975000000.0,0.38750311400802656,-0.3854736743309967
1160,104000000000.0,0.38746063995075447,-0.38553991475742255
1161,104025000000.0,0.3874197394425425,-0.3856044552817641
1162,104050000000.0,0.38738049633011257,-0.3856671912415021
1163,104075000000.0,0.38734299158150903,-0.38572802071246187
1164,104100000000.0,0.38730730306496325,-0.38578684481657727
1165,104125000000.0,0.38727350531264415,-0.3858435680490784
1166,104150000000.0,0.38724166931653675,-0.38589809857172425
1167,104175000000.0,0.3872118623221082,-0.38595034850755533
1168,104200000000.0,0.3871841476132053,-0.3860002342448011
1169,104225000000.0,0.387158584341852,-0.3860476766922738
1170,104250000000.0,0.3871352273119487,-0.386092601580952
1171,104275000000.0,0.38711412682643587,-0.38613493969783064
1172,104300000000.0,0.38709532850909384,-0.3861746271424626
1173,104325000000.0,0.3870788731522661,-0.38621160555510586
1174,104350000000.0,0.38706479654742926,-0.3862458223558191
1175,104375000000.0,0.3870531293904725,-0.38627723090674987
1176,104400000000.0,0.3870438971222746,-0.38630579073312477
1177,104425000000.0,0.3870371198027639,-0.3863314677055648
1178,104450000000.0,0.38703281203701867,-0.38635423416409875
1179,104475000000.0,0.38703098286967436,-0.3863740690711575
1180,104500000000.0,0.38703163573895305,-0.3863909580950123
1181,104525000000.0,0.38703476833320044,-0.38640489378671544
1182,104550000000.0,0.3870403726332255,-0.3864158755640356
1183,104575000000.0,0.3870484348181505,-0.38642390982640296
1184,104600000000.0,0.3870589352458561,-0.3864290099870579
1185,104625000000.0,0.38707184847660253,-0.3864311964572597
1186,104650000000.0,0.3870871432579061,-0.3864304966604346
1187,104675000000.0,0.38710478255700465,-0.38642694499482033
1188,104700000000.0,0.38712472358596883,-0.38642058279476155
1189,104725000000.0,0.38714691790065486,-0.3864114582136187
1190,104750000000.0,0.387171311392571,-0.3863996262066945
1191,104775000000.0,0.3871978444725649,-0.3863851483172982
1192,104800000000.0,0.387226452110672,-0.3863680926005
1193,104825000000.0,0.38725706398351084,-0.3863485334352513
1194,104850000000.0,0.3872896046188145,-0.3863265513330267
1195,104875000000.0,0.3873239935491962,-0.38630223273451314
1196,104900000000.0,0.3873601454612799,-0.38627566980619754
1197,104925000000.0,0.38739797042925433,-0.386246960148359
1198,104950000000.0,0.3874373741025641,-0.38621620654739275
1199,104975000000.0,0.3874782579156495,-0.3861835167021757
1200,105000000000.0,0.38752051936491727,-0.3861490028818263
1201,105025000000.0,0.3875640522276692,-0.38611278163956253
1202,105050000000.0,0.3876087468556497,-0.3860749734507377
1203,105075000000.0,0.38765449046662825,-0.38603570235262874
1204,105100000000.0,0.3877011674194571,-0.38599509560075906
1205,105125000000.0,0.3877486595660479,-0.38595328324705874
1206,105150000000.0,0.3877968465523764,-0.38591039777213576
1207,105175000000.0,0.3878456061663353,-0.3858665736700271
1208,105200000000.0,0.3878948147058274,-0.3858219470151613
1209,105225000000.0,0.3879443473151096,-0.38577665506268943
1210,105250000000.0,0.38799407836097827,-0.38573083581149126
1211,105275000000.0,0.38804388184208477,-0.3856846275366824
1212,105300000000.0,0.38809363173924866,-0.385638168384058
1213,105325000000.0,0.3881432024359069,-0.3855915958971812
1214,105350000000.0,0.38819246908869043,-0.38554504659827776
1215,105375000000.0,0.38824130806016727,-0.3854986555098342
1216,105400000000.0,0.3882895972913368,-0.3854525557407084
1217,105425000000.0,0.38833721673014165,-0.3854068780195071
1218,105450000000.0,0.38838404870726073,-0.3853617502844588
1219,105475000000.0,0.3884299783705868,-0.38531729721849023
1220,105500000000.0,0.38847489403838537,-0.38527363986927354
1221,105525000000.0,0.38851868762497266,-0.38523089520031073
1222,105550000000.0,0.3885612549996724,-0.38518917571241656
1223,105575000000.0,0.38860249637478533,-0.3851485890394663
1224,105600000000.0,0.388642316654643,-0.38510923758632526
1225,105625000000.0,0.3886806258070733,-0.385071218147506
1226,105650000000.0,0.3887173391763777,-0.38503462158696644
1227,105675000000.0,0.3887523778295185,-0.38499953248755736
1228,105700000000.0,0.3887856688456903,-0.3849660288592488
1229,105725000000.0,0.38881714561884073,-0.38493418183676337
1230,105750000000.0,0.3888467481106135,-0.3849040554284665
1231,105775000000.0,0.3888744231178493,-0.3848757062525574
1232,105800000000.0,0.38890012449265976,-0.38484918332201373
1233,105825000000.0,0.38892381333761494,-0.384824527855425
1234,105850000000.0,0.38894545821316645,-0.38480177307703095
1235,105875000000.0,0.3889650352708551,-0.3847809440910085
1236,105900000000.0,0.388982528396672,-0.3847620577468978
1237,105925000000.0,0.3889979293080317,-0.38474512255104093
1238,105950000000.0,0.3890112376452968,-0.3847301385844469
1239,105975000000.0,0.3890224610069364,-0.38471709747650845
1240,106000000000.0,0.3890316149941141,-0.38470598236976156
1241,106025000000.0,0.3890387231827922,-0.3846967679566842
1242,106050000000.0,0.38904381711291974,-0.384689420499529
1243,106075000000.0,0.3890469362099136,-0.38468389791772273
1244,106100000000.0,0.38904812769846864,-0.38468014988290844
1245,106125000000.0,0.38904744649956835,-0.3846781179303876
1246,106150000000.0,0.3890449550691925,-0.3846777356293921
1247,106175000000.0,0.3890407232236974,-0.3846789287664638
1248,106200000000.0,0.3890348279612342,-0.3846816155329292
1249,106225000000.0,0.3890273532119634,-0.3846857067842336
1250,106250000000.0,0.38901838958889934,-0.38469110629928155
1251,106275000000.0,0.3890080341311553,-0.38469771104737566
1252,106300000000.0,0.3889963899847346,-0.38470541151933996
1253,106325000000.0,0.38898356607263324,-0.3847140920700454
1254,106350000000.0,0.3889696767814414,-0.38472363124551706
1255,106375000000.0,0.38895484154788734,-0.3847339022120909
1256,106400000000.0,0.3889391845199759,-0.3847447731119302
1257,106425000000.0,0.3889228341096392,-0.3847561075302697
1258,106450000000.0,0.3889059226075245,-0.384767764900316
1259,106475000000.0,0.3888885857272101,-0.3847796009839269
1260,106500000000.0,0.3888709621445546,-0.38479146835709416
1261,106525000000.0,0.38885319306208826,-0.38480321687384156
1262,106550000000.0,0.3888354217096371,-0.3848146941971194
1263,106575000000.0,0.38881779286922924,-0.38482574630748256
1264,106600000000.0,0.3888004523754014,-0.38483621803915363
1265,106625000000.0,0.38878354663065673,-0.3848459536045477
1266,106650000000.0,0.38876722209231784,-0.38485479714973486
1267,106675000000.0,0.38875162476044123,-0.3848625933118053
1268,106700000000.0,0.3887368996808579,-0.38486918776424167
1269,106725000000.0,0.38872319042977477,-0.3848744277828566
1270,106750000000.0,0.38871063861438065,-0.38487816279916054
1271,106775000000.0,0.38869938335467435,-0.38488024497476053
1272,106800000000.0,0.3886895608082772,-0.3848805297342898
1273,106825000000.0,0.38868130365858244,-0.384878876338425
1274,106850000000.0,0.3886747406386278,-0.3848751484220085
1275,106875000000.0,0.3886699960645555,-0.38486921452458966
1276,106900000000.0,0.38866718936667854,-0.38486094862437403
1277,106925000000.0,0.38866643463503053,-0.3848502306587549
1278,106950000000.0,0.3886678401948023,-0.38483694701616944
1279,106975000000.0,0.3886715081838574,-0.3848209910251661
1280,107000000000.0,0.38867753414267076,-0.38480226343043655
1281,107025000000.0,0.3886860066347733,-0.38478067284035045
1282,107050000000.0,0.38869700690024467,-0.3847561361372161
1283,107075000000.0,0.38871060847085237,-0.3847285789270377
1284,107100000000.0,0.3887268768913559,-0.3846979358801176
1285,107125000000.0,0.3887458693953334,-0.38466415111545865
1286,107150000000.0,0.3887676346422586,-0.3846271785204068
1287,107175000000.0,0.3887922124659731,-0.38458698205803105
1288,107200000000.0,0.38881963365791083,-0.38454353603380076
1289,107225000000.0,0.3888499197697853,-0.38449682534082447
1290,107250000000.0,0.3888830829480202,-0.3844468456687479
1291,107275000000.0,0.3889191257934575,-0.384393603683153
1292,107300000000.0,0.38895804126690636,-0.38433711715386404
1293,107325000000.0,0.38899981260000266,-0.3842774150735865
1294,107350000000.0,0.3890444132645203,-0.3842145377121846
1295,107375000000.0,0.3890918069396646,-0.3841485366694243
1296,107400000000.0,0.3891419475554089,-0.38407947484196975
1297,107425000000.0,0.38919477932685825,-0.38400742639906693
1298,107450000000.0,0.38925023684565707,-0.3839324766906661
1299,107475000000.0,0.38930824519827034,-0.3838547221236087
1300,107500000000.0,0.3893687201135838,-0.38377427000546477
1301,107525000000.0,0.38943156814351687,-0.3836912383461785
1302,107550000000.0,0.3894966868902374,-0.3836057556062602
1303,107575000000.0,0.3895639652474061,-0.3835179604296055
1304,107600000000.0,0.38963328367863864,-0.38342800132789123
1305,107625000000.0,0.3897045145430077,-0.38333603631556584
1306,107650000000.0,0.3897775224233877,-0.3832422325345483
1307,107675000000.0,0.38985216451126065,-0.3831467658192452
1308,107700000000.0,0.389928291011434,-0.3830498202323741
1309,107725000000.0,0.39000574557836576,-0.38295158756876674
1310,107750000000.0,0.3900843657639126,-0.3828522668394833
1311,107775000000.0,0.3901639835191358,-0.3827520636984376
1312,107800000000.0,0.3902444256988501,-0.38265118986198843
1313,107825000000.0,0.39032551461697046,-0.3825498624741096
1314,107850000000.0,0.39040706856731183,-0.3824483034997457
1315,107875000000.0,0.39048890245115336,-0.3823467390119893
1316,107900000000.0,0.39057082834721196,-0.38224539853012235
1317,107925000000.0,0.3906526561217065,-0.3821445143142135
1318,107950000000.0,0.39073419409259563,-0.3820443206074336
1319,107975000000.0,0.390815249635204,-0.3819450529273628
1320,108000000000.0,0.39089562987006365,-0.38184694727893076
1321,108025000000.0,0.3909751423019307,-0.3817502394098847
1322,108050000000.0,0.39105359550060387,-0.3816551640259943
1323,108075000000.0,0.3911307997822931,-0.3815619539997232
1324,108100000000.0,0.39120656787025676,-0.3814708396043769
1325,108125000000.0,0.39128071556056737,-0.3813820477319558
1326,108150000000.0,0.39135306241614004,-0.3812958010941234
1327,108175000000.0,0.39142343241936883,-0.38121231745047646
1328,108200000000.0,0.3914916546114379,-0.3811318088599999
1329,108225000000.0,0.3915575637461212,-0.3810544809088383
1330,108250000000.0,0.3916210009162485,-0.38098053197054754
1331,108275000000.0,0.39168181416783865,-0.3809101524734159
1332,108300000000.0,0.39173985905588854,-0.38084352422800505
1333,108325000000.0,0.391794999260665,-0.3807808196932284
1334,108350000000.0,0.3918471070877972,-0.3807222013561813
1335,108375000000.0,0.3918960639995517,-0.38066782108243125
1336,108400000000.0,0.3919417611015022,-0.3806178195079623
1337,108425000000.0,0.3919840995707312,-0.38057232549173325
1338,108450000000.0,0.392022991095707,-0.3805314555549388
1339,108475000000.0,0.39205835824046426,-0.3804953133937485
1340,108500000000.0,0.3920901347969818,-0.38046398940600695
1341,108525000000.0,0.3921182660563006,-0.38043756029754183
1342,108550000000.0,0.3921427091132481,-0.38041608865699267
1343,108575000000.0,0.39216343302603746,-0.38039962267103994
1344,108600000000.0,0.39218041903162354,-0.38038819579016653
1345,108625000000.0,0.39219366062697314,-0.3803818265228942
1346,108650000000.0,0.39220316367832586,-0.3803805182089498
1347,108675000000.0,0.3922089464321334,-0.3803842588849007
1348,108700000000.0,0.39221103948089114,-0.3803930211999026
1349,108725000000.0,0.3922094857304633,-0.3804067623323689
1350,108750000000.0,0.39220434023206097,-0.380425424038656
1351,108775000000.0,0.39219567006574696,-0.3804489326600418
1352,108800000000.0,0.392183554074187,-0.380477199271151
1353,108825000000.0,0.3921680826430659,-0.3805101197956651
1354,108850000000.0,0.39214935735962236,-0.38054757524017135
1355,108875000000.0,0.39212749066905245,-0.38058943193229855
1356,108900000000.0,0.3921026054598882,-0.3806355418418663
1357,108925000000.0,0.3920748346365055,-0.38068574290868545
1358,108950000000.0,0.3920443206101269,-0.38073985946596284
1359,108975000000.0,0.3920112147753209,-0.3807977026770392
1360,109000000000.0,0.39197567695696606,-0.3808590710093131
1361,109025000000.0,0.39193787477301967,-0.38092375079980706
1362,109050000000.0,0.3918979830246877,-0.38099151679480825
1363,109075000000.0,0.3918561830079954,-0.38106213278047113
1364,109100000000.0,0.3918126618087246,-0.38113535223333317
1365,109125000000.0,0.3917676115892338,-0.38121091898474874
1366,109150000000.0,0.3917212288202519,-0.38128856795389177
1367,109175000000.0,0.39167371350196184,-0.3813680258894996
1368,109200000000.0,0.3916252683796477,-0.3814490121348496
1369,109225000000.0,0.39157609812497396,-0.38153123942600065
1370,109250000000.0,0.391526408517614,-0.3816144147041538
1371,109275000000.0,0.39147640559917973,-0.38169823995974717
1372,109300000000.0,0.39142629482982816,-0.3817824130812211
1373,109325000000.0,0.39137628025473414,-0.3818666287056346
1374,109350000000.0,0.39132656364661295,-0.381950579095867
1375,109375000000.0,0.3912773436654922,-0.3820339550108204
1376,109400000000.0,0.39122881498921985,-0.3821164466108654
1377,109425000000.0,0.39118116752567184,-0.3821977442890795
1378,109450000000.0,0.39113458555355113,-0.38227753957823835
1379,109475000000.0,0.3910892469116553,-0.3823555260183295
1380,109500000000.0,0.39104532222457583,-0.3824313999913729
1381,109525000000.0,0.3910029741107069,-0.3825048615794067
1382,109550000000.0,0.390962356438444,-0.3825756153781966
1383,109575000000.0,0.3909236135863296,-0.38264337131423876
1384,109600000000.0,0.3908868797471367,-0.38270784541705233
1385,109625000000.0,0.3908522782441317,-0.3827687605869384
1386,109650000000.0,0.39081992090463546,-0.38282584730502317
1387,109675000000.0,0.3907899074197767,-0.38287884436090064
1388,109700000000.0,0.3907623248104263,-0.3829274994766788
1389,109725000000.0,0.390737246859121,-0.38297156996379367
1390,109750000000.0,0.39071473361704945,-0.383010823308529
1391,109775000000.0,0.3906948309619708,-0.3830450377059432
1392,109800000000.0,0.3906775701725542,-0.3830740025772085
1393,109825000000.0,0.390662967550583,-0.38309751904005523
1394,109850000000.0,0.390651024121443,-0.3831154003002417
1395,109875000000.0,0.39064172533116925,-0.38312747204563524
1396,109900000000.0,0.390635040824802,-0.3831335727588996
1397,109925000000.0,0.3906309242664759,-0.38313355398762305
1398,109950000000.0,0.39062931321268485,-0.38312728056056256
1399,109975000000.0,0.3906301290105061,-0.38311463077813535
1400,110000000000.0,0.39063327678701143,-0.3830954965117453
