,freq,retardance
0,75000000000.0,2.24009935599057
1,75025000000.0,2.2372246982584865
2,75050000000.0,2.2345139127210287
3,75075000000.0,2.2319665455544473
4,75100000000.0,2.229581960397102
5,75125000000.0,2.2273593400517555
6,75150000000.0,2.225297688324284
7,75175000000.0,2.223395832291969
8,75200000000.0,2.221652424768533
9,75225000000.0,2.2200659472495237
10,75250000000.0,2.2186347130056068
11,75275000000.0,2.2173568704753572
12,75300000000.0,2.216230407015228
13,75325000000.0,2.2152531529346504
14,75350000000.0,2.214422785631073
15,75375000000.0,2.213736834173732
16,75400000000.0,2.213192684012614
17,75425000000.0,2.212787581947165
18,75450000000.0,2.212518641301688
19,75475000000.0,2.2123828472918547
20,75500000000.0,2.2123770626840678
21,75525000000.0,2.2124980334536657
22,75550000000.0,2.212742394765987
23,75575000000.0,2.2131066770165133
24,75600000000.0,2.2135873120906235
25,75625000000.0,2.2141806396854946
26,75650000000.0,2.21488291371356
27,75675000000.0,2.2156903089374227
28,75700000000.0,2.2165989274867
29,75725000000.0,2.2176048056810647
30,75750000000.0,2.2187039206868473
31,75775000000.0,2.2198921973336434
32,75800000000.0,2.221165514932772
33,75825000000.0,2.222519714133116
34,75850000000.0,2.223950603732966
35,75875000000.0,2.2254539674744134
36,75900000000.0,2.2270255708566697
37,75925000000.0,2.2286611678625627
38,75950000000.0,2.230356507691912
39,75975000000.0,2.232107341297103
40,76000000000.0,2.2339094280563616
41,76025000000.0,2.23575854213933
42,76050000000.0,2.2376504789336007
43,76075000000.0,2.2395810612149427
44,76100000000.0,2.2415461453571868
45,76125000000.0,2.243541627313335
46,76150000000.0,2.2455634484517484
47,76175000000.0,2.247607601298402
48,76200000000.0,2.2496701350728756
49,76225000000.0,2.251747161081944
50,76250000000.0,2.2538348579940117
51,76275000000.0,2.2559294767799356
52,76300000000.0,2.2580273457208166
53,76325000000.0,2.2601248749485805
54,76350000000.0,2.2622185610179906
55,76375000000.0,2.2643049910968505
56,76400000000.0,2.266380847183058
57,76425000000.0,2.2684429098483694
58,76450000000.0,2.2704880619189254
59,76475000000.0,2.2725132920357045
60,76500000000.0,2.2745156977260637
61,76525000000.0,2.276492488571058
62,76550000000.0,2.278440988903732
63,76575000000.0,2.280358640417983
64,76600000000.0,2.2822430045649633
65,76625000000.0,2.284091764590867
66,76650000000.0,2.2859027275798462
67,76675000000.0,2.287673826013707
68,76700000000.0,2.2894031193110953
69,76725000000.0,2.2910887950314813
70,76750000000.0,2.292729169942007
71,76775000000.0,2.294322690714421
72,76800000000.0,2.295867934594671
73,76825000000.0,2.2973636096819594
74,76850000000.0,2.2988085550765485
75,76875000000.0,2.300288494893702
76,76900000000.0,2.301729621479322
77,76925000000.0,2.3031185090513597
78,76950000000.0,2.30445440284817
79,76975000000.0,2.305736673142694
80,77000000000.0,2.306964814277323
81,77025000000.0,2.3081384436159755
82,77050000000.0,2.309257300155583
83,77075000000.0,2.3103212430794255
84,77100000000.0,2.3113302500255486
85,77125000000.0,2.312284415153564
86,77150000000.0,2.313183947106793
87,77175000000.0,2.3140291666835986
88,77200000000.0,2.3148205043657777
89,77225000000.0,2.315558497773153
90,77250000000.0,2.316243788655685
91,77275000000.0,2.31687712003379
92,77300000000.0,2.317459332950009
93,77325000000.0,2.317991363157732
94,77350000000.0,2.318474237561465
95,77375000000.0,2.3189090705933606
96,77400000000.0,2.3192970603529073
97,77425000000.0,2.3196394846983925
98,77450000000.0,2.3199376970725067
99,77475000000.0,2.320193122249643
100,77500000000.0,2.320407252011864
101,77525000000.0,2.3205816406714863
102,77550000000.0,2.3207179003627716
103,77575000000.0,2.3208176964411167
104,77600000000.0,2.3208827426609084
105,77625000000.0,2.3209147962614773
106,77650000000.0,2.320915653069725
107,77675000000.0,2.320887142431667
108,77700000000.0,2.3208311221822724
109,77725000000.0,2.3207494735601846
110,77750000000.0,2.3206440960632944
111,77775000000.0,2.320516902318572
112,77800000000.0,2.320369812977354
113,77825000000.0,2.3202047515260453
114,77850000000.0,2.3200236393084865
115,77875000000.0,2.3198283903527006
116,77900000000.0,2.3196209064818376
117,77925000000.0,2.3194030723400316
118,77950000000.0,2.3191767505639627
119,77975000000.0,2.318943777060036
120,78000000000.0,2.318705956332667
121,78025000000.0,2.3184650570000183
122,78050000000.0,2.318222807433633
123,78075000000.0,2.317980891542568
124,78100000000.0,2.3177409446720887
125,78125000000.0,2.3175045497355695
126,78150000000.0,2.3172732335132116
127,78175000000.0,2.3170484631436885
128,78200000000.0,2.316831642791298
129,78225000000.0,2.3166241105204213
130,78250000000.0,2.3164271354954096
131,78275000000.0,2.3162419152486056
132,78300000000.0,2.31606957326193
133,78325000000.0,2.315911156838888
134,78350000000.0,2.315767635072702
135,78375000000.0,2.31563989718137
136,78400000000.0,2.315528751111194
137,78425000000.0,2.3154349222264385
138,78450000000.0,2.3153590524021395
139,78475000000.0,2.3153016993940354
140,78500000000.0,2.3152633362689814
141,78525000000.0,2.3152443512780954
142,78550000000.0,2.3152450478404623
143,78575000000.0,2.315265644929954
144,78600000000.0,2.3153062774681104
145,78625000000.0,2.315366997173443
146,78650000000.0,2.315447773580233
147,78675000000.0,2.3155484951044083
148,78700000000.0,2.3156689706556444
149,78725000000.0,2.315808931167272
150,78750000000.0,2.3159680314779054
151,78775000000.0,2.3161458523362013
152,78800000000.0,2.316341902717002
153,78825000000.0,2.3165556221409
154,78850000000.0,2.3167863833123663
155,78875000000.0,2.3170334948062523
156,78900000000.0,2.3172962040186897
157,78925000000.0,2.3175737001427046
158,78950000000.0,2.317865117380988
159,78975000000.0,2.3181695382369627
160,79000000000.0,2.3184859968967344
161,79025000000.0,2.3188134827174167
162,79050000000.0,2.319150943815678
163,79075000000.0,2.3194972908594136
164,79100000000.0,2.319851400637538
165,79125000000.0,2.3202121200430987
166,79150000000.0,2.3205782697952664
167,79175000000.0,2.3209486484537183
168,79200000000.0,2.3213220362912015
169,79225000000.0,2.3216971992628377
170,79250000000.0,2.3220728930061543
171,79275000000.0,2.322447866745544
172,79300000000.0,2.32282086733771
173,79325000000.0,2.3231906431819223
174,79350000000.0,2.323555948082227
175,79375000000.0,2.3239155452356774
176,79400000000.0,2.3242682110364408
177,79425000000.0,2.3246127387664566
178,79450000000.0,2.324947942469255
179,79475000000.0,2.325272660543742
180,79500000000.0,2.32558575925821
181,79525000000.0,2.325886136329953
182,79550000000.0,2.326172724269404
183,79575000000.0,2.326444493699546
184,79600000000.0,2.326700456514113
185,79625000000.0,2.3269396689369994
186,79650000000.0,2.3271612345274533
187,79675000000.0,2.3273643069189403
188,79700000000.0,2.3275480925433234
189,79725000000.0,2.3277118530881484
190,79750000000.0,2.3278549080033093
191,79775000000.0,2.3279766366298382
192,79800000000.0,2.328076480306901
193,79825000000.0,2.328153944218814
194,79850000000.0,2.328208599243905
195,79875000000.0,2.3282400833727426
196,79900000000.0,2.3282481031744844
197,79925000000.0,2.328232434963158
198,79950000000.0,2.328192925774103
199,79975000000.0,2.328129494227708
200,80000000000.0,2.328042131103482
201,80025000000.0,2.3279308998220847
202,80050000000.0,2.3277959365927403
203,80075000000.0,2.327637450485981
204,80100000000.0,2.3274557232810453
205,80125000000.0,2.327251109036646
206,80150000000.0,2.327024033582827
207,80175000000.0,2.3267749936641104
208,80200000000.0,2.3265045560420043
209,80225000000.0,2.3262133562492884
210,80250000000.0,2.3259020972549087
211,80275000000.0,2.3255715479433876
212,80300000000.0,2.3252225412450716
213,80325000000.0,2.324855972326316
214,80350000000.0,2.324472796404578
215,80375000000.0,2.324074026434569
216,80400000000.0,2.323660730683174
217,80425000000.0,2.323234030101716
218,80450000000.0,2.3227950955367898
219,80475000000.0,2.322345144750238
220,80500000000.0,2.3218854394472666
221,80525000000.0,2.321417281979564
222,80550000000.0,2.3209420121139503
223,80575000000.0,2.3204610035039437
224,80600000000.0,2.319975660261339
225,80625000000.0,2.31948741323696
226,80650000000.0,2.318997716414092
227,80675000000.0,2.318508043080999
228,80700000000.0,2.31801988201434
229,80725000000.0,2.3175347336852594
230,80750000000.0,2.317054106311723
231,80775000000.0,2.3165795119540484
232,80800000000.0,2.3161124626652376
233,80825000000.0,2.3156544665099004
234,80850000000.0,2.3152070237501245
235,80875000000.0,2.3147716229712
236,80900000000.0,2.3143497373263133
237,80925000000.0,2.3139428207238217
238,80950000000.0,2.313552304227203
239,80975000000.0,2.3131795924470446
240,81000000000.0,2.3128260600497814
241,81025000000.0,2.3124930483354795
242,81050000000.0,2.312181862036476
243,81075000000.0,2.311893766060723
244,81100000000.0,2.311629982605873
245,81125000000.0,2.3113916881033916
246,81150000000.0,2.3111800106709843
247,81175000000.0,2.3109960274008534
248,81200000000.0,2.3108407620055242
249,81225000000.0,2.310715182560476
250,81250000000.0,2.3106201994342292
251,81275000000.0,2.3105566633604147
252,81300000000.0,2.3105253637700494
253,81325000000.0,2.310527027240442
254,81350000000.0,2.3105623160967537
255,81375000000.0,2.3106318273334496
256,81400000000.0,2.3107360915732795
257,81425000000.0,2.3108755723597727
258,81450000000.0,2.311050665453638
259,81475000000.0,2.311261698505339
260,81500000000.0,2.3115089308030212
261,81525000000.0,2.3117925532597723
262,81550000000.0,2.312112688487323
263,81575000000.0,2.3124693911351675
264,81600000000.0,2.312862648403846
265,81625000000.0,2.3132923807207666
266,81650000000.0,2.31375844241617
267,81675000000.0,2.314260622880953
268,81700000000.0,2.3147986475963345
269,81725000000.0,2.3153721794024555
270,81750000000.0,2.315980819973999
271,81775000000.0,2.3166241113347157
272,81800000000.0,2.317301537500387
273,81825000000.0,2.3180125263931233
274,81850000000.0,2.318756451641895
275,81875000000.0,2.319532634690154
276,81900000000.0,2.320340346868602
277,81925000000.0,2.321178811658441
278,81950000000.0,2.3220472069287483
279,81975000000.0,2.3229446674236036
280,82000000000.0,2.3238702871098473
281,82025000000.0,2.3248231217826545
282,82050000000.0,2.325802191564894
283,82075000000.0,2.3268064835976934
284,82100000000.0,2.3278349546596795
285,82125000000.0,2.3288865338861005
286,82150000000.0,2.3299601254587774
287,82175000000.0,2.3310546114334754
288,82200000000.0,2.33216885440736
289,82225000000.0,2.3333017003170484
290,82250000000.0,2.334451981231585
291,82275000000.0,2.3356185180432263
292,82300000000.0,2.336800123277478
293,82325000000.0,2.337995603741235
294,82350000000.0,2.3392037633007647
295,82375000000.0,2.3404234054378144
296,82400000000.0,2.3416533359877207
297,82425000000.0,2.34289236562445
298,82450000000.0,2.344139312406018
299,82475000000.0,2.3453930043234776
300,82500000000.0,2.346652281621405
301,82525000000.0,2.3479159991799947
302,82550000000.0,2.3491830288222966
303,82575000000.0,2.3504522614763763
304,82600000000.0,2.351722609361211
305,82625000000.0,2.352993008019214
306,82650000000.0,2.3542624182318326
307,82675000000.0,2.3555298279613943
308,82700000000.0,2.3567942541120392
309,82725000000.0,2.358054744244093
310,82750000000.0,2.359310378131357
311,82775000000.0,2.3605602692596
312,82800000000.0,2.3618035663142987
313,82825000000.0,2.3630394543458078
314,82850000000.0,2.364267156052362
315,82875000000.0,2.365485932804097
316,82900000000.0,2.366695085673001
317,82925000000.0,2.3678939562500894
318,82950000000.0,2.369081927468364
319,82975000000.0,2.370258424196794
320,83000000000.0,2.3714229137947127
321,83025000000.0,2.3725749065633774
322,83050000000.0,2.373713956058772
323,83075000000.0,2.3748396592891514
324,83100000000.0,2.3759516568903183
325,83125000000.0,2.377049632985931
326,83150000000.0,2.378133315270733
327,83175000000.0,2.379202474600726
328,83200000000.0,2.3802569248424454
329,83225000000.0,2.381296522372499
330,83250000000.0,2.382321165565454
331,83275000000.0,2.383330794225522
332,83300000000.0,2.3843253888516314
333,83325000000.0,2.385304969809152
334,83350000000.0,2.3862695965226086
335,83375000000.0,2.3872193664149157
336,83400000000.0,2.388154413895374
337,83425000000.0,2.3890749092480412
338,83450000000.0,2.389981057354944
339,83475000000.0,2.390873096427515
340,83500000000.0,2.3917512967127936
341,83525000000.0,2.3926159589784244
342,83550000000.0,2.3934674131295903
343,83575000000.0,2.3943060165798573
344,83600000000.0,2.3951321527081646
345,83625000000.0,2.3959462292477123
346,83650000000.0,2.3967486765584516
347,83675000000.0,2.397539945900318
348,83700000000.0,2.3983205077832785
349,83725000000.0,2.3990908500268855
350,83750000000.0,2.3998514761270697
351,83775000000.0,2.400602903288788
352,83800000000.0,2.4013456606885426
353,83825000000.0,2.4020802875892877
354,83850000000.0,2.402807331518314
355,83875000000.0,2.4035273463872766
356,83900000000.0,2.404240890686426
357,83925000000.0,2.404948525659397
358,83950000000.0,2.40565081345486
359,83975000000.0,2.406348315405653
360,84000000000.0,2.407041590196891
361,84025000000.0,2.407731192215037
362,84050000000.0,2.4084176697736552
363,84075000000.0,2.4091015634977344
364,84100000000.0,2.4097834047629623
365,84125000000.0,2.410463714056977
366,84150000000.0,2.4111429994989964
367,84175000000.0,2.4118217554424386
368,84200000000.0,2.4125004610222076
369,84225000000.0,2.413179578833042
370,84250000000.0,2.41385955370918
371,84275000000.0,2.414540811518724
372,84300000000.0,2.415223758021757
373,84325000000.0,2.4159087778716826
374,84350000000.0,2.416596233653936
375,84375000000.0,2.4172864649414936
376,84400000000.0,2.417979787522343
377,84425000000.0,2.4186764927276023
378,84450000000.0,2.419376846715886
379,84475000000.0,2.420081089973242
380,84500000000.0,2.4207894368096308
381,84525000000.0,2.4215020750080516
382,84550000000.0,2.4222191654826233
383,84575000000.0,2.4229408421248295
384,84600000000.0,2.4236672116366673
385,84625000000.0,2.424398353442525
386,84650000000.0,2.425134319855661
387,84675000000.0,2.425875136079492
388,84700000000.0,2.426620800437992
389,84725000000.0,2.427371284680148
390,84750000000.0,2.4281265343395
391,84775000000.0,2.4288864691433045
392,84800000000.0,2.4296509835095788
393,84825000000.0,2.430419947157666
394,84850000000.0,2.4311932056946985
395,84875000000.0,2.431970581400322
396,84900000000.0,2.4327518739173737
397,84925000000.0,2.4335368611185872
398,84950000000.0,2.434325299989938
399,84975000000.0,2.435116927529477
400,85000000000.0,2.4359114617928244
401,85025000000.0,2.43670860285893
402,85050000000.0,2.4375080339398645
403,85075000000.0,2.4383094224422996
404,85100000000.0,2.4391124211512696
405,85125000000.0,2.439916669418415
406,85150000000.0,2.440721794266006
407,85175000000.0,2.441527411701192
408,85200000000.0,2.442333127918972
409,85225000000.0,2.443138540565904
410,85250000000.0,2.4439432399512997
411,85275000000.0,2.4447468104163184
412,85300000000.0,2.4455488314867635
413,85325000000.0,2.4463488792829566
414,85350000000.0,2.4471465276706703
415,85375000000.0,2.447941349592283
416,85400000000.0,2.4487329182927398
417,85425000000.0,2.449520808588563
418,85450000000.0,2.450304598024173
419,85475000000.0,2.4510838681245732
420,85500000000.0,2.4518582055597986
421,85525000000.0,2.4526272032883596
422,85550000000.0,2.4533904616825875
423,85575000000.0,2.454147589524177
424,85600000000.0,2.4548982052309514
425,85625000000.0,2.4556419377026484
426,85650000000.0,2.4563784273371914
427,85675000000.0,2.457107327025285
428,85700000000.0,2.4578283029156855
429,85725000000.0,2.4585410353335995
430,85750000000.0,2.459245219506604
431,85775000000.0,2.4599405663606033
432,85800000000.0,2.460626803138772
433,85825000000.0,2.461303674062777
434,85850000000.0,2.4619709408892576
435,85875000000.0,2.462628383416817
436,85900000000.0,2.463275799995193
437,85925000000.0,2.463913007843668
438,85950000000.0,2.464539843450675
439,85975000000.0,2.4651561628352767
440,86000000000.0,2.465761841789696
441,86025000000.0,2.4663567760200524
442,86050000000.0,2.466940881260785
443,86075000000.0,2.467514093310074
444,86100000000.0,2.468076368048999
445,86125000000.0,2.4686276813417845
446,86150000000.0,2.4691680288932525
447,86175000000.0,2.4696974261427425
448,86200000000.0,2.4702159079303687
449,86225000000.0,2.4707235282381506
450,86250000000.0,2.471220359872235
451,86275000000.0,2.471706494042656
452,86300000000.0,2.4721820399083
453,86325000000.0,2.4726471240833146
454,86350000000.0,2.4731018901218467
455,86375000000.0,2.473546497909697
456,86400000000.0,2.4739811230561584
457,86425000000.0,2.4744059561995506
458,86450000000.0,2.4748212023130876
459,86475000000.0,2.4752270800181813
460,86500000000.0,2.4756238207373458
461,86525000000.0,2.4760116679895865
462,86550000000.0,2.476390876435847
463,86575000000.0,2.476761711186458
464,86600000000.0,2.4771244468077995
465,86625000000.0,2.47747936651136
466,86650000000.0,2.477826761225183
467,86675000000.0,2.4781669286761496
468,86700000000.0,2.4785001725067044
469,86725000000.0,2.47882680130618
470,86750000000.0,2.47914712774703
471,86775000000.0,2.479461467576922
472,86800000000.0,2.479770138755813
473,86825000000.0,2.4800734605366648
474,86850000000.0,2.4803717525680953
475,86875000000.0,2.4806653339739797
476,86900000000.0,2.480954522492395
477,86925000000.0,2.481239633652779
478,86950000000.0,2.4815209799299653
479,86975000000.0,2.481798869866159
480,87000000000.0,2.482073607438339
481,87025000000.0,2.482345491114111
482,87050000000.0,2.482614813345018
483,87075000000.0,2.482881859716233
484,87100000000.0,2.4831469083458355
485,87125000000.0,2.4834102293016627
486,87150000000.0,2.483672084014237
487,87175000000.0,2.4839327247344913
488,87200000000.0,2.484192394060174
489,87225000000.0,2.484451324477388
490,87250000000.0,2.4847097379850727
491,87275000000.0,2.4849678457142383
492,87300000000.0,2.4852258476524245
493,87325000000.0,2.48548393234423
494,87350000000.0,2.4857422767439403
495,87375000000.0,2.4860010459819843
496,87400000000.0,2.4862603933101948
497,87425000000.0,2.4865204599793502
498,87450000000.0,2.4867813752756955
499,87475000000.0,2.4870432565143665
500,87500000000.0,2.48730620909745
501,87525000000.0,2.487570326701949
502,87550000000.0,2.487835691328646
503,87575000000.0,2.488102373618704
504,87600000000.0,2.488370433064146
505,87625000000.0,2.488639918248371
506,87650000000.0,2.488910867238413
507,87675000000.0,2.4891833079269157
508,87700000000.0,2.4894572583754146
509,87725000000.0,2.48973272737428
510,87750000000.0,2.490009714742699
511,87775000000.0,2.4902882119374636
512,87800000000.0,2.4905682025325118
513,87825000000.0,2.4908496627475887
514,87850000000.0,2.49113256202132
515,87875000000.0,2.491416863571199
516,87900000000.0,2.4917025250245524
517,87925000000.0,2.491989499009468
518,87950000000.0,2.492277733780959
519,87975000000.0,2.492567173823102
520,88000000000.0,2.492857760546693
521,88025000000.0,2.49314943282466
522,88050000000.0,2.493442127754221
523,88075000000.0,2.493735781232835
524,88100000000.0,2.4940303285242162
525,88125000000.0,2.4943257050121246
526,88150000000.0,2.4946218467099515
527,88175000000.0,2.494918690925107
528,88200000000.0,2.495216176788197
529,88225000000.0,2.4955142458838973
530,88250000000.0,2.495812842763436
531,88275000000.0,2.4961119154740574
532,88300000000.0,2.4964114160474304
533,88325000000.0,2.496711301045967
534,88350000000.0,2.497011531943286
535,88375000000.0,2.497312075542763
536,88400000000.0,2.4976129044385202
537,88425000000.0,2.4979139973115045
538,88450000000.0,2.498215339271308
539,88475000000.0,2.498516922135845
540,88500000000.0,2.498818744740854
541,88525000000.0,2.4991208130663853
542,88550000000.0,2.4994231405161527
543,88575000000.0,2.4997257479544186
544,88600000000.0,2.5000286639136395
545,88625000000.0,2.500331924565488
546,88650000000.0,2.500635573824499
547,88675000000.0,2.5009396633035235
548,88700000000.0,2.50124425221665
549,88725000000.0,2.5015494073640943
550,88750000000.0,2.5018552029835037
551,88775000000.0,2.5021617205446827
552,88800000000.0,2.5024690485652723
553,88825000000.0,2.5027772823974015
554,88850000000.0,2.5030865239404396
555,88875000000.0,2.50339688134578
556,88900000000.0,2.5037084686178517
557,88925000000.0,2.5040214053712595
558,88950000000.0,2.5043358162890526
559,88975000000.0,2.504651830795469
560,89000000000.0,2.50496958260225
561,89025000000.0,2.5052892091918286
562,89050000000.0,2.505610851346539
563,89075000000.0,2.505934652638024
564,89100000000.0,2.506260758907529
565,89125000000.0,2.506589317721935
566,89150000000.0,2.506920477784901
567,89175000000.0,2.507254388422016
568,89200000000.0,2.5075911989564563
569,89225000000.0,2.5079310581830674
570,89250000000.0,2.508274113746179
571,89275000000.0,2.508620511552544
572,89300000000.0,2.5089703952832965
573,89325000000.0,2.50932390567626
574,89350000000.0,2.5096811801002445
575,89375000000.0,2.5100423518917294
576,89400000000.0,2.5104075498881353
577,89425000000.0,2.5107768978783773
578,89450000000.0,2.511150514031449
579,89475000000.0,2.5115285105223304
580,89500000000.0,2.511910992934782
581,89525000000.0,2.512298059901261
582,89550000000.0,2.51268980264408
583,89575000000.0,2.5130863046097547
584,89600000000.0,2.513487641029898
585,89625000000.0,2.513893878650616
586,89650000000.0,2.5143050754413574
587,89675000000.0,2.514721280249109
588,89700000000.0,2.5151425326215366
589,89725000000.0,2.515568862596634
590,89750000000.0,2.5160002904786625
591,89775000000.0,2.5164368268503186
592,89800000000.0,2.5168784722767477
593,89825000000.0,2.5173252174473446
594,89850000000.0,2.517777043056061
595,89875000000.0,2.518233919834004
596,89900000000.0,2.518695808666101
597,89925000000.0,2.5191626606290285
598,89950000000.0,2.519634417174643
599,89975000000.0,2.5201110102988844
600,90000000000.0,2.520592362742647
601,90025000000.0,2.5210783882627905
602,90050000000.0,2.521568991943702
603,90075000000.0,2.5220640704533714
604,90100000000.0,2.522563512473903
605,90125000000.0,2.5230671990265545
606,90150000000.0,2.523575003972239
607,90175000000.0,2.524086794384195
608,90200000000.0,2.524602431045753
609,90225000000.0,2.525121769007307
610,90250000000.0,2.525644658048755
611,90275000000.0,2.5261709432647836
612,90300000000.0,2.526700465610615
613,90325000000.0,2.5272330625548816
614,90350000000.0,2.5277685685827223
615,90375000000.0,2.5283068159149744
616,90400000000.0,2.52884763509075
617,90425000000.0,2.5293908556002944
618,90450000000.0,2.529936306580043
619,90475000000.0,2.5304838173976405
620,90500000000.0,2.5310332183604825
621,90525000000.0,2.5315843413641934
622,90550000000.0,2.532137020501583
623,90575000000.0,2.5326910927643587
624,90600000000.0,2.533246398665491
625,90625000000.0,2.5338027828307936
626,90650000000.0,2.534360094666466
627,90675000000.0,2.534918188923179
628,90700000000.0,2.5354769263360293
629,90725000000.0,2.5360361741079878
630,90750000000.0,2.5365958065296175
631,90775000000.0,2.5371557054665086
632,90800000000.0,2.537715760828986
633,90825000000.0,2.538275871120669
634,90850000000.0,2.538835943797452
635,90875000000.0,2.539395895695722
636,90900000000.0,2.539955653449129
637,90925000000.0,2.5405151537653397
638,90950000000.0,2.541074343771946
639,90975000000.0,2.5416331812939466
640,91000000000.0,2.542191635006862
641,91025000000.0,2.5427496847214055
642,91050000000.0,2.543307321506693
643,91075000000.0,2.5438645477380932
644,91100000000.0,2.5444213772052455
645,91125000000.0,2.544977835152409
646,91150000000.0,2.5455339582418417
647,91175000000.0,2.5460897944459373
648,91200000000.0,2.546645403001746
649,91225000000.0,2.5472008542267006
650,91250000000.0,2.5477562293146576
651,91275000000.0,2.548311620118005
652,91300000000.0,2.5488671288355205
653,91325000000.0,2.5494228677224875
654,91350000000.0,2.549978958690538
655,91375000000.0,2.5505355329504344
656,91400000000.0,2.5510927305037283
657,91425000000.0,2.551650699702575
658,91450000000.0,2.5522095966956186
659,91475000000.0,2.5527695849348984
660,91500000000.0,2.553330834499497
661,91525000000.0,2.553893521524882
662,91550000000.0,2.554457827599437
663,91575000000.0,2.555023938983192
664,91600000000.0,2.5555920459441683
665,91625000000.0,2.5561623420698774
666,91650000000.0,2.5567350234774393
667,91675000000.0,2.5573102880670104
668,91700000000.0,2.5578883347312806
669,91725000000.0,2.558469362543759
670,91750000000.0,2.5590535699663186
671,91775000000.0,2.5596411540428594
672,91800000000.0,2.5602323095745123
673,91825000000.0,2.560827228285513
674,91850000000.0,2.5614260980097523
675,91875000000.0,2.5620291018709658
676,91900000000.0,2.5626364174682514
677,91925000000.0,2.5632482160921315
678,91950000000.0,2.5638646618964875
679,91975000000.0,2.5644859111665275
680,92000000000.0,2.565112111511346
681,92025000000.0,2.5657434011903875
682,92050000000.0,2.5663799082983765
683,92075000000.0,2.5670217501943915
684,92100000000.0,2.567669032753596
685,92125000000.0,2.5683218497935747
686,92150000000.0,2.568980282407667
687,92175000000.0,2.569644398468216
688,92200000000.0,2.57031425206781
689,92225000000.0,2.5709898830309963
690,92250000000.0,2.5716713164831173
691,92275000000.0,2.5723585624460457
692,92300000000.0,2.573051615463973
693,92325000000.0,2.5737504542821212
694,92350000000.0,2.574455041631176
695,92375000000.0,2.5751653239462047
696,92400000000.0,2.5758812312210755
697,92425000000.0,2.5766026769013717
698,92450000000.0,2.5773295577970643
699,92475000000.0,2.5780617540524435
700,92500000000.0,2.5787991292297257
701,92525000000.0,2.5795415303346765
702,92550000000.0,2.580288787943435
703,92575000000.0,2.5810407164449223
704,92600000000.0,2.5817971142351666
705,92625000000.0,2.5825577640097777
706,92650000000.0,2.583322433078206
707,92675000000.0,2.584090873776307
708,92700000000.0,2.58486282387791
709,92725000000.0,2.585638007069831
710,92750000000.0,2.5864161334644153
711,92775000000.0,2.5871969002192285
712,92800000000.0,2.58797999201746
713,92825000000.0,2.5887650818465398
714,92850000000.0,2.5895518315928174
715,92875000000.0,2.590339892820664
716,92900000000.0,2.5911289074705657
717,92925000000.0,2.591918508684936
718,92950000000.0,2.5927083216333844
719,92975000000.0,2.5934979643104326
720,93000000000.0,2.5942870484726113
721,93025000000.0,2.5950751804560164
722,93050000000.0,2.5958619621930836
723,93075000000.0,2.59664699204087
724,93100000000.0,2.5974298658064114
725,93125000000.0,2.598210177689235
726,93150000000.0,2.5989875212717095
727,93175000000.0,2.599761490454006
728,93200000000.0,2.600531680531648
729,93225000000.0,2.601297689110975
730,93250000000.0,2.602059117141719
731,93275000000.0,2.6028155699160154
732,93300000000.0,2.6035666580555876
733,93325000000.0,2.604311998457356
734,93350000000.0,2.6050512153379035
735,93375000000.0,2.60578394112673
736,93400000000.0,2.6065098174733063
737,93425000000.0,2.6072284960936267
738,93450000000.0,2.6079396397816765
739,93475000000.0,2.6086429232354447
740,93500000000.0,2.60933803393777
741,93525000000.0,2.6100246729946575
742,93550000000.0,2.6107025559117796
743,93575000000.0,2.6113714134652994
744,93600000000.0,2.6120309923209026
745,93625000000.0,2.612681055871438
746,93650000000.0,2.6133213847940553
747,93675000000.0,2.6139517777550516
748,93700000000.0,2.6145720520068174
749,93725000000.0,2.6151820438994307
750,93750000000.0,2.6157816093764823
751,93775000000.0,2.6163706245226037
752,93800000000.0,2.6169489858625643
753,93825000000.0,2.617516610794689
754,93850000000.0,2.6180734379063573
755,93875000000.0,2.6186194271799605
756,93900000000.0,2.619154560264962
757,93925000000.0,2.619678840615519
758,93950000000.0,2.620192293546158
759,93975000000.0,2.6206949663504897
760,94000000000.0,2.621186928272503
761,94025000000.0,2.6216682704092897
762,94050000000.0,2.622139105607974
763,94075000000.0,2.622599568315003
764,94100000000.0,2.62304981430211
765,94125000000.0,2.623490020424156
766,94150000000.0,2.62392038423163
767,94175000000.0,2.624341123600554
768,94200000000.0,2.624752476243697
769,94225000000.0,2.6251546992627715
770,94250000000.0,2.6255480685135337
771,94275000000.0,2.6259328780449533
772,94300000000.0,2.626309439444484
773,94325000000.0,2.6266780810664843
774,94350000000.0,2.6270391473390378
775,94375000000.0,2.627392997893135
776,94400000000.0,2.627740006784857
777,94425000000.0,2.628080561557111
778,94450000000.0,2.628415062315942
779,94475000000.0,2.628743920786653
780,94500000000.0,2.6290675593109567
781,94525000000.0,2.6293864097554316
782,94550000000.0,2.6297009125430035
783,94575000000.0,2.630011515507708
784,94600000000.0,2.630318672811687
785,94625000000.0,2.6306228437600474
786,94650000000.0,2.630924491771578
787,94675000000.0,2.6312240830778753
788,94700000000.0,2.631522085684763
789,94725000000.0,2.631818968114565
790,94750000000.0,2.632115198238443
791,94775000000.0,2.632411242143437
792,94800000000.0,2.6327075629195758
793,94825000000.0,2.633004619535857
794,94850000000.0,2.6333028656375155
795,94875000000.0,2.6336027484501954
796,94900000000.0,2.6339047076288655
797,94925000000.0,2.6342091742172205
798,94950000000.0,2.634516569496184
799,94975000000.0,2.634827304009229
800,95000000000.0,2.635141776530885
801,95025000000.0,2.6354603730768655
802,95050000000.0,2.6357834659871853
803,95075000000.0,2.63611141298422
804,95100000000.0,2.636444556422478
805,95125000000.0,2.6367832223402554
806,95150000000.0,2.637127719813236
807,95175000000.0,2.63747834020563
808,95200000000.0,2.637835356489904
809,95225000000.0,2.638199022686056
810,95250000000.0,2.6385695732998657
811,95275000000.0,2.638947222816181
812,95300000000.0,2.639332165325957
813,95325000000.0,2.639724574084604
814,95350000000.0,2.6401246012718986
815,95375000000.0,2.6405323776890928
816,95400000000.0,2.6409480126016347
817,95425000000.0,2.6413715936347995
818,95450000000.0,2.6418031866928464
819,95475000000.0,2.6422428359344092
820,95500000000.0,2.642690563929539
821,95525000000.0,2.643146371669177
822,95550000000.0,2.6436102388065383
823,95575000000.0,2.644082123928048
824,95600000000.0,2.644561964832203
825,95625000000.0,2.6450496788680185
826,95650000000.0,2.6455451633828684
827,95675000000.0,2.6460482961865344
828,95700000000.0,2.6465589360785398
829,95725000000.0,2.647076923410358
830,95750000000.0,2.6476020807040346
831,95775000000.0,2.648134213327655
832,95800000000.0,2.6486731102213112
833,95825000000.0,2.649218544638062
834,95850000000.0,2.6497702749149945
835,95875000000.0,2.650328045341854
836,95900000000.0,2.65089158697487
837,95925000000.0,2.6514606186005323
838,95950000000.0,2.6520348475860667
839,95975000000.0,2.652613970834234
840,96000000000.0,2.653197675827236
841,96025000000.0,2.653785641515179
842,96050000000.0,2.65437753937969
843,96075000000.0,2.654973034440035
844,96100000000.0,2.6555717862848627
845,96125000000.0,2.656173450084063
846,96150000000.0,2.656777677690111
847,96175000000.0,2.657384118597763
848,96200000000.0,2.6579924210795505
849,96225000000.0,2.6586022331407198
850,96250000000.0,2.6592132036065763
851,96275000000.0,2.6598249831007372
852,96300000000.0,2.6604372251002553
853,96325000000.0,2.6610495869151425
854,96350000000.0,2.6616617306129697
855,96375000000.0,2.6622733240467698
856,96400000000.0,2.6628840417673296
857,96425000000.0,2.6634935658853673
858,96450000000.0,2.664101587026884
859,96475000000.0,2.6647078051115303
860,96500000000.0,2.6653119302106014
861,96525000000.0,2.665913683315045
862,96550000000.0,2.6665127970909324
863,96575000000.0,2.6671090165735993
864,96600000000.0,2.667702099851826
865,96625000000.0,2.668291818680828
866,96650000000.0,2.668877959065582
867,96675000000.0,2.669460321812845
868,96700000000.0,2.6700387230079103
869,96725000000.0,2.670612994462734
870,96750000000.0,2.671182984121313
871,96775000000.0,2.671748556390888
872,96800000000.0,2.672309592458162
873,96825000000.0,2.672865990513424
874,96850000000.0,2.6734176659651587
875,96875000000.0,2.6739645515660446
876,96900000000.0,2.674506597520322
877,96925000000.0,2.6750437715029864
878,96950000000.0,2.6755760586659676
879,96975000000.0,2.676103461555135
880,97000000000.0,2.676626000002808
881,97025000000.0,2.6771437109583136
882,97050000000.0,2.677656648259128
883,97075000000.0,2.6781648823756683
884,97100000000.0,2.6786685000810646
885,97125000000.0,2.6791676040874854
886,97150000000.0,2.679662312639868
887,97175000000.0,2.6801527590435903
888,97200000000.0,2.6806390911730062
889,97225000000.0,2.6811214709203117
890,97250000000.0,2.6816000736121364
891,97275000000.0,2.6820750873815262
892,97300000000.0,2.6825467125075577
893,97325000000.0,2.683015160720313
894,97350000000.0,2.6834806544663294
895,97375000000.0,2.683943426156599
896,97400000000.0,2.684403717371681
897,97425000000.0,2.684861778055657
898,97450000000.0,2.685317865671171
899,97475000000.0,2.685772244359781
900,97500000000.0,2.686225184049561
901,97525000000.0,2.6866769595824547
902,97550000000.0,2.6871278498073514
903,97575000000.0,2.6875781366775646
904,97600000000.0,2.688028104330503
905,97625000000.0,2.6884780381781708
906,97650000000.0,2.6889282239843952
907,97675000000.0,2.689378946950406
908,97700000000.0,2.689830490814252
909,97725000000.0,2.6902831369424334
910,97750000000.0,2.69073716344652
911,97775000000.0,2.691192844308088
912,97800000000.0,2.691650448522956
913,97825000000.0,2.692110239266179
914,97850000000.0,2.6925724730740663
915,97875000000.0,2.693037399057806
916,97900000000.0,2.693505258140875
917,97925000000.0,2.6939762823269953
918,97950000000.0,2.694450693999829
919,97975000000.0,2.6949287052595983
920,98000000000.0,2.695410517288282
921,98025000000.0,2.6958963197610846
922,98050000000.0,2.696386290293874
923,98075000000.0,2.6968805939291816
924,98100000000.0,2.6973793826690753
925,98125000000.0,2.6978827950564646
926,98150000000.0,2.698390955779642
927,98175000000.0,2.6989039753526
928,98200000000.0,2.699421949822444
929,98225000000.0,2.6999449605237023
930,98250000000.0,2.7004730738947154
931,98275000000.0,2.7010063413252614
932,98300000000.0,2.7015447990616472
933,98325000000.0,2.7020884681601496
934,98350000000.0,2.702637354484188
935,98375000000.0,2.703191448748616
936,98400000000.0,2.70375072661791
937,98425000000.0,2.704315148838208
938,98450000000.0,2.7048846614275592
939,98475000000.0,2.7054591959088787
940,98500000000.0,2.7060386695739047
941,98525000000.0,2.7066229858036466
942,98550000000.0,2.7072120344228536
943,98575000000.0,2.707805692098944
944,98600000000.0,2.7084038227712974
945,98625000000.0,2.709006278121177
946,98650000000.0,2.7096128980827947
947,98675000000.0,2.71022351136842
948,98700000000.0,2.7108379360449937
949,98725000000.0,2.711455980128985
950,98750000000.0,2.712077442207846
951,98775000000.0,2.7127021120864727
952,98800000000.0,2.713329771461929
953,98825000000.0,2.7139601946076466
954,98850000000.0,2.7145931490859843
955,98875000000.0,2.7152283964725368
956,98900000000.0,2.715865693084853
957,98925000000.0,2.716504790740504
958,98950000000.0,2.717145437508692
959,98975000000.0,2.7177873784712454
960,99000000000.0,2.718430356491008
961,99025000000.0,2.719074112983831
962,99050000000.0,2.7197183886796283
963,99075000000.0,2.720362924387568
964,99100000000.0,2.7210074617602467
965,99125000000.0,2.721651744039314
966,99150000000.0,2.722295516800994
967,99175000000.0,2.7229385286818912
968,99200000000.0,2.7235805320994677
969,99225000000.0,2.7242212839504556
970,99250000000.0,2.7248605462874114
971,99275000000.0,2.7254980869866485
972,99300000000.0,2.7261336803843017
973,99325000000.0,2.726767107891814
974,99350000000.0,2.7273981585932443
975,99375000000.0,2.728026629799927
976,99400000000.0,2.7286523275776826
977,99425000000.0,2.7292750672772423
978,99450000000.0,2.7298946739843517
979,99475000000.0,2.730510982973742
980,99500000000.0,2.731123840099758
981,99525000000.0,2.7317331021812383
982,99550000000.0,2.732338637340416
983,99575000000.0,2.7329403252667293
984,99600000000.0,2.73353805753597
985,99625000000.0,2.7341317377888625
986,99650000000.0,2.734721281886357
987,99675000000.0,2.7353066181316343
988,99700000000.0,2.7358876873264153
989,99725000000.0,2.7364644428221494
990,99750000000.0,2.737036850570042
991,99775000000.0,2.7376048890618954
992,99800000000.0,2.7381685493504886
993,99825000000.0,2.73872783486908
994,99850000000.0,2.739282761335706
995,99875000000.0,2.739833356586249
996,99900000000.0,2.7403796603131814
997,99925000000.0,2.740921723860085
998,99950000000.0,2.7414596099210806
999,99975000000.0,2.7419933921997632
1000,100000000000.0,2.7425231550784135
1001,100025000000.0,2.743048993176202
1002,100050000000.0,2.743571011006738
1003,100075000000.0,2.7440893223957614
1004,100100000000.0,2.744604050149052
1005,100125000000.0,2.745115325403048
1006,100150000000.0,2.745623287158204
1007,100175000000.0,2.746128081697799
1008,100200000000.0,2.746629862020209
1009,100225000000.0,2.7471287871736907
1010,100250000000.0,2.7476250217162748
1011,100275000000.0,2.748118735001081
1012,100300000000.0,2.748610100573568
1013,100325000000.0,2.7490992954585867
1014,100350000000.0,2.749586499508475
1015,100375000000.0,2.750071894749905
1016,100400000000.0,2.7505556646134313
1017,100425000000.0,2.75103799333468
1018,100450000000.0,2.751519065190508
1019,100475000000.0,2.751999063850589
1020,100500000000.0,2.7524781716906626
1021,100525000000.0,2.752956569076832
1022,100550000000.0,2.7534344337400034
1023,100575000000.0,2.7539119401098233
1024,100600000000.0,2.7543892586673016
1025,100625000000.0,2.7548665553076592
1026,100650000000.0,2.75534399073763
1027,100675000000.0,2.75582171992192
1028,100700000000.0,2.7562998914456696
1029,100725000000.0,2.7567786470555733
1030,100750000000.0,2.7572581211007114
1031,100775000000.0,2.757738440043585
1032,100800000000.0,2.7582197220268014
1033,100825000000.0,2.758702076448961
1034,100850000000.0,2.75918560354108
1035,100875000000.0,2.759670394090155
1036,100900000000.0,2.7601565290130217
1037,100925000000.0,2.760644079181772
1038,100950000000.0,2.7611331050686547
1039,100975000000.0,2.7616236566768975
1040,101000000000.0,2.7621157732674693
1041,101025000000.0,2.7626094832476773
1042,101050000000.0,2.7631048041553887
1043,101075000000.0,2.763601742576796
1044,101100000000.0,2.7641002941042894
1045,101125000000.0,2.764600443483551
1046,101150000000.0,2.765102164571431
1047,101175000000.0,2.765605420590015
1048,101200000000.0,2.766110164186588
1049,101225000000.0,2.766616337707203
1050,101250000000.0,2.7671238734024555
1051,101275000000.0,2.7676326937833666
1052,101300000000.0,2.7681427118450648
1053,101325000000.0,2.768653831530867
1054,101350000000.0,2.76916594804752
1055,101375000000.0,2.769678948353902
1056,101400000000.0,2.7701927116214895
1057,101425000000.0,2.770707109705622
1058,101450000000.0,2.7712220077142407
1059,101475000000.0,2.7717372645487455
1060,101500000000.0,2.7722527334923384
1061,101525000000.0,2.7727682627981842
1062,101550000000.0,2.7732836963754273
1063,101575000000.0,2.7737988744129263
1064,101600000000.0,2.774313634032112
1065,101625000000.0,2.7748278100500188
1066,101650000000.0,2.7753412355976046
1067,101675000000.0,2.7758537429254653
1068,101700000000.0,2.7763651640373044
1069,101725000000.0,2.7768753315246633
1070,101750000000.0,2.777384079229376
1071,101775000000.0,2.777891243042838
1072,101800000000.0,2.778396661596272
1073,101825000000.0,2.7789001770458195
1074,101850000000.0,2.779401635802502
1075,101875000000.0,2.7799008892216968
1076,101900000000.0,2.780397794365604
1077,101925000000.0,2.78089221471163
1078,101950000000.0,2.781384020781282
1079,101975000000.0,2.781873090887739
1080,102000000000.0,2.7823593117493504
1081,102025000000.0,2.782842579115939
1082,102050000000.0,2.7833227983892366
1083,102075000000.0,2.7837998852091337
1084,102100000000.0,2.7842737659793486
1085,102125000000.0,2.7847443783939476
1086,102150000000.0,2.785211671941366
1087,102175000000.0,2.785675608320795
1088,102200000000.0,2.786136161887367
1089,102225000000.0,2.786593319982364
1090,102250000000.0,2.7870470833320486
1091,102275000000.0,2.7874974662521526
1092,102300000000.0,2.787944496963183
1093,102325000000.0,2.7883882177676176
1094,102350000000.0,2.788828685194223
1095,102375000000.0,2.7892659701065083
1096,102400000000.0,2.7897001577935696
1097,102425000000.0,2.790131347909032
1098,102450000000.0,2.7905596545176468
1099,102475000000.0,2.7909852059516793
1100,102500000000.0,2.791408144660532
1101,102525000000.0,2.791828627065998
1102,102550000000.0,2.792246823286702
1103,102575000000.0,2.7926629168313424
1104,102600000000.0,2.793077104287992
1105,102625000000.0,2.793489594939736
1106,102650000000.0,2.7939006102936172
1107,102675000000.0,2.7943103835932446
1108,102700000000.0,2.794719159304578
1109,102725000000.0,2.7951271925191357
1110,102750000000.0,2.795534748356268
1111,102775000000.0,2.7959421012493832
1112,102800000000.0,2.796349534290173
1113,102825000000.0,2.796757338451704
1114,102850000000.0,2.7971658118072003
1115,102875000000.0,2.797575258707387
1116,102900000000.0,2.7979859889902485
1117,102925000000.0,2.798398317018077
1118,102950000000.0,2.798812560813095
1119,102975000000.0,2.7992290411598884
1120,103000000000.0,2.7996480805956065
1121,103025000000.0,2.800070002504471
1122,103050000000.0,2.800495130070373
1123,103075000000.0,2.8009237853485374
1124,103100000000.0,2.8013562882216463
1125,103125000000.0,2.8017929554103023
1126,103150000000.0,2.8022340994673107
1127,103175000000.0,2.802680027752522
1128,103200000000.0,2.803131041450869
1129,103225000000.0,2.8035874345841014
1130,103250000000.0,2.804049493007851
1131,103275000000.0,2.8045174934617925
1132,103300000000.0,2.8049917026184903
1133,103325000000.0,2.805472376164027
1134,103350000000.0,2.8059597578968525
1135,103375000000.0,2.8064540788462597
1136,103400000000.0,2.8069555564693895
1137,103425000000.0,2.807464393770372
1138,103450000000.0,2.807980778640072
1139,103475000000.0,2.808504883039182
1140,103500000000.0,2.809036862364776
1141,103525000000.0,2.8095768547845457
1142,103550000000.0,2.8101249806513033
1143,103575000000.0,2.8106813419811267
1144,103600000000.0,2.811246021956491
1145,103625000000.0,2.811819084459833
1146,103650000000.0,2.8124005737334166
1147,103675000000.0,2.8129905140433995
1148,103700000000.0,2.813588909385534
1149,103725000000.0,2.8141957433552944
1150,103750000000.0,2.8148109789035747
1151,103775000000.0,2.8154345583016647
1152,103800000000.0,2.8160664031448137
1153,103825000000.0,2.816706414310119
1154,103850000000.0,2.8173544721551864
1155,103875000000.0,2.8180104365667513
1156,103900000000.0,2.818674147256629
1157,103925000000.0,2.8193454240292253
1158,103950000000.0,2.820024067115584
1159,103975000000.0,2.8207098575556495
1160,104000000000.0,2.8214025576683595
1161,104025000000.0,2.822101911574129
1162,104050000000.0,2.8228076457246196
1163,104075000000.0,2.8235194695873096
1164,104100000000.0,2.8242370762471896
1165,104125000000.0,2.8249601431726954
1166,104150000000.0,2.8256883329729776
1167,104175000000.0,2.8264212941948457
1168,104200000000.0,2.8271586622093516
1169,104225000000.0,2.827900060070928
1170,104250000000.0,2.828645099488673
1171,104275000000.0,2.8293933817746093
1172,104300000000.0,2.8301444988383198
1173,104325000000.0,2.830898034250034
1174,104350000000.0,2.831653564251274
1175,104375000000.0,2.8324106588708564
1176,104400000000.0,2.8331688830221213
1177,104425000000.0,2.8339277976160364
1178,104450000000.0,2.8346869606533645
1179,104475000000.0,2.8354459284563007
1180,104500000000.0,2.836204256747669
1181,104525000000.0,2.8369615018306753
1182,104550000000.0,2.8377172217278694
1183,104575000000.0,2.8384709773720975
1184,104600000000.0,2.8392223337159566
1185,104625000000.0,2.839970860917996
1186,104650000000.0,2.840716135411064
1187,104675000000.0,2.841457741082117
1188,104700000000.0,2.8421952703198787
1189,104725000000.0,2.8429283251222843
1190,104750000000.0,2.8436565181329363
1191,104775000000.0,2.8443794736782246
1192,104800000000.0,2.845096828744018
1193,104825000000.0,2.845808233980084
1194,104850000000.0,2.8465133545696646
1195,104875000000.0,2.847211871167754
1196,104900000000.0,2.847903480755637
1197,104925000000.0,2.8485878973943914
1198,104950000000.0,2.849264853050258
1199,104975000000.0,2.8499340982773718
1200,105000000000.0,2.850595402897716
1201,105025000000.0,2.8512485566148706
1202,105050000000.0,2.851893369555855
1203,105075000000.0,2.8525296727962184
1204,105100000000.0,2.8531573188617294
1205,105125000000.0,2.8537761819931466
1206,105150000000.0,2.8543861586130777
1207,105175000000.0,2.854987167531648
1208,105200000000.0,2.855579150177338
1209,105225000000.0,2.8561620707379505
1210,105250000000.0,2.856735916258199
1211,105275000000.0,2.8573006966525916
1212,105300000000.0,2.8578564447082093
1213,105325000000.0,2.8584032159160073
1214,105350000000.0,2.858941088382559
1215,105375000000.0,2.8594701625092576
1216,105400000000.0,2.8599905607919256
1217,105425000000.0,2.8605024274246627
1218,105450000000.0,2.8610059278969313
1219,105475000000.0,2.8615012484845477
1220,105500000000.0,2.8619885957901556
1221,105525000000.0,2.86246819606341
1222,105550000000.0,2.8629402946304596
1223,105575000000.0,2.8634051551368507
1224,105600000000.0,2.863863058833489
1225,105625000000.0,2.864314303741415
1226,105650000000.0,2.864759203818631
1227,105675000000.0,2.865198088059728
1228,105700000000.0,2.865631299559188
1229,105725000000.0,2.866059194502682
1230,105750000000.0,2.8664821411759744
1231,105775000000.0,2.8669005189147536
1232,105800000000.0,2.8673147169914337
1233,105825000000.0,2.8677251335454628
1234,105850000000.0,2.868132174387138
1235,105875000000.0,2.8685362519151507
1236,105900000000.0,2.8689377838520365
1237,105925000000.0,2.8693371921469795
1238,105950000000.0,2.8697349017007836
1239,105975000000.0,2.870131339195302
1240,106000000000.0,2.870526931867644
1241,106025000000.0,2.8709221063032633
1242,106050000000.0,2.871317287245748
1243,106075000000.0,2.8717128963720753
1244,106100000000.0,2.8721093510926448
1245,106125000000.0,2.8725070634356196
1246,106150000000.0,2.8729064388289314
1247,106175000000.0,2.873307874978944
1248,106200000000.0,2.8737117608002296
1249,106225000000.0,2.8741184752923856
1250,106250000000.0,2.8745283864646733
1251,106275000000.0,2.8749418503898267
1252,106300000000.0,2.875359210159531
1253,106325000000.0,2.8757807949374157
1254,106350000000.0,2.8762069191000914
1255,106375000000.0,2.8766378813091396
1256,106400000000.0,2.877073963771318
1257,106425000000.0,2.8775154313505995
1258,106450000000.0,2.8779625309951085
1259,106475000000.0,2.8784154909076682
1260,106500000000.0,2.878874519997021
1261,106525000000.0,2.879339807318102
1262,106550000000.0,2.879811521490825
1263,106575000000.0,2.8802898102497343
1264,106600000000.0,2.880774800039768
1265,106625000000.0,2.881266595619353
1266,106650000000.0,2.8817652797497875
1267,106675000000.0,2.8822709129300907
1268,106700000000.0,2.8827835331725877
1269,106725000000.0,2.883303155859741
1270,106750000000.0,2.883829773605401
1271,106775000000.0,2.8843633561731674
1272,106800000000.0,2.8849038505018814
1273,106825000000.0,2.8854511806817795
1274,106850000000.0,2.886005248045764
1275,106875000000.0,2.8865659312777066
1276,106900000000.0,2.8871330865715477
1277,106925000000.0,2.8877065478233646
1278,106950000000.0,2.888286126837127
1279,106975000000.0,2.8888716136105113
1280,107000000000.0,2.8894627766721133
1281,107025000000.0,2.8900593633358413
1282,107050000000.0,2.8906611001437263
1283,107075000000.0,2.891267693203684
1284,107100000000.0,2.891878828635907
1285,107125000000.0,2.8924941730014586
1286,107150000000.0,2.89311337380351
1287,107175000000.0,2.8937360599187345
1288,107200000000.0,2.894361842157673
1289,107225000000.0,2.894990313768079
1290,107250000000.0,2.895621050977392
1291,107275000000.0,2.8962536135418757
1292,107300000000.0,2.896887545332703
1293,107325000000.0,2.897522374903597
1294,107350000000.0,2.8981576160993163
1295,107375000000.0,2.8987927685995176
1296,107400000000.0,2.8994273186193844
1297,107425000000.0,2.900060739420062
1298,107450000000.0,2.900692491985672
1299,107475000000.0,2.901322025668307
1300,107500000000.0,2.90194877874156
1301,107525000000.0,2.9025721790565293
1302,107550000000.0,2.903191644724255
1303,107575000000.0,2.9038065846551384
1304,107600000000.0,2.9044163992587886
1305,107625000000.0,2.9050204810453244
1306,107650000000.0,2.905618215270589
1307,107675000000.0,2.9062089805234312
1308,107700000000.0,2.9067921494190987
1309,107725000000.0,2.907367089161981
1310,107750000000.0,2.907933162194133
1311,107775000000.0,2.908489726815822
1312,107800000000.0,2.909036137794064
1313,107825000000.0,2.9095717469636972
1314,107850000000.0,2.9100959038684078
1315,107875000000.0,2.9106079563210017
1316,107900000000.0,2.9111072510190503
1317,107925000000.0,2.911593134167481
1318,107950000000.0,2.9120649519962467
1319,107975000000.0,2.9125220514163717
1320,108000000000.0,2.91296378054557
1321,108025000000.0,2.9133894893059753
1322,108050000000.0,2.9137985299455997
1323,108075000000.0,2.9141902576485292
1324,108100000000.0,2.914564030984325
1325,108125000000.0,2.914919212570489
1326,108150000000.0,2.915255169451733
1327,108175000000.0,2.915571273745597
1328,108200000000.0,2.9158669030302438
1329,108225000000.0,2.916141440913092
1330,108250000000.0,2.9163942774473273
1331,108275000000.0,2.9166248096338867
1332,108300000000.0,2.9168324418344365
1333,108325000000.0,2.917016586207201
1334,108350000000.0,2.9171766631272202
1335,108375000000.0,2.917312101563111
1336,108400000000.0,2.9174223394801047
1337,108425000000.0,2.9175068241548443
1338,108450000000.0,2.9175650125138133
1339,108475000000.0,2.917596371471692
1340,108500000000.0,2.9176003782068025
1341,108525000000.0,2.9175765204257766
1342,108550000000.0,2.9175242965904196
1343,108575000000.0,2.9174432161765607
1344,108600000000.0,2.9173327998232557
1345,108625000000.0,2.917192579545135
1346,108650000000.0,2.917022098817202
1347,108675000000.0,2.916820912753833
1348,108700000000.0,2.9165885881796823
1349,108725000000.0,2.9163247036738236
1350,108750000000.0,2.916028849657147
1351,108775000000.0,2.9157006283294287
1352,108800000000.0,2.915339653767092
1353,108825000000.0,2.9149455517932283
1354,108850000000.0,2.914517959938225
1355,108875000000.0,2.914056527427491
1356,108900000000.0,2.9135609149523267
1357,108925000000.0,2.9130307946686838
1358,108950000000.0,2.9124658499436835
1359,108975000000.0,2.9118657752352615
1360,109000000000.0,2.9112302759074575
1361,109025000000.0,2.9105590679663855
1362,109050000000.0,2.9098518779209854
1363,109075000000.0,2.9091084424656097
1364,109100000000.0,2.908328508238452
1365,109125000000.0,2.9075118316108477
1366,109150000000.0,2.906658178289437
1367,109175000000.0,2.905767323159121
1368,109200000000.0,2.9048390498562147
1369,109225000000.0,2.9038731505615325
1370,109250000000.0,2.902869425612352
1371,109275000000.0,2.901827683202838
1372,109300000000.0,2.900747739102168
1373,109325000000.0,2.8996294162538487
1374,109350000000.0,2.898472544509196
1375,109375000000.0,2.8972769602793003
1376,109400000000.0,2.896042506202776
1377,109425000000.0,2.894769030830007
1378,109450000000.0,2.8934563883424946
1379,109475000000.0,2.8921044381887215
1380,109500000000.0,2.8907130448049143
1381,109525000000.0,2.8892820773121173
1382,109550000000.0,2.8878114092789353
1383,109575000000.0,2.8863009183410138
1384,109600000000.0,2.884750486055321
1385,109625000000.0,2.8831599975428692
1386,109650000000.0,2.88152934132444
1387,109675000000.0,2.879858409061005
1388,109700000000.0,2.8781470953002337
1389,109725000000.0,2.876395297367998
1390,109750000000.0,2.8746029151056107
1391,109775000000.0,2.8727698507142194
1392,109800000000.0,2.8708960086544724
1393,109825000000.0,2.8689812954473752
1394,109850000000.0,2.8670256195821953
1395,109875000000.0,2.865028891428361
1396,109900000000.0,2.862991023138008
1397,109925000000.0,2.860911928593427
1398,109950000000.0,2.858791523336333
1399,109975000000.0,2.8566297245743297
1400,110000000000.0,2.8544264511718804
