,freq,epsilon_r,epsilon_i
0,75000000000.0,2.2440453379861323,0.0
1,75025000000.0,2.2426407949151974,0.0
2,75050000000.0,2.241285202285666,0.0
3,75075000000.0,2.2399783667409325,0.0
4,75100000000.0,2.238720045245005,0.0
5,75125000000.0,2.23750994552756,0.0
6,75150000000.0,2.2363477265992966,0.0
7,75175000000.0,2.2352329993326334,0.0
8,75200000000.0,2.2341653271540824,0.0
9,75225000000.0,2.2331442268405235,0.0
10,75250000000.0,2.2321691693574324,0.0
11,75275000000.0,2.2312395808066454,0.0
12,75300000000.0,2.2303548434543865,0.0
13,75325000000.0,2.229514296843096,0.0
14,75350000000.0,2.228717238973709,0.0
15,75375000000.0,2.227962927567222,0.0
16,75400000000.0,2.227250581384993,0.0
17,75425000000.0,2.22657938166127,0.0
18,75450000000.0,2.225948473545421,0.0
19,75475000000.0,2.2253569676698763,0.0
20,75500000000.0,2.2248039417288874,0.0
21,75525000000.0,2.224288442145417,0.0
22,75550000000.0,2.2238094857823634,0.0
23,75575000000.0,2.223366061721296,0.0
24,75600000000.0,2.2229571330683617,0.0
25,75625000000.0,2.2225816388156137,0.0
26,75650000000.0,2.222238495748655,0.0
27,75675000000.0,2.221926600387358,0.0
28,75700000000.0,2.221644830928962,0.0
29,75725000000.0,2.2213920492981547,0.0
30,75750000000.0,2.2211671031210605,0.0
31,75775000000.0,2.220971223220252,8.665120711741346e-05
32,75800000000.0,2.2208044277877814,0.0003019351068754511
33,75825000000.0,2.220662122156618,0.0005218584099384252
34,75850000000.0,2.2205431183426434,0.0007463506472449045
35,75875000000.0,2.2204462242715706,0.000975339315744476
36,75900000000.0,2.220370245830083,0.0012087497090309824
37,75925000000.0,2.220313988947003,0.001446504697175388
38,75950000000.0,2.2202762616095355,0.0016885245379027244
39,75975000000.0,2.2202558758947673,0.0019347266199392407
40,76000000000.0,2.2202516499768232,0.002185025224841629
41,76025000000.0,2.2202624101011743,0.002439331266035529
42,76050000000.0,2.220286992527647,0.0026975520143581897
43,76075000000.0,2.22032424545107,0.0029595908111797464
44,76100000000.0,2.2203730308634486,0.0032253467964565114
45,76125000000.0,2.220432226395863,0.003494714619711736
46,76150000000.0,2.2205007270890715,0.0037675841439052853
47,76175000000.0,2.2205774471474613,0.0040438401795603466
48,76200000000.0,2.220661321581221,0.004323362185728901
49,76225000000.0,2.2207513078697323,0.004606024037326386
50,76250000000.0,2.220846387488388,0.004891693751796863
51,76275000000.0,2.2209455674117904,0.005180233251162089
52,76300000000.0,2.221047881545895,0.005471498185568778
53,76325000000.0,2.2211523920722507,0.005765337684146132
54,76350000000.0,2.2212581907381934,0.0060615942503032035
55,76375000000.0,2.2213644000481647,0.006360103585003855
56,76400000000.0,2.221470174406688,0.006660694503939428
57,76425000000.0,2.2215747011514457,0.006963188868033782
58,76450000000.0,2.2216772015078408,0.007267401547060884
59,76475000000.0,2.221776931488272,0.007573140419718967
60,76500000000.0,2.2218731826493867,0.007880206448375518
61,76525000000.0,2.2219652828308942,0.008188393729116781
62,76550000000.0,2.222052596731684,0.008497489669640059
63,76575000000.0,2.222134526462465,0.00880727513589564
64,76600000000.0,2.222210511942058,0.009117524696603659
65,76625000000.0,2.2222800312756883,0.009428006881611124
66,76650000000.0,2.2223426009608653,0.00973848449833418
67,76675000000.0,2.2223977760871088,0.010048715009997728
68,76700000000.0,2.2224451503463243,0.010358450912754988
69,76725000000.0,2.2224843560412166,0.010667440221099866
70,76750000000.0,2.222515063959628,0.01097542693015053
71,76775000000.0,2.222536983137568,0.011282151573982371
72,76800000000.0,2.2225498605889404,0.011587351775641231
73,76825000000.0,2.222553480901073,0.011890762880837165
74,76850000000.0,2.2225476657417738,0.01219211858666143
75,76875000000.0,2.2225322733390938,0.012491151617368178
76,76900000000.0,2.2225071977995,0.012787594435919128
77,76925000000.0,2.222472368388148,0.013081179966310206
78,76950000000.0,2.2224277487412984,0.013371642343332464
79,76975000000.0,2.2223733359756035,0.013658717679162331
80,77000000000.0,2.2223091597305533,0.013942144853111129
81,77025000000.0,2.2222352811499744,0.014221666279014698
82,77050000000.0,2.222151791793876,0.014497028739740547
83,77075000000.0,2.2220588124877576,0.014767984135515732
84,77100000000.0,2.221956492103464,0.015034290322862137
85,77125000000.0,2.22184500629379,0.015295711860592103
86,77150000000.0,2.221724556187632,0.015552020824415097
87,77175000000.0,2.2215953670051523,0.015802997532151777
88,77200000000.0,2.221457686667739,0.01604843129107176
89,77225000000.0,2.2213117843402275,0.01628812112868219
90,77250000000.0,2.2211579489633118,0.01652187645177898
91,77275000000.0,2.220996487733712,0.01674951771425865
92,77300000000.0,2.2208277245838564,0.01697087703513991
93,77325000000.0,2.220651998639696,0.017185798779615055
94,77350000000.0,2.2204696626454465,0.01739414007865906
95,77375000000.0,2.2202810813999068,0.01759577133104174
96,77400000000.0,2.2200866301766364,0.017790576654662563
97,77425000000.0,2.2198866931726817,0.017978454248117427
98,77450000000.0,2.2196816619213253,0.01815931676810703
99,77475000000.0,2.219471933742969,0.018333091583375646
100,77500000000.0,2.219257910229309,0.018499721002448028
101,77525000000.0,2.2190399957026803,0.018659162471609685
102,77550000000.0,2.2188185957482816,0.018811388653283214
103,77575000000.0,2.2185941157413844,0.01895638750165506
104,77600000000.0,2.2183669594367297,0.01909416223051902
105,77625000000.0,2.2181375275883264,0.019224731276321568
106,77650000000.0,2.2179062165953725,0.01934812814946517
107,77675000000.0,2.217673417224852,0.019464401261345462
108,77700000000.0,2.2174395133760383,0.019573613676613
109,77725000000.0,2.2172048808699465,0.019675842807810488
110,77750000000.0,2.216969886348992,0.019771180086044768
111,77775000000.0,2.2167348861825533,0.019859730512662068
112,77800000000.0,2.216500225496849,0.01994161225605255
113,77825000000.0,2.216266237193167,0.020016956087597296
114,77850000000.0,2.2160332411008743,0.02008590486342646
115,77875000000.0,2.215801543177359,0.02014861291389116
116,77900000000.0,2.215571434764364,0.020205245400356564
117,77925000000.0,2.2153431919120683,0.020255977652508483
118,77950000000.0,2.215117074833291,0.020300994429591726
119,77975000000.0,2.2148933273402225,0.020340489184699124
120,78000000000.0,2.2146721764406423,0.020374663306802432
121,78025000000.0,2.214453831948569,0.020403725284689853
122,78050000000.0,2.214238486191779,0.020427889918422336
123,78075000000.0,2.214026313801134,0.02044737744643371
124,78100000000.0,2.2138174715568284,0.02046241271594386
125,78125000000.0,2.213612098297894,0.020473224281820804
126,78150000000.0,2.213410314937984,0.020480043566620133
127,78175000000.0,2.2132122245103587,0.020483103947429585
128,78200000000.0,2.213017912303926,0.020482639884925685
129,78225000000.0,2.2128274460503343,0.02047888604304699
130,78250000000.0,2.2126408761989667,0.02047207640382353
131,78275000000.0,2.212458236211853,0.020462443416476
132,78300000000.0,2.212279542963578,0.020450217132979297
133,78325000000.0,2.21210479715694,0.02043562436718461
134,78350000000.0,2.211933983832485,0.02041888788129515
135,78375000000.0,2.2117670728957326,0.02040022558044477
136,78400000000.0,2.2116040197044664,0.02037984974356137
137,78425000000.0,2.2114447657077707,0.020357966275306047
138,78450000000.0,2.211289239124495,0.02033477399072416
139,78475000000.0,2.211137355661694,0.02031046392106602
140,78500000000.0,2.2109890192585246,0.0202852186777106
141,78525000000.0,2.2108441228799856,0.020259211831781854
142,78550000000.0,2.210702549328092,0.02023260733573531
143,78575000000.0,2.2105641720923033,0.020205559005347904
144,78600000000.0,2.2104288562036176,0.02017821001786001
145,78625000000.0,2.21029645914125,0.02015069247424892
146,78650000000.0,2.2101668317188867,0.020123126995074903
147,78675000000.0,2.2100398190073243,0.02009562237972395
148,78700000000.0,2.2099152612547903,0.0200682753014043
149,78725000000.0,2.2097929948468096,0.020041170043481143
150,78750000000.0,2.2096728532076315,0.020014378316999544
151,78775000000.0,2.209554667772486,0.01998795910891684
152,78800000000.0,2.2094382688946883,0.01996195856859517
153,78825000000.0,2.209323486801784,0.019936409976625682
154,78850000000.0,2.2092101524967007,0.01991133375906185
155,78875000000.0,2.209098098676724,0.019886737539136726
156,78900000000.0,2.2089871606258047,0.019862616241256428
157,78925000000.0,2.2088771770788207,0.019838952283115545
158,78950000000.0,2.208767991091152,0.019815715749996028
159,78975000000.0,2.2086594508588675,0.01979286472071015
160,79000000000.0,2.208551410526003,0.019770345533348402
161,79025000000.0,2.208443730958793,0.01974809317388555
162,79050000000.0,2.2083362804866757,0.01972603169404467
163,79075000000.0,2.2082289355975684,0.019704074665801662
164,79100000000.0,2.208121581634596,0.01968212568245684
165,79125000000.0,2.208014113404167,0.019660078920881827
166,79150000000.0,2.2079064357771045,0.019637819709213102
167,79175000000.0,2.2077984642347657,0.019615225176080046
168,79200000000.0,2.2076901253654486,0.019592164908923883
169,79225000000.0,2.2075813573203886,0.019568501625940427
170,79250000000.0,2.207472110233365,0.01954409195530713
171,79275000000.0,2.2073623465621486,0.01951878714507666
172,79300000000.0,2.207252041388656,0.01949243387683827
173,79325000000.0,2.2071411826972738,0.019464875055578368
174,79350000000.0,2.2070297715543203,0.019435950656562808
175,79375000000.0,2.206917822258036,0.019405498540191163
176,79400000000.0,2.2068053624282538,0.01937335532783589
177,79425000000.0,2.2066924330549034,0.0193393572713843
178,79450000000.0,2.2065790884656726,0.019303341096855636
179,79475000000.0,2.206465396253928,0.01926514492479896
180,79500000000.0,2.206351437170712,0.01922460910344663
181,79525000000.0,2.206237304910697,0.019181577094378715
182,79550000000.0,2.206123105906346,0.019135896353688592
183,79575000000.0,2.2060089590176823,0.019087419161746253
184,79600000000.0,2.2058949951957385,0.01903600345602668
185,79625000000.0,2.2057813571092835,0.018981513677598233
186,79650000000.0,2.2056681986735702,0.01892382155667637
187,79675000000.0,2.2055556845918267,0.018862806865446877
188,79700000000.0,2.20544398980559,0.018798358200804995
189,79725000000.0,2.205333298921865,0.018730373678520804
190,79750000000.0,2.2052238056008218,0.01865876161480554
191,79775000000.0,2.205115711879418,0.018583441170838055
192,79800000000.0,2.2050092275005286,0.01850434297476258
193,79825000000.0,2.204904569167472,0.018421409658949343
194,79850000000.0,2.2048019598019963,0.01833459640302235
195,79875000000.0,2.20470162773874,0.01824387138954772
196,79900000000.0,2.204603805908799,0.01814921624129177
197,79925000000.0,2.2045087310413747,0.018050626389115837
198,79950000000.0,2.204416642755957,0.017948111410915946
199,79975000000.0,2.204327782734082,0.017841695278491783
200,80000000000.0,2.204242393813792,0.01773141659626841
201,80025000000.0,2.20416071911288,0.017617328751484942
202,80050000000.0,2.204083001116876,0.017499500041788775
203,80075000000.0,2.204009480780228,0.017378013703852266
204,80100000000.0,2.203940396641483,0.017252967927317297
205,80125000000.0,2.2038759839109754,0.017124475787280262
206,80150000000.0,2.2038164735864525,0.01699266514620866
207,80175000000.0,2.203762091578251,0.01685767846134071
208,80200000000.0,2.203713057844196,0.016719672599025032
209,80225000000.0,2.203669585537789,0.016578818522027236
210,80250000000.0,2.203631880179275,0.0164353009950614
211,80275000000.0,2.2036001388687216,0.0162893181925113
212,80300000000.0,2.203574549472881,0.016141081281105318
213,80325000000.0,2.203555289899767,0.015990813934806197
214,80350000000.0,2.203542527364021,0.015838751846883273
215,80375000000.0,2.203536417707974,0.01568514214211976
216,80400000000.0,2.203537104722076,0.015530242785624732
217,80425000000.0,2.203544719564571,0.015374321957995209
218,80450000000.0,2.203559380138517,0.015217657351307794
219,80475000000.0,2.2035811906011102,0.015060535484166216
220,80500000000.0,2.2036102408268814,0.014903250957422957
221,80525000000.0,2.2036466059707824,0.014746105682644409
222,80550000000.0,2.2036903460543846,0.014589408067736141
223,80575000000.0,2.203741505612318,0.014433472247159644
224,80600000000.0,2.203800113367501,0.014278617190875387
225,80625000000.0,2.2038661819652154,0.014125165883947787
226,80650000000.0,2.2039397077369194,0.013973444445725552
227,80675000000.0,2.204020670548962,0.013823781241668227
228,80700000000.0,2.2041090336652425,0.013676505994686757
229,80725000000.0,2.2042047436670282,0.013531948898102306
230,80750000000.0,2.2043077304415752,0.01339043970419842
231,80775000000.0,2.2044179071720134,0.013252306827323295
232,80800000000.0,2.2045351704366225,0.013117876432487772
233,80825000000.0,2.2046594003085422,0.012987471552939752
234,80850000000.0,2.204790460518248,0.012861411197753877
235,80875000000.0,2.2049281986614195,0.01274000948173987
236,80900000000.0,2.205072446467185,0.01262357473503667
237,80925000000.0,2.205223020075642,0.012512408675953149
238,80950000000.0,2.2053797203937284,0.01240680557456464
239,80975000000.0,2.205542333480948,0.012307051409209336
240,81000000000.0,2.205710630969309,0.01221342311750537
241,81025000000.0,2.2058843705279987,0.012126187782757343
242,81050000000.0,2.2060632963799387,0.012045601915115323
243,81075000000.0,2.2062471398269268,0.011971910736634558
244,81100000000.0,2.206435619842255,0.011905347465928293
245,81125000000.0,2.2066284436768027,0.011846132696703123
246,81150000000.0,2.2068253074954094,0.011794473746089443
247,81175000000.0,2.2070258970720067,0.011750564081956724
248,81200000000.0,2.207229888470871,0.011714582767614284
249,81225000000.0,2.2074369487831462,0.011686693942012138
250,81250000000.0,2.207646736903728,0.0116670463483516
251,81275000000.0,2.2078589042816117,0.011655772895682115
252,81300000000.0,2.2080730957409163,0.01165299026582968
253,81325000000.0,2.208288950290207,0.011658798561185709
254,81350000000.0,2.2085061019682146,0.011673280997492244
255,81375000000.0,2.208724180680788,0.011696503637128382
256,81400000000.0,2.20894281308931,0.011728515175708231
257,81425000000.0,2.2091616234672147,0.011769346765102473
258,81450000000.0,2.2093802345914546,0.011819011883340206
259,81475000000.0,2.209598268638419,0.011877506266940093
260,81500000000.0,2.2098153480576013,0.011944807864756884
261,81525000000.0,2.2100310965011856,0.012020876869004065
262,81550000000.0,2.2102451396810543,0.0121056557610687
263,81575000000.0,2.210457106278022,0.01219906943494776
264,81600000000.0,2.210666628843933,0.01230102534580547
265,81625000000.0,2.2108733446373297,0.012411413734195796
266,81650000000.0,2.2110768965323224,0.01253010785099227
267,81675000000.0,2.211276933842945,0.012656964284256491
268,81700000000.0,2.2114731131798475,0.012791823279464964
269,81725000000.0,2.211665099253845,0.01293450914779964
270,81750000000.0,2.2118525656864305,0.013084830693562095
271,81775000000.0,2.2120351957887743,0.013242581680445906
272,81800000000.0,2.212212683307114,0.013407541385212059
273,81825000000.0,2.2123847331466817,0.01357947511599805
274,81850000000.0,2.2125510620790343,0.01375813482934506
275,81875000000.0,2.212711399390524,0.013943259777645491
276,81900000000.0,2.212865487521801,0.014134577167075196
277,81925000000.0,2.2130130826561847,0.01433180287335791
278,81950000000.0,2.213153955288127,0.014534642175720718
279,81975000000.0,2.213287890722944,0.01474279052566089
280,82000000000.0,2.213414689551888,0.01495593434613069
281,82025000000.0,2.213534168106848,0.015173751855848053
282,82050000000.0,2.2136461588226557,0.015395913919214852
283,82075000000.0,2.213750510591072,0.015622084894443925
284,82100000000.0,2.2138470890528192,0.01585192353617826
285,82125000000.0,2.2139357768305343,0.016085083886477558
286,82150000000.0,2.2140164737562853,0.016321216186839373
287,82175000000.0,2.2140890969719123,0.016559967801149402
288,82200000000.0,2.2141535810733486,0.016800984128438924
289,82225000000.0,2.214209878106129,0.017043909563544294
290,82250000000.0,2.2142579575940453,0.017288388396779875
291,82275000000.0,2.2142978064629286,0.017534065749775722
292,82300000000.0,2.2143294289291244,0.017780588516699218
293,82325000000.0,2.2143528463364928,0.0180276062519748
294,82350000000.0,2.2143680969481307,0.01827477208363277
295,82375000000.0,2.2143752356791837,0.018521743600378976
296,82400000000.0,2.214374333779756,0.018768183720224613
297,82425000000.0,2.2143654784673568,0.01901376153055093
298,82450000000.0,2.214348772534204,0.019258153121864727
299,82475000000.0,2.2143243338736385,0.019501042370520152
300,82500000000.0,2.2142922949992596,0.01974212173000339
301,82525000000.0,2.214252802474131,0.019981092929742955
302,82550000000.0,2.2142060163630957,0.020217667721748968
303,82575000000.0,2.21415210957874,0.020451568499480845
304,82600000000.0,2.214091267246596,0.020682528956980792
305,82625000000.0,2.2140236860078746,0.02091029466033021
306,82650000000.0,2.213949573284107,0.021134623573579186
307,82675000000.0,2.2138691465452056,0.021355286578903898
308,82700000000.0,2.2137826325224603,0.021572067922452358
309,82725000000.0,2.2136902664072062,0.02178476559160231
310,82750000000.0,2.2135922910324712,0.021993191698003844
311,82775000000.0,2.2134889560368283,0.022197172767361883
312,82800000000.0,2.2133805170141674,0.02239654998698435
313,82825000000.0,2.21326723464814,0.022591179421084743
314,82850000000.0,2.213149373848975,0.0227809321364514
315,82875000000.0,2.213027202874384,0.02296569432609748
316,82900000000.0,2.2129009924576115,0.02314536733966812
317,82925000000.0,2.21277101493522,0.02331986767803292
318,82950000000.0,2.212637543377566,0.023489126948642226
319,82975000000.0,2.2125008507325488,0.023653091740961404
320,83000000000.0,2.212361208976511,0.023811723482997902
321,83025000000.0,2.212218888280643,0.023964998221134758
322,83050000000.0,2.2120741561961994,0.024112906401704458
323,83075000000.0,2.2119272768580487,0.024255452527963562
324,83100000000.0,2.2117785102124734,0.024392654852898616
325,83125000000.0,2.211628111268638,0.024524544974695868
326,83150000000.0,2.2114763293807886,0.0246511674202788
327,83175000000.0,2.211323407556905,0.0247725791860016
328,83200000000.0,2.2111695818044685,0.024888849222027158
329,83225000000.0,2.21101508050735,0.02500005791472289
330,83250000000.0,2.2108601238373478,0.025106296515902776
331,83275000000.0,2.2107049232116345,0.025207666536057955
332,83300000000.0,2.2105496807802063,0.02530427913866075
333,83325000000.0,2.2103945889603875,0.02539625449137957
334,83350000000.0,2.2102398300130828,0.025483721090974985
335,83375000000.0,2.21008557565804,0.02556681507532031
336,83400000000.0,2.209931986740928,0.02564567953610851
337,83425000000.0,2.209779212936049,0.02572046378412324
338,83450000000.0,2.2096273925006593,0.02579132264878822
339,83475000000.0,2.209476652072933,0.02585841571619001
340,83500000000.0,2.209327106516003,0.02592190660754276
341,83525000000.0,2.2091788588044667,0.025981962226186445
342,83550000000.0,2.2090319999613066,0.0260387520477362
343,83575000000.0,2.208886609037513,0.02609244733714219
344,83600000000.0,2.2087427531335684,0.02614322045240728
345,83625000000.0,2.208600487468612,0.026191244105058624
346,83650000000.0,2.2084598554923724,0.02623669065528014
347,83675000000.0,2.208320889035288,0.026279731407226642
348,83700000000.0,2.2081836085029174,0.02632053592785024
349,83725000000.0,2.2080480231098947,0.026359271371748958
350,83750000000.0,2.2079141311505484,0.02639610185924178
351,83775000000.0,2.2077819203061595,0.02643118781187121
352,83800000000.0,2.207651367989035,0.026464685391195737
353,83825000000.0,2.207522441720817,0.02649674589063089
354,83850000000.0,2.2073950995378797,0.02652751521272864
355,83875000000.0,2.2072692904329485,0.026557133322351885
356,83900000000.0,2.207144954818541,0.026585733781014437
357,83925000000.0,2.2070220250242887,0.0266134432800404
358,83950000000.0,2.2069004258060096,0.026640381203260118
359,83975000000.0,2.2067800748920003,0.026666659252184456
360,84000000000.0,2.20666088353484,0.02669238107630533
361,84025000000.0,2.206542757089037,0.02671764196202257
362,84050000000.0,2.2064255956029233,0.02674252854618949
363,84075000000.0,2.2063092944192606,0.02676711855079472
364,84100000000.0,2.206193744791882,0.026791480596041927
365,84125000000.0,2.2060788345078395,0.026815674017202827
366,84150000000.0,2.2059644485161294,0.026839748722425297
367,84175000000.0,2.205850469560309,0.026863745111820544
368,84200000000.0,2.2057367788138857,0.026887694006816176
369,84225000000.0,2.2056232565133866,0.02691161663068824
370,84250000000.0,2.205509782589175,0.02693552463004952
371,84275000000.0,2.205396237292518,0.026959420123786392
372,84300000000.0,2.2052825018126434,0.026983295793373416
373,84325000000.0,2.205168458887901,0.02700713501783901
374,84350000000.0,2.205053993402969,0.027030912026751508
375,84375000000.0,2.2049389929733034,0.02705459210526041
376,84400000000.0,2.204823348515248,0.027078131810744067
377,84425000000.0,2.2047069547966225,0.02710147925245032
378,84450000000.0,2.204589710969947,0.02712457437658695
379,84475000000.0,2.2044715210861905,0.027147349284379476
380,84500000000.0,2.204352294581738,0.02716972860077522
381,84525000000.0,2.204231946744656,0.02719162984289142
382,84550000000.0,2.204110399155286,0.027212963829514776
383,84575000000.0,2.2039875800969573,0.02723363511530124
384,84600000000.0,2.2038634249425133,0.027253542432747583
385,84625000000.0,2.2037378765080704,0.027272579173348882
386,84650000000.0,2.2036108853750296,0.027290633887928663
387,84675000000.0,2.2034824101871333,0.027307590782300217
388,84700000000.0,2.2033524179068866,0.02732333025384024
389,84725000000.0,2.2032208840431533,0.02733772941425942
390,84750000000.0,2.203087792843487,0.027350662653671386
391,84775000000.0,2.202953137455033,0.02736200220870634
392,84800000000.0,2.202816920043653,0.027371618685147567
393,84825000000.0,2.2026791518874136,0.02737938168647501
394,84850000000.0,2.2025398534253418,0.027385160347110468
395,84875000000.0,2.202399054278441,0.0273888239182531
396,84900000000.0,2.2022567932303283,0.02739024234680712
397,84925000000.0,2.2021131181769515,0.0273892868468614
398,84950000000.0,2.201968086039354,0.027385830451090498
399,84975000000.0,2.201821762641901,0.02737974858276056
400,85000000000.0,2.2016742225591868,0.02737091960094801
401,85025000000.0,2.20152554892756,0.02735922532646216
402,85050000000.0,2.201375833228339,0.0273445515852236
403,85075000000.0,2.2012251750377767,0.027326788708989504
404,85100000000.0,2.2010736817435235,0.02730583201404252
405,85125000000.0,2.200921468240232,0.027281582290597555
406,85150000000.0,2.2007686565937465,0.02725394626364152
407,85175000000.0,2.2006153756756306,0.02722283699492625
408,85200000000.0,2.2004617607792682,0.027188174316370804
409,85225000000.0,2.2003079532105057,0.027149885218065824
410,85250000000.0,2.2001540998537217,0.027107904177602983
411,85275000000.0,2.2000003527238,0.027062173517544825
412,85300000000.0,2.199846868495805,0.027012643700945343
413,85325000000.0,2.1996938080195294,0.02695927360151461
414,85350000000.0,2.199541335821648,0.02690203075165619
415,85375000000.0,2.199389619592659,0.02684089155875066
416,85400000000.0,2.199238829663773,0.02677584147919894
417,85425000000.0,2.1990891384787603,0.026706875183478092
418,85450000000.0,2.198940720051348,0.0266339966528856
419,85475000000.0,2.198793749430102,0.026557219299802745
420,85500000000.0,2.1986484021506656,0.02647656599950951
421,85525000000.0,2.198504853680592,0.026392069104070742
422,85550000000.0,2.1983632788992,0.02630377046957408
423,85575000000.0,2.1982238515312518,0.02621172137999975
424,85600000000.0,2.1980867436275155,0.026115982493220242
425,85625000000.0,2.197952125025827,0.02601662373760849
426,85650000000.0,2.197820162840957,0.02591372417949557
427,85675000000.0,2.1976910209471407,0.02580737184659828
428,85700000000.0,2.1975648594924704,0.0256976635556884
429,85725000000.0,2.1974418343908835,0.02558470469519433
430,85750000000.0,2.1973220968907627,0.025468608955333618
431,85775000000.0,2.197205793087352,0.025349498091949047
432,85800000000.0,2.1970930635156667,0.02522750160057841
433,85825000000.0,2.196984042727113,0.025102756421677697
434,85850000000.0,2.1968788588980765,0.024975406579975303
435,85875000000.0,2.196777633462861,0.024845602838701717
436,85900000000.0,2.1966804807523386,0.02471350231868752
437,85925000000.0,2.1965875076962664,0.024579268089400873
438,85950000000.0,2.196498813488509,0.024443068774530837
439,85975000000.0,2.1964144893508486,0.024305078103704917
440,86000000000.0,2.1963346182597285,0.024165474481905917
441,86025000000.0,2.196259274727434,0.02402444054506941
442,86050000000.0,2.1961885246233157,0.023882162680303583
443,86075000000.0,2.1961224249853597,0.02373883057242416
444,86100000000.0,2.196061023884827,0.023594636715620447
445,86125000000.0,2.1960043603389754,0.0234497759412826
446,86150000000.0,2.195952464175341,0.02330444492760086
447,86175000000.0,2.1959053560283337,0.02315884171316829
448,86200000000.0,2.195863047272609,0.02301316520461457
449,86225000000.0,2.1958255400234465,0.02286761471876586
450,86250000000.0,2.195792827172361,0.02272238945711177
451,86275000000.0,2.1957648924288287,0.022577688064893398
452,86300000000.0,2.195741710392817,0.022433708139363517
453,86325000000.0,2.1957232466442926,0.022290645772799995
454,86350000000.0,2.195709457891459,0.022148695088682068
455,86375000000.0,2.1957002920968165,0.022008047799041197
456,86400000000.0,2.1956956886489354,0.021868892776538813
457,86425000000.0,2.195695578562501,0.0217314156138098
458,86450000000.0,2.1956998846793816,0.02159579822493056
459,86475000000.0,2.1957085219117736,0.021462218437547503
460,86500000000.0,2.1957213974794287,0.02133084963757986
461,86525000000.0,2.1957384111945704,0.021201860368682397
462,86550000000.0,2.1957594557348425,0.02107541400192066
463,86575000000.0,2.1957844169468506,0.020951668419146127
464,86600000000.0,2.1958131741731632,0.02083077567844636
465,86625000000.0,2.195845600562511,0.020712881722386157
466,86650000000.0,2.1958815634264446,0.02059812612284109
467,86675000000.0,2.1959209245864084,0.020486641809664717
468,86700000000.0,2.195963540727992,0.02037855485004129
469,86725000000.0,2.196009263791718,0.02027398423495596
470,86750000000.0,2.1960579413282786,0.020173041674620418
471,86775000000.0,2.1961094168941004,0.02007583145658243
472,86800000000.0,2.1961635304383105,0.019982450266263427
473,86825000000.0,2.196220118698585,0.019892987090237582
474,86850000000.0,2.1962790155826464,0.019807523096190143
475,86875000000.0,2.19634005258439,0.019726131545956885
476,86900000000.0,2.196403059166685,0.019648877756486792
477,86925000000.0,2.196467863164079,0.019575819026655027
478,86950000000.0,2.1965342911616665,0.019507004649964358
479,86975000000.0,2.1966021689043043,0.019442475904112147
480,87000000000.0,2.1966713216783647,0.01938226606696971
481,87025000000.0,2.1967415746717087,0.019326400465387483
482,87050000000.0,2.1968127533787354,0.019274896543418525
483,87075000000.0,2.196884683949935,0.01922776393131389
484,87100000000.0,2.196957193550197,0.019185004546722045
485,87125000000.0,2.197030110714496,0.019146612730515083
486,87150000000.0,2.197103265692595,0.019112575346543155
487,87175000000.0,2.197176490761436,0.01908287196765608
488,87200000000.0,2.197249620567181,0.019057475025245803
489,87225000000.0,2.1973224924111725,0.01903634998875187
490,87250000000.0,2.19739494655643,0.019019455574557573
491,87275000000.0,2.1974668265083017,0.01900674394427498
492,87300000000.0,2.19753797927139,0.018998160928174964
493,87325000000.0,2.1976082556076797,0.018993646274321527
494,87350000000.0,2.1976775102892154,0.0189931338655563
495,87375000000.0,2.1977456022900266,0.018996552002903584
496,87400000000.0,2.1978123950262667,0.01900382365587877
497,87425000000.0,2.197877756531641,0.019014866727850358
498,87450000000.0,2.1979415596298937,0.019029594356377924
499,87475000000.0,2.198003682107197,0.019047915171547733
500,87500000000.0,2.1980640068543957,0.01906973361020492
501,87525000000.0,2.198122421984556,0.019094950196315127
502,87550000000.0,2.19817882095874,0.019123461847183682
503,87575000000.0,2.198233102670861,0.0191551621703284
504,87600000000.0,2.1982851715369858,0.019189941761670732
505,87625000000.0,2.198334937550818,0.01922768851993073
506,87650000000.0,2.19838231633908,0.01926828793375454
507,87675000000.0,2.1984272291882,0.01931162340410162
508,87700000000.0,2.198469603057664,0.01935757650761688
509,87725000000.0,2.1985093705960965,0.019406027342794757
510,87750000000.0,2.198546470122709,0.01945685477058964
511,87775000000.0,2.198580845599114,0.019509936742148026
512,87800000000.0,2.1986124465908623,0.019565150557474775
513,87825000000.0,2.1986412282046484,0.01962237315296464
514,87850000000.0,2.1986671510486766,0.019681481365991658
515,87875000000.0,2.198690181124481,0.019742352213213923
516,87900000000.0,2.1987102897564235,0.019804863111216826
517,87925000000.0,2.1987274534824737,0.019868892162045446
518,87950000000.0,2.1987416539492792,0.019934318362101428
519,87975000000.0,2.1987528777834218,0.020001021840888
520,88000000000.0,2.1987611164679115,0.02006888408716883
521,88025000000.0,2.1987663662012054,0.020137788135800232
522,88050000000.0,2.198768627755445,0.020207618784164664
523,88075000000.0,2.198767906309892,0.020278262769288576
524,88100000000.0,2.1987642113149466,0.020349608929946004
525,88125000000.0,2.1987575562925685,0.02042154840306593
526,88150000000.0,2.198747958704625,0.020493974739475743
527,88175000000.0,2.1987354397463603,0.020566784070705748
528,88200000000.0,2.1987200241924283,0.020639875210537215
529,88225000000.0,2.1987017401938607,0.020713149795764968
530,88250000000.0,2.1986806191142847,0.02078651238271806
531,88275000000.0,2.1986566953321507,0.02085987052100096
532,88300000000.0,2.1986300060569857,0.020933134865227063
533,88325000000.0,2.198600591157622,0.021006219224709917
534,88350000000.0,2.198568492956682,0.021079040620450518
535,88375000000.0,2.1985337560568987,0.021151519337280583
536,88400000000.0,2.1984964271637963,0.021223578965351275
537,88425000000.0,2.198456554881235,0.02129514640414786
538,88450000000.0,2.1984141895724147,0.02136615189820736
539,88475000000.0,2.1983693831529068,0.02143652903631684
540,88500000000.0,2.198322188926701,0.021506214729923718
541,88525000000.0,2.1982726614354298,0.02157514922960799
542,88550000000.0,2.1982208562743986,0.021643276071299098
543,88575000000.0,2.198166829947678,0.02171054205721025
544,88600000000.0,2.1981106397136108,0.02177689722179669
545,88625000000.0,2.198052343435388,0.021842294777512983
546,88650000000.0,2.197991999447631,0.021906691052616827
547,88675000000.0,2.197929666415693,0.0219700454468894
548,88700000000.0,2.1978654032090343,0.0220323203564569
549,88725000000.0,2.1977992687787085,0.022093481094994767
550,88750000000.0,2.1977313220401595,0.022153495831067002
551,88775000000.0,2.1976616217703793,0.022212335487495388
552,88800000000.0,2.197590226506988,0.022269973674696842
553,88825000000.0,2.1975171944407355,0.022326386583543162
554,88850000000.0,2.1974425833412696,0.0223815529071876
555,88875000000.0,2.197366450473399,0.02243545373293213
556,88900000000.0,2.197288852511265,0.022488072456717998
557,88925000000.0,2.1972098454895272,0.022539394676336685
558,88950000000.0,2.1971294847202256,0.022589408085323517
559,88975000000.0,2.197047824764108,0.022638102396802102
560,89000000000.0,2.1969649193530394,0.02268546921573432
561,89025000000.0,2.196880821365065,0.02273150194509226
562,89050000000.0,2.1967955827849037,0.022776195690762027
563,89075000000.0,2.1967092546762967,0.022819547158814017
564,89100000000.0,2.196621887137859,0.022861554563195743
565,89125000000.0,2.196533529309474,0.02290221751238449
566,89150000000.0,2.1964442293397,0.022941536919211237
567,89175000000.0,2.196354034367161,0.02297951492849362
568,89200000000.0,2.1962629905385755,0.023016154791953743
569,89225000000.0,2.1961711429795803,0.02305146080040896
570,89250000000.0,2.1960785358130948,0.023085438195216586
571,89275000000.0,2.195985212154384,0.023118093083286457
572,89300000000.0,2.195891214117155,0.02314943234000398
573,89325000000.0,2.195796582830885,0.0231794635715092
574,89350000000.0,2.1957013584465592,0.02320819499030688
575,89375000000.0,2.195605580148009,0.023235635382983937
576,89400000000.0,2.1955092861834604,0.023261794024926428
577,89425000000.0,2.195412513857548,0.02328668061513554
578,89450000000.0,2.195315299576567,0.02331030521798686
579,89475000000.0,2.195217678843389,0.02333267819991481
580,89500000000.0,2.195119686309039,0.023353810187695324
581,89525000000.0,2.1950213557543,0.02337371199340121
582,89550000000.0,2.1949227201491484,0.02339239458564069
583,89575000000.0,2.1948238116437206,0.02340986903679504
584,89600000000.0,2.1947246616011378,0.023426146468117068
585,89625000000.0,2.1946253006264307,0.02344123802335521
586,89650000000.0,2.1945257585734903,0.02345515482480353
587,89675000000.0,2.194426064573259,0.023467907939927597
588,89700000000.0,2.1943262470340312,0.02347950834023254
589,89725000000.0,2.1942263336851884,0.023489966873417957
590,89750000000.0,2.194126351580548,0.023499294243936836
591,89775000000.0,2.1940263271032063,0.02350750096236167
592,89800000000.0,2.1939262860007256,0.023514597344392697
593,89825000000.0,2.1938262533783184,0.02352059346539258
594,89850000000.0,2.1937262537186077,0.02352549914923784
595,89875000000.0,2.19362631090113,0.023529323937063112
596,89900000000.0,2.1935264481902017,0.023532077081162738
597,89925000000.0,2.193426688262073,0.023533767502699858
598,89950000000.0,2.193327053197874,0.023534403789909897
599,89975000000.0,2.193227564501779,0.02353399416660324
600,90000000000.0,2.1931282430921075,0.023532546480981176
601,90025000000.0,2.1930291093246037,0.02353006818498252
602,90050000000.0,2.1929301829652994,0.023526566315079718
603,90075000000.0,2.192831483225531,0.023522047469048
604,90100000000.0,2.1927330287424445,0.02351651780322676
605,90125000000.0,2.1926348375850653,0.023509982993109097
606,90150000000.0,2.192536927264118,0.023502448229417345
607,90175000000.0,2.1924393147240693,0.02349391819927297
608,90200000000.0,2.1923420163471343,0.02348439706471444
609,90225000000.0,2.1922450479566487,0.023473888434767637
610,90250000000.0,2.1921484248250414,0.023462395372282115
611,90275000000.0,2.1920521616586472,0.02344992033807736
612,90300000000.0,2.1919562726246427,0.02343646522210599
613,90325000000.0,2.191860771335929,0.023422031263312264
614,90350000000.0,2.1917656708830147,0.02340661908488744
615,90375000000.0,2.1916709838088493,0.023390228660409462
616,90400000000.0,2.1915767221418987,0.023372859269443432
617,90425000000.0,2.1914828974042395,0.023354509521021968
618,90450000000.0,2.1913895206105187,0.023335177310132155
619,90475000000.0,2.1912966023053384,0.023314859807789787
620,90500000000.0,2.1912041525573662,0.02329355345418577
621,90525000000.0,2.191112180994113,0.02327125393239661
622,90550000000.0,2.191020696813411,0.023247956168835703
623,90575000000.0,2.190929708822528,0.02322365430386084
624,90600000000.0,2.190839225437755,0.023198341708393404
625,90625000000.0,2.190749254742085,0.023172010957469368
626,90650000000.0,2.1906598045094485,0.023144653818369026
627,90675000000.0,2.1905708822161616,0.02311626127665812
628,90700000000.0,2.1904824951105715,0.023086823501444614
629,90725000000.0,2.1903946502320637,0.02305632987307554
630,90750000000.0,2.1903073544605456,0.023024768979175467
631,90775000000.0,2.1902206145576257,0.022992128614855983
632,90800000000.0,2.1901344372091742,0.022958395802391736
633,90825000000.0,2.1900488290888327,0.022923556811608303
634,90850000000.0,2.1899637968891907,0.022887597170945958
635,90875000000.0,2.189879347399489,0.02285050168177621
636,90900000000.0,2.189795487532213,0.022812254461752984
637,90925000000.0,2.1897122244042744,0.022772838969313043
638,90950000000.0,2.1896295653826234,0.02273223803097004
639,90975000000.0,2.1895475181395008,0.022690433889865004
640,91000000000.0,2.1894660907313432,0.02264740824633464
641,91025000000.0,2.1893852916446472,0.022603142299884284
642,91050000000.0,2.1893051298575434,0.022557616815821198
643,91075000000.0,2.189225614907277,0.022510812177049668
644,91100000000.0,2.1891467569553456,0.02246270843628555
645,91125000000.0,2.1890685668412746,0.0224132853987541
646,91150000000.0,2.188991056141671,0.022362522683495027
647,91175000000.0,2.1889142372398847,0.022310399805242426
648,91200000000.0,2.1888381233828884,0.02225689625616068
649,91225000000.0,2.1887627287268763,0.02220199158365997
650,91250000000.0,2.188688068399236,0.02214566549204736
651,91275000000.0,2.188614158556136,0.022087897918390272
652,91300000000.0,2.1885410164235206,0.02202866915623616
653,91325000000.0,2.188468660345189,0.021967959932945192
654,91350000000.0,2.18839710982661,0.02190575152700833
655,91375000000.0,2.1883263855761053,0.021842025883501204
656,91400000000.0,2.188256509535229,0.02177676570434087
657,91425000000.0,2.188187504905565,0.0217099545895902
658,91450000000.0,2.1881193961937444,0.02164157712823676
659,91475000000.0,2.188052209196332,0.02157161903809957
660,91500000000.0,2.18798597105627,0.021500067273433333
661,91525000000.0,2.1879207102378406,0.021426910153828967
662,91550000000.0,2.187856456547141,0.02135213748472956
663,91575000000.0,2.1877932411216205,0.02127574068086553
664,91600000000.0,2.1877310964334518,0.021197712891350945
665,91625000000.0,2.187670056253403,0.021118049119870246
666,91650000000.0,2.18761015563907,0.021036746346801496
667,91675000000.0,2.1875514309031465,0.0209538036547915
668,91700000000.0,2.187493919584953,0.020869222335285046
669,91725000000.0,2.187437660382292,0.02078300602630614
670,91750000000.0,2.1873826931257865,0.020695160801529548
671,91775000000.0,2.18732905870796,0.02060569529810189
672,91800000000.0,2.1872767990093065,0.020514620816353125
673,91825000000.0,2.187225956838939,0.02042195141794813
674,91850000000.0,2.1871765758475807,0.020327704026955457
675,91875000000.0,2.187128700431985,0.020231898521036486
676,91900000000.0,2.187082375652392,0.020134557818932072
677,91925000000.0,2.1870376471235002,0.02003570795302401
678,91950000000.0,2.18699456089542,0.01993537814065195
679,91975000000.0,2.186953163362148,0.01983360086275436
680,92000000000.0,2.1869135011213072,0.01973041190173452
681,92025000000.0,2.1868756208392934,0.01962585039569117
682,92050000000.0,2.18683956914993,0.019519958888906886
683,92075000000.0,2.1868053924787243,0.019412783346390468
684,92100000000.0,2.186773136920564,0.019304373193072433
685,92125000000.0,2.186742848081371,0.01919478130755061
686,92150000000.0,2.186714570938218,0.019084064026664998
687,92175000000.0,2.186688349663835,0.01897228115434229
688,92200000000.0,2.18666422748948,0.018859495917263932
689,92225000000.0,2.186642246519169,0.018745774955912432
690,92250000000.0,2.186622447589184,0.018631188267842
691,92275000000.0,2.186604870083547,0.01851580916911389
692,92300000000.0,2.1865895517766343,0.018399714217765085
693,92325000000.0,2.1865765286593857,0.01828298314576954
694,92350000000.0,2.1865658347815593,0.01816569878600769
695,92375000000.0,2.1865575020731183,0.01804794695083244
696,92400000000.0,2.1865515601881462,0.017929816343281117
697,92425000000.0,2.1865480363383867,0.01781139842973185
698,92450000000.0,2.1865469551284127,0.017692787318264992
699,92475000000.0,2.186548338404356,0.017574079612155458
700,92500000000.0,2.186552205097372,0.01745537425626776
701,92525000000.0,2.1865585710688364,0.01733677238540285
702,92550000000.0,2.186567448975615,0.017218377152868957
703,92575000000.0,2.1865788481252597,0.017100293537612048
704,92600000000.0,2.186592774335544,0.016982628175876587
705,92625000000.0,2.1866092298248434,0.016865489142491787
706,92650000000.0,2.1866282130756916,0.01674898576292751
707,92675000000.0,2.186649718741616,0.016633228382471457
708,92700000000.0,2.1866737375208203,0.01651832816749695
709,92725000000.0,2.1867002560871964,0.01640439685537966
710,92750000000.0,2.1867292569899965,0.016291546534670142
711,92775000000.0,2.1867607185818945,0.016179889396450226
712,92800000000.0,2.1867946149528708,0.01606953749999401
713,92825000000.0,2.1868309158745647,0.015960602523308318
714,92850000000.0,2.1868695867700523,0.015853195503939547
715,92875000000.0,2.186910588657521,0.015747426590585308
716,92900000000.0,2.186953878149936,0.015643404791442973
717,92925000000.0,2.1869994074330883,0.015541237700021648
718,92950000000.0,2.187047124275802,0.015441031258303938
719,92975000000.0,2.187096972039741,0.015342889475346634
720,93000000000.0,2.18714888970893,0.015246914185531325
721,93025000000.0,2.187202811923196,0.01515320480147924
722,93050000000.0,2.1872586690413898,0.015061858024414374
723,93075000000.0,2.1873163871954877,0.014972967635819916
724,93100000000.0,2.187375888366452,0.014886624219924068
725,93125000000.0,2.1874370904771148,0.014802914929675762
726,93150000000.0,2.187499907498478,0.01472192326618751
727,93175000000.0,2.187564249551281,0.014643728821439854
728,93200000000.0,2.187630023033808,0.014568407073699887
729,93225000000.0,2.1876971307631043,0.014496029162297428
730,93250000000.0,2.187765472121765,0.014426661673991231
731,93275000000.0,2.1878349432210107,0.014360366456695988
732,93300000000.0,2.1879054370593733,0.014297200416456941
733,93325000000.0,2.187976843713252,0.014237215345628409
734,93350000000.0,2.188049050530175,0.014180457741845173
735,93375000000.0,2.1881219423138143,0.014126968657162266
736,93400000000.0,2.188195401559566,0.014076783553048625
737,93425000000.0,2.188269308646748,0.014029932154390292
738,93450000000.0,2.1883435420848087,0.013986438327936395
739,93475000000.0,2.1884179787423577,0.013946319991047746
740,93500000000.0,2.1884924940806316,0.013909588990093076
741,93525000000.0,2.1885669624139354,0.013876251027760123
742,93550000000.0,2.1886412571618745,0.013846305604711723
743,93575000000.0,2.188715251104198,0.013819745951256028
744,93600000000.0,2.1887888166486738,0.01379655899081147
745,93625000000.0,2.188861826103208,0.013776725321562294
746,93650000000.0,2.188934151939595,0.013760219198209493
747,93675000000.0,2.1890056670772324,0.013747008547138657
748,93700000000.0,2.1890762451476533,0.013737054984960284
749,93725000000.0,2.18914576078589,0.013730313841480709
750,93750000000.0,2.1892140899066064,0.013726734239205049
751,93775000000.0,2.189281109964477,0.013726259136494915
752,93800000000.0,2.1893467002536533,0.013728825412500673
753,93825000000.0,2.1894107421688687,0.01373436397992854
754,93850000000.0,2.189473119489778,0.013742799884168707
755,93875000000.0,2.1895337186240007,0.013754052434372409
756,93900000000.0,2.189592428912008,0.013768035354799205
757,93925000000.0,2.1896491428422253,0.013784656922853154
758,93950000000.0,2.189703756347801,0.013803820153852585
759,93975000000.0,2.1897561690204106,0.013825422993682326
760,94000000000.0,2.189806284371771,0.013849358497811751
761,94025000000.0,2.189854010056662,0.013875515046751384
762,94050000000.0,2.1898992581033667,0.0139037765823831
763,94075000000.0,2.189941945128386,0.013934022831832156
764,94100000000.0,2.18998199252909,0.013966129560705028
765,94125000000.0,2.1900193266992978,0.013999968828575808
766,94150000000.0,2.1900538792020803,0.014035409254170251
767,94175000000.0,2.1900855869440448,0.014072316298624573
768,94200000000.0,2.1901143923205058,0.014110552553460241
769,94225000000.0,2.1901402433938233,0.014149978029098145
770,94250000000.0,2.1901630939932533,0.01419045047088046
771,94275000000.0,2.190182903860294,0.014231825647766925
772,94300000000.0,2.1901996387305056,0.014273957696944738
773,94325000000.0,2.1902132704468125,0.014316699421494966
774,94350000000.0,2.1902237770199977,0.014359902621809447
775,94375000000.0,2.1902311426913785,0.014403418432600457
776,94400000000.0,2.190235357984135,0.014447097653188825
777,94425000000.0,2.19023641972018,0.014490791065185719
778,94450000000.0,2.1902343310344605,0.014534349798066266
779,94475000000.0,2.1902291013819672,0.014577625632762306
780,94500000000.0,2.1902207465090893,0.014620471362970741
781,94525000000.0,2.1902092884050672,0.01466274110544275
782,94550000000.0,2.190194755272345,0.01470429064294563
783,94575000000.0,2.1901771814429902,0.014744977743098754
784,94600000000.0,2.190156607284816,0.014784662492056412
785,94625000000.0,2.190133079115901,0.014823207593033185
786,94650000000.0,2.1901066490760583,0.014860478693557616
787,94675000000.0,2.1900773749929514,0.0148963446737818
788,94700000000.0,2.1900453202433727,0.014930677951728715
789,94725000000.0,2.1900105535725167,0.01496335476421994
790,94750000000.0,2.189973148928574,0.014994255441281275
791,94775000000.0,2.1899331852639543,0.01502326467471217
792,94800000000.0,2.1898907463356885,0.015050271770625043
793,94825000000.0,2.1898459204699083,0.015075170891308559
794,94850000000.0,2.1897988003564457,0.015097861280615328
795,94875000000.0,2.189749482784202,0.015118247490414625
796,94900000000.0,2.1896980684000207,0.015136239565464922
797,94925000000.0,2.1896446614350284,0.015151753242259576
798,94950000000.0,2.1895893694381967,0.015164710113522559
799,94975000000.0,2.1895323029974407,0.015175037790129154
800,95000000000.0,2.1894735754381047,0.015182670032142628
801,95025000000.0,2.189413302543167,0.015187546871989291
802,95050000000.0,2.189351602236623,0.01518961473250176
803,95075000000.0,2.189288594288328,0.015188826491217012
804,95100000000.0,2.189224399997997,0.015185141569321003
805,95125000000.0,2.189159141880593,0.015178525987690856
806,95150000000.0,2.1890929433551465,0.015168952378620018
807,95175000000.0,2.1890259284251057,0.015156400022951244
808,95200000000.0,2.188958221372921,0.015140854845433403
809,95225000000.0,2.1888899464244567,0.015122309383050937
810,95250000000.0,2.1888212274588588,0.0151007627721503
811,95275000000.0,2.188752187682492,0.01507622066887422
812,95300000000.0,2.188682949338539,0.015048695187666418
813,95325000000.0,2.18861363339232,0.01501820482153454
814,95350000000.0,2.1885443592469667,0.014984774318404203
815,95375000000.0,2.1884752444563835,0.014948434578537794
816,95400000000.0,2.1884064044406317,0.014909222497282796
817,95425000000.0,2.188337952219388,0.01486718083506582
818,95450000000.0,2.1882699981483884,0.014822358027006169
819,95475000000.0,2.1882026496828524,0.014774808011018596
820,95500000000.0,2.1881360111081007,0.014724590039414913
821,95525000000.0,2.1880701833521674,0.014671768463649697
822,95550000000.0,2.188005263731946,0.014616412504218378
823,95575000000.0,2.1879413457842727,0.01455859603666419
824,95600000000.0,2.187878519058452,0.014498397345572409
825,95625000000.0,2.187816868948105,0.01443589886497709
826,95650000000.0,2.187756476527434,0.014371186918178071
827,95675000000.0,2.1876974184180953,0.014304351459503546
828,95700000000.0,2.1876397666466953,0.01423548579010854
829,95725000000.0,2.187583588549251,0.014164686268974309
830,95750000000.0,2.1875289466493233,0.01409205204809903
831,95775000000.0,2.18747589860186,0.01401768475705871
832,95800000000.0,2.1874244971107233,0.01394168822422897
833,95825000000.0,2.1873747898843123,0.013864168159167009
834,95850000000.0,2.187326819600527,0.013785231877505863
835,95875000000.0,2.1872806239036056,0.013704987985619416
836,95900000000.0,2.1872362353765458,0.013623546084728008
837,95925000000.0,2.187193681574769,0.013541016466836177
838,95950000000.0,2.1871529850540394,0.013457509824115407
839,95975000000.0,2.1871141634102877,0.013373136949920416
840,96000000000.0,2.1870772293337994,0.013288008454403942
841,96025000000.0,2.187042190694375,0.013202234469093074
842,96050000000.0,2.187009050628799,0.013115924369531915
843,96075000000.0,2.1869778076278146,0.013029186501949735
844,96100000000.0,2.1869484556677814,0.012942127913094984
845,96125000000.0,2.1869209843253965,0.012854854085121254
846,96150000000.0,2.1868953789103527,0.012767468691406405
847,96175000000.0,2.1868716206361136,0.012680073335794408
848,96200000000.0,2.186849686757681,0.012592767335906328
849,96225000000.0,2.1868295507550384,0.012505647482162234
850,96250000000.0,2.186811182493804,0.01241880782916648
851,96275000000.0,2.1867945484393307,0.012332339496281694
852,96300000000.0,2.186779611817872,0.012246330454686592
853,96325000000.0,2.1867663328417715,0.012160865367506869
854,96350000000.0,2.1867546689118416,0.012076025405301557
855,96375000000.0,2.186744574813277,0.01199188809632017
856,96400000000.0,2.186736002956281,0.011908527170024115
857,96425000000.0,2.1867289035724657,0.011826012440330734
858,96450000000.0,2.1867232249575435,0.01174440966497464
859,96475000000.0,2.1867189136800587,0.01166378046174862
860,96500000000.0,2.1867159148138247,0.01158418219518089
861,96525000000.0,2.1867141721696077,0.011505667913261774
862,96550000000.0,2.1867136285127136,0.011428286260291937
863,96575000000.0,2.186714225783956,0.011352081438743826
864,96600000000.0,2.186715905340684,0.011277093172172112
865,96625000000.0,2.1867186081603647,0.011203356655714215
866,96650000000.0,2.1867222750645143,0.011130902566987604
867,96675000000.0,2.1867268469262524,0.011059757053586331
868,96700000000.0,2.1867322648934318,0.010989941740608584
869,96725000000.0,2.1867384705758908,0.010921473759905487
870,96750000000.0,2.186745406252885,0.010854365787407855
871,96775000000.0,2.1867530150590517,0.010788626092934694
872,96800000000.0,2.1867612411803363,0.010724258591889432
873,96825000000.0,2.18677003000874,0.010661262926418936
874,96850000000.0,2.1867793283363746,0.010599634541844987
875,96875000000.0,2.186789084502657,0.010539364789141043
876,96900000000.0,2.1867992485423793,0.010480441012733856
877,96925000000.0,2.1868097723468773,0.010422846688328795
878,96950000000.0,2.1868206097750846,0.010366561518518927
879,96975000000.0,2.186831716794571,0.010311561584501815
880,97000000000.0,2.1868430515810147,0.010257819482386849
881,97025000000.0,2.186854574635236,0.010205304472859871
882,97050000000.0,2.1868662488662842,0.010153982633557115
883,97075000000.0,2.1868780396752507,0.010103817021506771
884,97100000000.0,2.1868899150337064,0.010054767853194434
885,97125000000.0,2.186901845521546,0.010006792670770507
886,97150000000.0,2.1869138044105427,0.009959846527737841
887,97175000000.0,2.1869257676783898,0.009913882170857164
888,97200000000.0,2.1869377140399258,0.009868850240608998
889,97225000000.0,2.1869496249749307,0.009824699455725764
890,97250000000.0,2.186961484712974,0.009781376808077079
891,97275000000.0,2.186973280259473,0.009738827771959972
892,97300000000.0,2.186985001348829,0.009696996504130974
893,97325000000.0,2.1869966404431067,0.009655826039147709
894,97350000000.0,2.18700819268939,0.009615258499386506
895,97375000000.0,2.1870196558701824,0.00957523529924735
896,97400000000.0,2.187031030348852,0.0095356973448684
897,97425000000.0,2.1870423190234805,0.009496585240745344
898,97450000000.0,2.187053527232739,0.009457839488013252
899,97475000000.0,2.1870646626957213,0.009419400680883469
900,97500000000.0,2.187075735402455,0.009381209715672394
901,97525000000.0,2.187086757543366,0.0093432079638648
902,97550000000.0,2.187097743382853,0.009305337478816737
903,97575000000.0,2.1871087091722443,0.0092675411827106
904,97600000000.0,2.187119673014907,0.009229763023432522
905,97625000000.0,2.187130654770263,0.009191948182212459
906,97650000000.0,2.1871416758966733,0.009154043217211295
907,97675000000.0,2.187152759353236,0.009115996253784894
908,97700000000.0,2.1871639294442784,0.009077757113208778
909,97725000000.0,2.1871752116981416,0.009039277485031446
910,97750000000.0,2.1871866327107297,0.009000511076683546
911,97775000000.0,2.1871982200182063,0.008961413721937348
912,97800000000.0,2.187210001951828,0.008921943533884981
913,97825000000.0,2.1872220074829856,0.008882061023577303
914,97850000000.0,2.1872342660864814,0.008841729201677187
915,97875000000.0,2.1872468075978895,0.008800913696509937
916,97900000000.0,2.187259662062335,0.008759582839040126
917,97925000000.0,2.1872728595965523,0.008717707754541252
918,97950000000.0,2.187286430245297,0.008675262438020605
919,97975000000.0,2.1873004038432065,0.008632223823176976
920,98000000000.0,2.187314809875163,0.00858857184967732
921,98025000000.0,2.187329677347724,0.008544289495985754
922,98050000000.0,2.187345034657371,0.00849936283282098
923,98075000000.0,2.1873609094696493,0.008453781054787614
924,98100000000.0,2.1873773285876896,0.008407536492223587
925,98125000000.0,2.1873943178504867,0.0083606246361858
926,98150000000.0,2.187411902008636,0.008313044134267861
927,98175000000.0,2.187430104633024,0.008264796783165001
928,98200000000.0,2.1874489480092474,0.008215887515493398
929,98225000000.0,2.1874684530454966,0.008166324380906247
930,98250000000.0,2.187488639190061,0.008116118503051821
931,98275000000.0,2.1875095243575307,0.00806528404894829
932,98300000000.0,2.1875311248442846,0.008013838174293998
933,98325000000.0,2.187553455274858,0.007961800966903455
934,98350000000.0,2.1875765285509288,0.007909195368306107
935,98375000000.0,2.1876003557845705,0.007856047133649352
936,98400000000.0,2.1876249462764514,0.0078023847107811
937,98425000000.0,2.187650307476314,0.007748239183698727
938,98450000000.0,2.1876764449528925,0.007693644157448348
939,98475000000.0,2.187703362375685,0.007638635670842888
940,98500000000.0,2.1877310615202585,0.007583252086942944
941,98525000000.0,2.1877595422528,0.007527533975772669
942,98550000000.0,2.1877888025297416,0.007471523998995416
943,98575000000.0,2.1878188384321366,0.0074152667951392515
944,98600000000.0,2.187849644169902,0.0073588088394706905
945,98625000000.0,2.187881212118443,0.007302198318113144
946,98650000000.0,2.187913532841244,0.007245485001524774
947,98675000000.0,2.1879465951468995,0.007188720093680097
948,98700000000.0,2.1879803861286162,0.007131956098585498
949,98725000000.0,2.1880148912198,0.0070752466735700325
950,98750000000.0,2.188050094258582,0.007018646483835804
951,98775000000.0,2.188085977541624,0.006962211059417268
952,98800000000.0,2.1881225219125207,0.006905996639276054
953,98825000000.0,2.1881597068294463,0.0068500600265545605
954,98850000000.0,2.1881975104390805,0.0067944584367202005
955,98875000000.0,2.1882359096833137,0.006739249353299322
956,98900000000.0,2.188274880358988,0.00668449037026071
957,98925000000.0,2.1883143972406383,0.006630239043332319
958,98950000000.0,2.188354434155084,0.006576552749021906
959,98975000000.0,2.188394964083199,0.006523488537031698
960,99000000000.0,2.188435959274902,0.006471102972159205
961,99025000000.0,2.188477391337861,0.006419452018371422
962,99050000000.0,2.188519231343202,0.006368590872834572
963,99075000000.0,2.1885614499351544,0.00631857384333183
964,99100000000.0,2.1886040174379926,0.0062694542147094245
965,99125000000.0,2.188646903958469,0.006221284109252511
966,99150000000.0,2.188690079495128,0.0061741143737225465
967,99175000000.0,2.188733514036711,0.006127994449004001
968,99200000000.0,2.1887771776852447,0.0060829722498448565
969,99225000000.0,2.188821040733733,0.006039094055704802
970,99250000000.0,2.188865073795012,0.005996404408748152
971,99275000000.0,2.1889092478847454,0.005954945997032943
972,99300000000.0,2.188953534518041,0.005914759575334047
973,99325000000.0,2.1889979058140843,0.005875883851441127
974,99350000000.0,2.1890423345934646,0.0058383554115782966
975,99375000000.0,2.189086794447306,0.005802208647393463
976,99400000000.0,2.1891312598418624,0.005767475659564557
977,99425000000.0,2.1891757061857606,0.005734186214477731
978,99450000000.0,2.189220109924971,0.005702367661486721
979,99475000000.0,2.1892644485987547,0.005672044891563109
980,99500000000.0,2.189308700923359,0.005643240279305403
981,99525000000.0,2.1893528468489496,0.005615973643832612
982,99550000000.0,2.1893968676157454,0.0055902622078855685
983,99575000000.0,2.189440745823682,0.00556612058603242
984,99600000000.0,2.1894844654681624,0.005543560730167593
985,99625000000.0,2.189528011992429,0.005522591948393063
986,99650000000.0,2.1895713723201085,0.005503220870334328
987,99675000000.0,2.1896145349023746,0.005485451450905121
988,99700000000.0,2.189657489731434,0.00546928498227571
989,99725000000.0,2.1897002283757523,0.005454720097475054
990,99750000000.0,2.1897427439892443,0.005441752779451295
991,99775000000.0,2.189785031330476,0.005430376402815119
992,99800000000.0,2.1898270867688767,0.005420581749405552
993,99825000000.0,2.1898689082808285,0.00541235704390436
994,99850000000.0,2.1899104954530046,0.005405688003638048
995,99875000000.0,2.1899518494684957,0.005400557875268626
996,99900000000.0,2.18999297309362,0.0053969474983614155
997,99925000000.0,2.1900338706625515,0.005394835363082951
998,99950000000.0,2.1900745480440293,0.005394197657946849
999,99975000000.0,2.1901150126204505,0.0053950083640323995
1000,100000000000.0,2.1901552732517127,0.005397239310255703
1001,100025000000.0,2.1901953402349967,0.005400860266146884
1002,100050000000.0,2.1902352252632973,0.005405839009191926
1003,100075000000.0,2.190274941371255,0.005412141428671461
1004,100100000000.0,2.190314502898021,0.005419731604556434
1005,100125000000.0,2.1903539254162725,0.0054285719155190565
1006,100150000000.0,2.19039322568192,0.005438623127389307
1007,100175000000.0,2.190432421569612,0.005449844502213303
1008,100200000000.0,2.19047153200538,0.005462193904887719
1009,100225000000.0,2.1905105768971715,0.005475627898715207
1010,100250000000.0,2.190549577070485,0.005490101875592017
1011,100275000000.0,2.190588554174155,0.0055055701559218965
1012,100300000000.0,2.1906275306297966,0.005521986101376397
1013,100325000000.0,2.190666529528218,0.005539302243978942
1014,100350000000.0,2.1907055745629407,0.005557470393671314
1015,100375000000.0,2.190744689943798,0.0055764417553214474
1016,100400000000.0,2.190783900308908,0.005596167057616334
1017,100425000000.0,2.190823230643025,0.00561659666121629
1018,100450000000.0,2.1908627061887227,0.005637680689340818
1019,100475000000.0,2.1909023523594744,0.005659369139515586
1020,100500000000.0,2.1909421946518477,0.0056816120051649465
1021,100525000000.0,2.1909822585565557,0.005704359395967322
1022,100550000000.0,2.1910225694722243,0.0057275616462215935
1023,100575000000.0,2.1910631526146678,0.005751169446232565
1024,100600000000.0,2.1911040329306584,0.005775133941957686
1025,100625000000.0,2.191145235010873,0.005799406853588274
1026,100650000000.0,2.1911867830045595,0.00582394058000658
1027,100675000000.0,2.1912287005329927,0.0058486883132959355
1028,100700000000.0,2.1912710106067044,0.0058736041371158215
1029,100725000000.0,2.19131373554306,0.005898643135298176
1030,100750000000.0,2.191356896886952,0.005923761477606863
1031,100775000000.0,2.191400515330084,0.005948916531114824
1032,100800000000.0,2.1914446106369434,0.005974066937930055
1033,100825000000.0,2.19148920156974,0.005999172700856344
1034,100850000000.0,2.191534305815673,0.006024195277145352
1035,100875000000.0,2.191579939920218,0.006049097656191243
1036,100900000000.0,2.1916261192190465,0.0060738444164436965
1037,100925000000.0,2.191672857776703,0.006098401814775093
1038,100950000000.0,2.19172016832366,0.006122737837381435
1039,100975000000.0,2.191768062202604,0.0061468222699186705
1040,101000000000.0,2.1918165493129598,0.0061706267357325905
1041,101025000000.0,2.191865638060785,0.006194124766308905
1042,101050000000.0,2.1919153353144445,0.006217291815775313
1043,101075000000.0,2.191965646359286,0.006240105329308388
1044,101100000000.0,2.192016574860333,0.006262544748999174
1045,101125000000.0,2.1920681228261425,0.006284591562527008
1046,101150000000.0,2.1921202905792785,0.006306229295769107
1047,101175000000.0,2.1921730767281145,0.006327443559054113
1048,101200000000.0,2.1922264781437906,0.006348222032816681
1049,101225000000.0,2.192280489942315,0.0063685544760523315
1050,101250000000.0,2.1923351054693248,0.006388432731098357
1051,101275000000.0,2.192390316289394,0.006407850702747503
1052,101300000000.0,2.192446112180881,0.006426804353301191
1053,101325000000.0,2.1925024811327574,0.006445291671797938
1054,101350000000.0,2.1925594093478504,0.006463312658991288
1055,101375000000.0,2.192616881249403,0.006480869286324924
1056,101400000000.0,2.1926748794911988,0.006497965466113535
1057,101425000000.0,2.192733384973064,0.006514606991154089
1058,101450000000.0,2.192792376860636,0.006530801511613653
1059,101475000000.0,2.192851832607981,0.006546558463672558
1060,101500000000.0,2.1929117279849266,0.006561889006778957
1061,101525000000.0,2.1929720371096337,0.00657680597154382
1062,101550000000.0,2.1930327324840033,0.006591323789790133
1063,101575000000.0,2.1930937850318553,0.006605458411051242
1064,101600000000.0,2.1931551641437235,0.006619227231555947
1065,101625000000.0,2.1932168377228494,0.006632649007314871
1066,101650000000.0,2.193278772237327,0.006645743772931768
1067,101675000000.0,2.193340932773585,0.0066585327486845605
1068,101700000000.0,2.1934032830929544,0.006671038240158181
1069,101725000000.0,2.193465785695404,0.006683283554103504
1070,101750000000.0,2.193528401882596,0.006695292880558866
1071,101775000000.0,2.193591091824311,0.006707091206546446
1072,101800000000.0,2.1936538146314257,0.006718704197614419
1073,101825000000.0,2.1937165284264224,0.006730158091403481
1074,101850000000.0,2.1937791904218846,0.0067414795894232575
1075,101875000000.0,2.19384175699712,0.006752695747513715
1076,101900000000.0,2.193904183780788,0.006763833855678817
1077,101925000000.0,2.1939664257318445,0.00677492132088001
1078,101950000000.0,2.1940284372274492,0.006785985567324984
1079,101975000000.0,2.1940901721480848,0.006797053898119831
1080,102000000000.0,2.194151583967201,0.006808153391955332
1081,102025000000.0,2.194212625841361,0.006819310782629661
1082,102050000000.0,2.1942732507033202,0.006830552349529456
1083,102075000000.0,2.1943334113524005,0.006841903793304608
1084,102100000000.0,2.1943930605510404,0.006853390117732626
1085,102125000000.0,2.1944521511183064,0.006865035536074813
1086,102150000000.0,2.1945106360257207,0.006876863337952291
1087,102175000000.0,2.194568468492387,0.006888895797974691
1088,102200000000.0,2.1946256020848067,0.00690115405316451
1089,102225000000.0,2.1946819908033244,0.0069136580127672
1090,102250000000.0,2.194737589193001,0.0069264262496947365
1091,102275000000.0,2.194792352428096,0.0069394758996243035
1092,102300000000.0,2.1948462364045622,0.006952822581015678
1093,102325000000.0,2.194899197847189,0.006966480287094965
1094,102350000000.0,2.1949511943964644,0.006980461310779961
1095,102375000000.0,2.195002184690216,0.006994776159796216
1096,102400000000.0,2.1950521284784315,0.007009433486970273
1097,102425000000.0,2.195100986684596,0.007024440008015665
1098,102450000000.0,2.1951487215169223,0.007039800436863623
1099,102475000000.0,2.195195296536369,0.0070555174293820315
1100,102500000000.0,2.1952406767553203,0.007071591531600994
1101,102525000000.0,2.1952848287067197,0.0070880211216675345
1102,102550000000.0,2.1953277205240704,0.0071048023703423795
1103,102575000000.0,2.1953693220230592,0.0071219292102426765
1104,102600000000.0,2.1954096047725025,0.007139393294290352
1105,102625000000.0,2.1954485421532484,0.007157183987347361
1106,102650000000.0,2.19548610944648,0.007175288333849368
1107,102675000000.0,2.1955222838762207,0.00719369106465783
1108,102700000000.0,2.1955570446752595,0.007212374583369699
1109,102725000000.0,2.1955903731464192,0.00723131897172335
1110,102750000000.0,2.195622252703128,0.007250502010948494
1111,102775000000.0,2.195652668922935,0.0072698991953526705
1112,102800000000.0,2.1956816095970706,0.0072894837545296924
1113,102825000000.0,2.1957090647526463,0.007309226699552036
1114,102850000000.0,2.1957350267012674,0.007329096850767344
1115,102875000000.0,2.1957594900586863,0.007349060900966191
1116,102900000000.0,2.195782451781984,0.00736908345980055
1117,102925000000.0,2.1958039111654504,0.007389127125591984
1118,102950000000.0,2.1958238698899586,0.007409152551165141
1119,102975000000.0,2.1958423319936538,0.007429118525240285
1120,103000000000.0,2.195859303904454,0.007448982046152816
1121,103025000000.0,2.195874794433797,0.0074686984301865125
1122,103050000000.0,2.1958888147581543,0.0074882213964776265
1123,103075000000.0,2.1959013784171217,0.007507503175778895
1124,103100000000.0,2.1959125012983294,0.00752649462024835
1125,103125000000.0,2.1959222016069377,0.007545145313251948
1126,103150000000.0,2.195930499843275,0.0075634036961756655
1127,103175000000.0,2.1959374187692595,0.0075812172009333345
1128,103200000000.0,2.195942983367666,0.0075985323633562035
1129,103225000000.0,2.195947220797064,0.007615294981039883
1130,103250000000.0,2.195950160351649,0.007631450236067245
1131,103275000000.0,2.195951833383704,0.007646942846051077
1132,103300000000.0,2.195952273279272,0.007661717212977722
1133,103325000000.0,2.195951515357861,0.007675717570065473
1134,103350000000.0,2.195949596824785,0.007688888142257019
1135,103375000000.0,2.1959465566920873,0.007701173287473294
1136,103400000000.0,2.1959424356889183,0.007712517673968273
1137,103425000000.0,2.1959372762014997,0.007722866416590537
1138,103450000000.0,2.195931122150212,0.007732165253923636
1139,103475000000.0,2.195924018936025,0.007740360707578906
1140,103500000000.0,2.195916013313691,0.007747400227212877
1141,103525000000.0,2.195907153311448,0.0077532323594230405
1142,103550000000.0,2.195897488117056,0.00775780691474662
1143,103575000000.0,2.1958870679731413,0.007761075105686524
1144,103600000000.0,2.195875944075207,0.00776298971787024
1145,103625000000.0,2.195864168448971,0.007763505249355294
1146,103650000000.0,2.195851793847344,0.007762578071766804
1147,103675000000.0,2.195838873624421,0.007760166569219097
1148,103700000000.0,2.1958254616220847,0.007756231274128214
1149,103725000000.0,2.1958116120550604,0.007750735024154421
1150,103750000000.0,2.195797379376739,0.00774364307124143
1151,103775000000.0,2.1957828181709806,0.0077349232195213545
1152,103800000000.0,2.195767983027508,0.007724545950484245
1153,103825000000.0,2.195752928421665,0.007712484533593753
1154,103850000000.0,2.195737708582425,0.007698715134412259
1155,103875000000.0,2.1957223773810983,0.007683216911982216
1156,103900000000.0,2.1957069882176468,0.0076659721194555315
1157,103925000000.0,2.195691593889161,0.007646966190409546
1158,103950000000.0,2.19567624647616,0.007626187812843729
1159,103975000000.0,2.1956609972397194,0.0076036290020454625
1160,104000000000.0,2.1956458964936973,0.007579285156811918
1161,104025000000.0,2.1956309935096607,0.007553155125257573
1162,104050000000.0,2.1956163363941714,0.007525241227485588
1163,104075000000.0,2.1956019720090816,0.007495549311588745
1164,104100000000.0,2.1955879458469094,0.007464088758411906
1165,104125000000.0,2.195574301960167,0.00743087251097414
1166,104150000000.0,2.1955610828577883,0.007395917075983543
1167,104175000000.0,2.195548329419857,0.00735924251385611
1168,104200000000.0,2.1955360808197204,0.007320872432453614
1169,104225000000.0,2.1955243744516117,0.007280833952827252
1170,104250000000.0,2.1955132458605737,0.007239157691674395
1171,104275000000.0,2.1955027286697084,0.007195877700063473
1172,104300000000.0,2.195492854535599,0.007151031420818881
1173,104325000000.0,2.195483653084102,0.007104659621666501
1174,104350000000.0,2.1954751518761517,0.007056806325379286
1175,104375000000.0,2.195467376355561,0.007007518728686094
1176,104400000000.0,2.195460349831844,0.006956847101841866
1177,104425000000.0,2.195454093443656,0.006904844709719267
1178,104450000000.0,2.195448626138268,0.006851567683303882
1179,104475000000.0,2.195443964669395,0.0067970749210568395
1180,104500000000.0,2.1954401235825696,0.00674142794658943
1181,104525000000.0,2.1954371152277625,0.0066846907946777785
1182,104550000000.0,2.1954349497473378,0.00662692986513745
1183,104575000000.0,2.195433635114349,0.006568213781409129
1184,104600000000.0,2.1954331771466906,0.006508613225649494
1185,104625000000.0,2.195433579530559,0.006448200808645675
1186,104650000000.0,2.1954348438554847,0.006387050873552915
1187,104675000000.0,2.195436969672465,0.00632523936327833
1188,104700000000.0,2.195439954521627,0.006262843615131046
1189,104725000000.0,2.1954437940073146,0.006199942211126554
1190,104750000000.0,2.195448481842408,0.006136614783377665
1191,104775000000.0,2.195454009920257,0.006072941843292559
1192,104800000000.0,2.1954603684008607,0.006009004586156846
1193,104825000000.0,2.1954675457702493,0.005944884716631486
1194,104850000000.0,2.1954755289295917,0.005880664247302048
1195,104875000000.0,2.1954843032958857,0.005816425331906124
1196,104900000000.0,2.1954938528808765,0.005752250060546057
1197,104925000000.0,2.1955041603919856,0.00568822028015728
1198,104950000000.0,2.195515207347265,0.005624417405591625
1199,104975000000.0,2.1955269741572603,0.00556092224252976
1200,105000000000.0,2.1955394402594344,0.005497814802265966
1201,105025000000.0,2.1955525842181878,0.00543517411929113
1202,105050000000.0,2.195566383841692,0.005373078086208331
1203,105075000000.0,2.1955808162969057,0.005311603274306318
1204,105100000000.0,2.1955958582427386,0.005250824772562611
1205,105125000000.0,2.1956114859397657,0.0051908160224541115
1206,105150000000.0,2.195627675374863,0.00513164867293271
1207,105175000000.0,2.195644402396381,0.005073392412226397
1208,105200000000.0,2.1956616428315296,0.005016114849868955
1209,105225000000.0,2.1956793726127835,0.0049598813571729
1210,105250000000.0,2.1956975679064,0.004904754958036475
1211,105275000000.0,2.195716205238304,0.004850796202827713
1212,105300000000.0,2.1957352616208774,0.004798063050271886
1213,105325000000.0,2.1957547146715712,0.004746610773767777
1214,105350000000.0,2.195774542740641,0.0046964918619659575
1215,105375000000.0,2.195794725029507,0.004647755935202929
1216,105400000000.0,2.195815241715366,0.0046004496792818655
1217,105425000000.0,2.1958360740594487,0.004554616765262533
1218,105450000000.0,2.195857204522885,0.004510297803329559
1219,105475000000.0,2.195878616882557,0.004467530298306034
1220,105500000000.0,2.1959002963355387,0.004426348620643299
1221,105525000000.0,2.1959222295958023,0.0043867839691106685
1222,105550000000.0,2.1959444050047807,0.004348864362356895
1223,105575000000.0,2.1959668126200773,0.0043126146546734155
1224,105600000000.0,2.1959894443020214,0.004278056514167036
1225,105625000000.0,2.1960122938125672,0.004245208472932906
1226,105650000000.0,2.1960353568780118,0.00421408592682956
1227,105675000000.0,2.1960586312780066,0.004184701205138308
1228,105700000000.0,2.196082116904383,0.004157063599272136
1229,105725000000.0,2.196105815838989,0.004131179438880928
1230,105750000000.0,2.1961297323910447,0.004107052153013296
1231,105775000000.0,2.196153873168642,0.004084682355994568
1232,105800000000.0,2.1961782471036853,0.00406406794216474
1233,105825000000.0,2.196202865509145,0.004045204179615141
1234,105850000000.0,2.1962277420941367,0.004028083820923621
1235,105875000000.0,2.196252892995025,0.004012697222717982
1236,105900000000.0,2.196278336800184,0.003999032474556165
1237,105925000000.0,2.1963040945426617,0.003987075522994757
1238,105950000000.0,2.196330189715214,0.003976810323576583
1239,105975000000.0,2.196356648267859,0.003968218987408485
1240,106000000000.0,2.1963834985897965,0.003961281921277854
1241,106025000000.0,2.1964107714876158,0.003955978009767357
1242,106050000000.0,2.196438500165628,0.003952284763337262
1243,106075000000.0,2.1964667201923995,0.003950178494781072
1244,106100000000.0,2.1964954694487084,0.003949634494796927
1245,106125000000.0,2.1965247880949126,0.003950627203645428
1246,106150000000.0,2.196554718491184,0.003953130392465178
1247,106175000000.0,2.1965853051619693,0.003957117358307105
1248,106200000000.0,2.1966165947049965,0.003962561081429314
1249,106225000000.0,2.1966486357138324,0.003969434433630431
1250,106250000000.0,2.1966814787060667,0.003977710346269586
1251,106275000000.0,2.1967151760127863,0.003987362009456164
1252,106300000000.0,2.1967497817005857,0.003998363039253353
1253,106325000000.0,2.1967853514412266,0.004010687667533019
1254,106350000000.0,2.1968219424191195,0.004024310911702586
1255,106375000000.0,2.19685961320558,0.004039208757732946
1256,106400000000.0,2.1968984236328457,0.004055358324725553
1257,106425000000.0,2.1969384346600838,0.004072738031623412
1258,106450000000.0,2.1969797082448657,0.004091327757375114
1259,106475000000.0,2.1970223071913617,0.004111108989911012
1260,106500000000.0,2.1970662950119104,0.004132064992104101
1261,106525000000.0,2.1971117357616547,0.00415418090962922
1262,106550000000.0,2.197158693896181,0.004177443938550836
1263,106575000000.0,2.1972072340980566,0.004201843424707343
1264,106600000000.0,2.1972574211061118,0.004227370986924932
1265,106625000000.0,2.1973093195625646,0.004254020632565325
1266,106650000000.0,2.1973629938132726,0.004281788833846036
1267,106675000000.0,2.197418507753241,0.0043106746325123025
1268,106700000000.0,2.197475924625444,0.0043406797077052426
1269,106725000000.0,2.1975353068534487,0.004371808440184248
1270,106750000000.0,2.1975967158365544,0.0044040679622558395
1271,106775000000.0,2.1976602117674795,0.0044374682116877185
1272,106800000000.0,2.1977258534481647,0.004472021950846835
1273,106825000000.0,2.1977936980847,0.004507744785996625
1274,106850000000.0,2.19786380108864,0.0045446551830410934
1275,106875000000.0,2.197936215896056,0.004582774449370272
1276,106900000000.0,2.1980109937558234,0.004622126720065025
1277,106925000000.0,2.198088183535175,0.004662738929209025
1278,106950000000.0,2.1981678315235325,0.004704640771377496
1279,106975000000.0,2.198249981226075,0.004747864630378096
1280,107000000000.0,2.1983346731743496,0.004792445540856711
1281,107025000000.0,2.198421944715354,0.004838421075672485
1282,107050000000.0,2.198511829826292,0.004885831278209385
1283,107075000000.0,2.1986043589121507,0.004934718554811921
1284,107100000000.0,2.1986995585984976,0.0049851275586452895
1285,107125000000.0,2.198797451564336,0.005037105070485819
1286,107150000000.0,2.1988980563141562,0.005090699856227571
1287,107175000000.0,2.199001387018348,0.0051459625319628995
1288,107200000000.0,2.199107453304777,0.005202945398081959
1289,107225000000.0,2.19921626007334,0.00526170228012
1290,107250000000.0,2.1993278073296767,0.005322288364565777
1291,107275000000.0,2.1994420899761646,0.0053847599984481066
1292,107300000000.0,2.1995590976593884,0.005449174520023486
1293,107325000000.0,2.1996788145749817,0.005515590047073036
1294,107350000000.0,2.1998012193087884,0.0055840652809397845
1295,107375000000.0,2.199926284666927,0.00565465929779907
1296,107400000000.0,2.20005397751044,0.005727431330302432
1297,107425000000.0,2.2001842585851725,0.0058024405506095274
1298,107450000000.0,2.2003170823841938,0.005879745847809467
1299,107475000000.0,2.2004523969823615,0.005959405593941541
1300,107500000000.0,2.200590143894892,0.006041477422731602
1301,107525000000.0,2.20073025792624,0.006126017994806342
1302,107550000000.0,2.2008726670528747,0.006213082757938252
1303,107575000000.0,2.2010172922673394,0.006302725721151902
1304,107600000000.0,2.20116404746451,0.0063949992128579675
1305,107625000000.0,2.201312839315362,0.006489953652827597
1306,107650000000.0,2.2014635671539238,0.006587637312640147
1307,107675000000.0,2.2016161228701248,0.006688096090803397
1308,107700000000.0,2.201770390792792,0.0067913732873520274
1309,107725000000.0,2.2019262476109303,0.00689750936691179
1310,107750000000.0,2.202083562262994,0.0070065417494412285
1311,107775000000.0,2.2022421958662206,0.007118504590563918
1312,107800000000.0,2.2024020016361625,0.007233428569040952
1313,107825000000.0,2.2025628248144016,0.007351340677659805
1314,107850000000.0,2.2027245025988225,0.007472264040182619
1315,107875000000.0,2.2028868641027524,0.00759621769985856
1316,107900000000.0,2.203049730297767,0.007723216451818359
1317,107925000000.0,2.2032129139716665,0.007853270656876691
1318,107950000000.0,2.2033762197062887,0.007986386080329177
1319,107975000000.0,2.203539443846812,0.008122563725547052
1320,108000000000.0,2.2037023744916624,0.008261799707541767
1321,108025000000.0,2.2038647914791274,0.008404085082787371
1322,108050000000.0,2.2040264664200726,0.008549405753331211
1323,108075000000.0,2.2041871626695637,0.008697742324759594
1324,108100000000.0,2.2043466353844026,0.008849070022261051
1325,108125000000.0,2.204504631544008,0.0090033585835776
1326,108150000000.0,2.204660890003144,0.009160572176599676
1327,108175000000.0,2.204815141536157,0.009320669345052535
1328,108200000000.0,2.204967108912638,0.009483602932968306
1329,108225000000.0,2.2051165069799503,0.009649320050992493
1330,108250000000.0,2.205263042734982,0.00981776205251967
1331,108275000000.0,2.2054064154536515,0.009988864494430556
1332,108300000000.0,2.2055463167723683,0.010162557153398451
1333,108325000000.0,2.2056824308486096,0.010338764024799508
1334,108350000000.0,2.20581443446692,0.01051740334050394
1335,108375000000.0,2.20594199722607,0.010698387616545115
1336,108400000000.0,2.2060647816736543,0.010881623686422528
1337,108425000000.0,2.206182443498652,0.011067012780160222
1338,108450000000.0,2.206294631732223,0.011254450581663413
1339,108475000000.0,2.2064009889274985,0.011443827328547495
1340,108500000000.0,2.2065011514204342,0.011635027912048495
1341,108525000000.0,2.20659474951732,0.01182793198511472
1342,108550000000.0,2.206681407784914,0.012022414094632264
1343,108575000000.0,2.2067607452759783,0.012218343817314152
1344,108600000000.0,2.2068323758452806,0.012415585913690741
1345,108625000000.0,2.206895908400546,0.012614000487891559
1346,108650000000.0,2.2069509472422792,0.012813443162072264
1347,108675000000.0,2.2069970923549507,0.01301376526960512
1348,108700000000.0,2.207033939763934,0.013214814031862098
1349,108725000000.0,2.2070610818668333,0.013416432787885822
1350,108750000000.0,2.2070781077971984,0.013618461197671315
1351,108775000000.0,2.2070846038119125,0.0138207354712839
1352,108800000000.0,2.2070801536602254,0.014023088602460723
1353,108825000000.0,2.2070643389949574,0.014225350611099637
1354,108850000000.0,2.2070367397904302,0.014427348797193797
1355,108875000000.0,2.2069969347514125,0.014628907996711004
1356,108900000000.0,2.2069445017726896,0.01482985085475744
1357,108925000000.0,2.2068790183640847,0.015029998081816159
1358,108950000000.0,2.2068000621313404,0.015229168745988963
1359,108975000000.0,2.2067072112235406,0.015427180550317866
1360,109000000000.0,2.2066000448315752,0.015623850113660197
1361,109025000000.0,2.2064781436584457,0.01581899327647737
1362,109050000000.0,2.2063410904242997,0.01601242537521278
1363,109075000000.0,2.2061884703657793,0.016203961558179072
1364,109100000000.0,2.206019871743284,0.016393417069137037
1365,109125000000.0,2.2058348863455364,0.01658060755405303
1366,109150000000.0,2.2056331100292312,0.016765349367112426
1367,109175000000.0,2.2054141432170016,0.016947459852143996
1368,109200000000.0,2.2051775914336607,0.017126757669556632
1369,109225000000.0,2.2049230658314944,0.01730306307128872
1370,109250000000.0,2.2046501837091648,0.017476198208936575
1371,109275000000.0,2.2043585690344503,0.01764598742967026
1372,109300000000.0,2.2040478529822893,0.01781225756198301
1373,109325000000.0,2.2037176744360285,0.017974838205574252
1374,109350000000.0,2.2033676805132045,0.018133562020648857
1375,109375000000.0,2.2029975270697246,0.01828826499283858
1376,109400000000.0,2.2026068792121327,0.01843878671706205
1377,109425000000.0,2.2021954117824416,0.018584970670175144
1378,109450000000.0,2.2017628098502398,0.01872666444992738
1379,109475000000.0,2.2013087691853213,0.018863720058214118
1380,109500000000.0,2.2008329967336193,0.01899599411979965
1381,109525000000.0,2.2003352110534142,0.019123348143885718
1382,109550000000.0,2.1998151427683945,0.019245648739796454
1383,109575000000.0,2.199272534979591,0.01936276784459979
1384,109600000000.0,2.198707143684681,0.019474582931595312
1385,109625000000.0,2.1981187381627842,0.01958097722385779
1386,109650000000.0,2.19750710134531,0.019681839868577952
1387,109675000000.0,2.196872030177856,0.019777066139683268
1388,109700000000.0,2.196213335943032,0.01986655759770856
1389,109725000000.0,2.1955308445834314,0.01995022225350904
1390,109750000000.0,2.1948243969929155,0.02002797472296251
1391,109775000000.0,2.1940938492707853,0.02009973636205593
1392,109800000000.0,2.193339072988889,0.020165435393290142
1393,109825000000.0,2.1925599553973516,0.020225007027953417
1394,109850000000.0,2.191756399614341,0.02027839355615637
1395,109875000000.0,2.190928324819829,0.02032554445979437
1396,109900000000.0,2.1900756663905256,0.020366416465526782
1397,109925000000.0,2.1891983759997458,0.02040097363256152
1398,109950000000.0,2.188296421744287,0.02042918740502485
1399,109975000000.0,2.187369788186164,0.02045103663444896
1400,110000000000.0,2.186418476393176,0.020466507634206932
